baseline_LMSE,baseline_NCC,baseline_PSNR,baseline_SSIM,baseline_path,dLMSE,dNCC,dPSNR,dSSIM,dataset,input_path,ours_LMSE,ours_NCC,ours_PSNR,ours_SSIM,ours_path,sample,score,target_path
8.526464725193087,0.4397029821880527,19.132103261053498,0.49004438696917524,analysis_outputs/visual_example_search/raw_results/baseline_model/wild/87-m/baseline_model.png,-2.1242329821723596,0.345938076316465,3.8472554872901767,0.3825930355091191,wild,analysis_outputs/visual_example_search/raw_results/best_model/wild/87-m/m_input.png,6.402231743020727,0.7856410585045177,22.979358748343675,0.8726374224782943,analysis_outputs/visual_example_search/raw_results/best_model/wild/87-m/best_model.png,87-m,24.495696291402993,analysis_outputs/visual_example_search/raw_results/best_model/wild/87-m/t_label.png
6.761806064192422,0.8087609077794623,20.73788410473544,0.6237859856359428,analysis_outputs/visual_example_search/raw_results/baseline_model/wild/93-m/baseline_model.png,-3.1180455791787685,0.1698913826780295,9.810885858410575,0.30343027520451493,wild,analysis_outputs/visual_example_search/raw_results/best_model/wild/93-m/m_input.png,3.6437604850136536,0.9786522904574918,30.548769963146015,0.9272162608404577,analysis_outputs/visual_example_search/raw_results/best_model/wild/93-m/best_model.png,93-m,20.10333673320047,analysis_outputs/visual_example_search/raw_results/best_model/wild/93-m/t_label.png
15.993086013855505,0.8518018714736463,15.175874047183198,0.7040987886847794,analysis_outputs/visual_example_search/raw_results/baseline_model/wild/54-m/baseline_model.png,-5.080561555716086,0.14017093970117123,10.902780955785643,0.2587413491903957,wild,analysis_outputs/visual_example_search/raw_results/best_model/wild/54-m/m_input.png,10.91252445813942,0.9919728111748175,26.07865500296884,0.9628401378751751,analysis_outputs/visual_example_search/raw_results/best_model/wild/54-m/best_model.png,54-m,18.607067540884387,analysis_outputs/visual_example_search/raw_results/best_model/wild/54-m/t_label.png
4.2301936075947495,0.7702003402815849,22.516786406777133,0.7126377720703685,analysis_outputs/visual_example_search/raw_results/baseline_model/wild/95-m/baseline_model.png,-0.922713918256445,0.1737445275821511,6.662190302423877,0.2291046032943288,wild,analysis_outputs/visual_example_search/raw_results/best_model/wild/95-m/m_input.png,3.3074796893383045,0.943944867863736,29.17897670920101,0.9417423753646973,analysis_outputs/visual_example_search/raw_results/best_model/wild/95-m/best_model.png,95-m,17.291958372719957,analysis_outputs/visual_example_search/raw_results/best_model/wild/95-m/t_label.png
1.8933598974354282,0.9421484831889045,28.863175319073367,0.623010242682667,analysis_outputs/visual_example_search/raw_results/baseline_model/wild/86s-m/baseline_model.png,-0.08869564045129574,0.018550060745667563,3.4308913583325342,0.33205484368568694,wild,analysis_outputs/visual_example_search/raw_results/best_model/wild/86s-m/m_input.png,1.8046642569841325,0.9606985439345721,32.2940666774059,0.955065086368354,analysis_outputs/visual_example_search/raw_results/best_model/wild/86s-m/best_model.png,86s-m,14.908753063561374,analysis_outputs/visual_example_search/raw_results/best_model/wild/86s-m/t_label.png
8.169549303956348,0.8822647509050404,17.80809344033777,0.8499645296682955,analysis_outputs/visual_example_search/raw_results/baseline_model/real20/103/baseline_model.png,-2.408319789393027,0.07666868269057892,4.923912915576256,0.056264487803645014,real20,analysis_outputs/visual_example_search/raw_results/best_model/real20/103/m_input.png,5.761229514563321,0.9589334335956193,22.732006355914027,0.9062290174719405,analysis_outputs/visual_example_search/raw_results/best_model/real20/103/best_model.png,103,9.964633567547683,analysis_outputs/visual_example_search/raw_results/best_model/real20/103/t_label.png
1.9920375984132461,0.8290153232377869,27.23423222721007,0.8869401700842988,analysis_outputs/visual_example_search/raw_results/baseline_model/wild/58s-m/baseline_model.png,-0.24498673089434897,0.07190009732625313,4.237467089259706,0.06985945152099926,wild,analysis_outputs/visual_example_search/raw_results/best_model/wild/58s-m/m_input.png,1.7470508675188972,0.9009154205640401,31.471699316469778,0.9567996216052981,analysis_outputs/visual_example_search/raw_results/best_model/wild/58s-m/best_model.png,58s-m,9.956477750934546,analysis_outputs/visual_example_search/raw_results/best_model/wild/58s-m/t_label.png
1508.479982553877,0.951843716792517,23.079369124539756,0.9310415262956434,analysis_outputs/visual_example_search/raw_results/baseline_model/wild/100-m/baseline_model.png,-808.8560133083914,0.04183618577193682,8.372811684023258,0.03596271563136111,wild,analysis_outputs/visual_example_search/raw_results/best_model/wild/100-m/m_input.png,699.6239692454857,0.9936799025644538,31.452180808563014,0.9670042419270045,analysis_outputs/visual_example_search/raw_results/best_model/wild/100-m/best_model.png,100-m,9.7359097630902,analysis_outputs/visual_example_search/raw_results/best_model/wild/100-m/t_label.png
2338.8881778794303,0.9720769303196001,19.056249284835005,0.8815937903024048,analysis_outputs/visual_example_search/raw_results/baseline_model/postcard/ea-5-m-11/baseline_model.png,-2174.335721810581,0.009724897210846128,6.740309868943445,0.054911423516442515,postcard,analysis_outputs/visual_example_search/raw_results/best_model/postcard/ea-5-m-11/m_input.png,164.55245606884887,0.9818018275304462,25.79655915377845,0.9365052138188473,analysis_outputs/visual_example_search/raw_results/best_model/postcard/ea-5-m-11/best_model.png,ea-5-m-11,8.862677974496698,analysis_outputs/visual_example_search/raw_results/best_model/postcard/ea-5-m-11/t_label.png
2929.892720344502,0.9729909511666244,20.148548039060326,0.8854455643526858,analysis_outputs/visual_example_search/raw_results/baseline_model/postcard/ea-5-m-13/baseline_model.png,-2874.532047017494,0.008953724859717571,6.793500704786627,0.05066014181127976,postcard,analysis_outputs/visual_example_search/raw_results/best_model/postcard/ea-5-m-13/m_input.png,55.360673327007945,0.981944676026342,26.942048743846954,0.9361057061639656,analysis_outputs/visual_example_search/raw_results/best_model/postcard/ea-5-m-13/best_model.png,ea-5-m-13,8.754846901703809,analysis_outputs/visual_example_search/raw_results/best_model/postcard/ea-5-m-13/t_label.png
2133.3312036861157,0.9716260548618921,19.85503308442215,0.8808294997861661,analysis_outputs/visual_example_search/raw_results/baseline_model/postcard/ea-5-m-16/baseline_model.png,-2050.82552409549,0.00891588235242724,6.760649898675467,0.051037044805296805,postcard,analysis_outputs/visual_example_search/raw_results/best_model/postcard/ea-5-m-16/m_input.png,82.50567959062569,0.9805419372143194,26.615682983097617,0.9318665445914629,analysis_outputs/visual_example_search/raw_results/best_model/postcard/ea-5-m-16/best_model.png,ea-5-m-16,8.752373145168256,analysis_outputs/visual_example_search/raw_results/best_model/postcard/ea-5-m-16/t_label.png
5.918745193102969,0.7568539138671441,21.737858278197994,0.7708043123893474,analysis_outputs/visual_example_search/raw_results/baseline_model/wild/2-m/baseline_model.png,-2.2584450307198995,0.11754827461888206,1.9042919894142614,0.005649414237011374,wild,analysis_outputs/visual_example_search/raw_results/best_model/wild/2-m/m_input.png,3.660300162383069,0.8744021884860261,23.642150267612255,0.7764537266263588,analysis_outputs/visual_example_search/raw_results/best_model/wild/2-m/best_model.png,2-m,8.714706217868756,analysis_outputs/visual_example_search/raw_results/best_model/wild/2-m/t_label.png
1752.5947850661194,0.967888624795787,20.087911721930087,0.8544605045645876,analysis_outputs/visual_example_search/raw_results/baseline_model/postcard/ea-5-m-22/baseline_model.png,-1690.9308134365774,0.009146362996405477,6.460954457667114,0.050580165614122374,postcard,analysis_outputs/visual_example_search/raw_results/best_model/postcard/ea-5-m-22/m_input.png,61.66397162954185,0.9770349877921924,26.5488661795972,0.9050406701787099,analysis_outputs/visual_example_search/raw_results/best_model/postcard/ea-5-m-22/best_model.png,ea-5-m-22,8.646814701152234,analysis_outputs/visual_example_search/raw_results/best_model/postcard/ea-5-m-22/t_label.png
2885.354140755774,0.9695327681462355,19.26851853120783,0.8605601489781759,analysis_outputs/visual_example_search/raw_results/baseline_model/postcard/ea-10-m-3/baseline_model.png,-2826.766491164214,0.006360748828833418,6.402807401752529,0.05202223356055147,postcard,analysis_outputs/visual_example_search/raw_results/best_model/postcard/ea-10-m-3/m_input.png,58.587649591559796,0.9758935169750689,25.67132593296036,0.9125823825387274,analysis_outputs/visual_example_search/raw_results/best_model/postcard/ea-10-m-3/best_model.png,ea-10-m-3,8.593843693652133,analysis_outputs/visual_example_search/raw_results/best_model/postcard/ea-10-m-3/t_label.png
3437.3071400808726,0.964633482637254,19.868119372145998,0.8530294172713627,analysis_outputs/visual_example_search/raw_results/baseline_model/postcard/ea-3-m-32/baseline_model.png,-3348.356577703591,0.008768923466080492,6.26541239698221,0.04878058764815196,postcard,analysis_outputs/visual_example_search/raw_results/best_model/postcard/ea-3-m-32/m_input.png,88.95056237728181,0.9734024061033345,26.133531769128208,0.9018100049195147,analysis_outputs/visual_example_search/raw_results/best_model/postcard/ea-3-m-32/best_model.png,ea-3-m-32,8.527208576849882,analysis_outputs/visual_example_search/raw_results/best_model/postcard/ea-3-m-32/t_label.png
915.8623075955921,0.9672629965992713,19.762624084760763,0.8668652625021779,analysis_outputs/visual_example_search/raw_results/baseline_model/postcard/ea-5-m-32/baseline_model.png,-782.0755051684212,0.00785864827138516,6.448202271806785,0.046611816566987097,postcard,analysis_outputs/visual_example_search/raw_results/best_model/postcard/ea-5-m-32/m_input.png,133.78680242717104,0.9751216448706564,26.210826356567548,0.913477079069165,analysis_outputs/visual_example_search/raw_results/best_model/postcard/ea-5-m-32/best_model.png,ea-5-m-32,8.511162378228235,analysis_outputs/visual_example_search/raw_results/best_model/postcard/ea-5-m-32/t_label.png
3018.0244329749735,0.9598041436454932,23.06499507655381,0.8404266425174262,analysis_outputs/visual_example_search/raw_results/baseline_model/postcard/ba-5-m-22/baseline_model.png,-1862.6619991320993,0.020892747737416673,3.7732180365491033,0.06906933129252901,postcard,analysis_outputs/visual_example_search/raw_results/best_model/postcard/ba-5-m-22/m_input.png,1155.3624338428742,0.9806968913829098,26.838213113102913,0.9094959738099552,analysis_outputs/visual_example_search/raw_results/best_model/postcard/ba-5-m-22/best_model.png,ba-5-m-22,8.506791321265009,analysis_outputs/visual_example_search/raw_results/best_model/postcard/ba-5-m-22/t_label.png
67.7727383620282,0.9977190211597229,30.842203934411387,0.9568290483826994,analysis_outputs/visual_example_search/raw_results/baseline_model/wild/52s-m/baseline_model.png,-22.92590541664734,0.0015861541359692977,8.392113176893965,0.024603017325010468,wild,analysis_outputs/visual_example_search/raw_results/best_model/wild/52s-m/m_input.png,44.84683294538087,0.9993051752956922,39.23431711130535,0.9814320657077099,analysis_outputs/visual_example_search/raw_results/best_model/wild/52s-m/best_model.png,52s-m,8.45210034548915,analysis_outputs/visual_example_search/raw_results/best_model/wild/52s-m/t_label.png
3409.4039514978776,0.9712211651066627,20.941607149225863,0.8808263753917592,analysis_outputs/visual_example_search/raw_results/baseline_model/postcard/ea-5-m-19/baseline_model.png,-3354.2772256059334,0.008345906209851206,6.082903189478696,0.0461659732521148,postcard,analysis_outputs/visual_example_search/raw_results/best_model/postcard/ea-5-m-19/m_input.png,55.12672589194419,0.9795670713165139,27.02451033870456,0.926992348643874,analysis_outputs/visual_example_search/raw_results/best_model/postcard/ea-5-m-19/best_model.png,ea-5-m-19,8.39043138304205,analysis_outputs/visual_example_search/raw_results/best_model/postcard/ea-5-m-19/t_label.png
6838.533520967773,0.9898786273223421,23.111659994312333,0.9374402755097176,analysis_outputs/visual_example_search/raw_results/baseline_model/wild/53s-m/baseline_model.png,-6523.3851985776,0.0061512778320348405,6.219633799141416,0.03936522495750616,wild,analysis_outputs/visual_example_search/raw_results/best_model/wild/53s-m/m_input.png,315.1483223901735,0.996029905154377,29.33129379345375,0.9768055004672238,analysis_outputs/visual_example_search/raw_results/best_model/wild/53s-m/best_model.png,53s-m,8.211123836118997,analysis_outputs/visual_example_search/raw_results/best_model/wild/53s-m/t_label.png
2056.482806948671,0.9691041242299041,21.039012366558627,0.8737218424858214,analysis_outputs/visual_example_search/raw_results/baseline_model/postcard/ea-5-m-27/baseline_model.png,-2001.2737186524419,0.0075777543270606484,5.681749004353755,0.043990281975458956,postcard,analysis_outputs/visual_example_search/raw_results/best_model/postcard/ea-5-m-27/m_input.png,55.20908829622921,0.9766818785569648,26.72076137091238,0.9177121244612804,analysis_outputs/visual_example_search/raw_results/best_model/postcard/ea-5-m-27/best_model.png,ea-5-m-27,8.183117242347574,analysis_outputs/visual_example_search/raw_results/best_model/postcard/ea-5-m-27/t_label.png
6.4600927071662495,0.91298464311833,21.64228209618928,0.7830971598045805,analysis_outputs/visual_example_search/raw_results/baseline_model/wild/1-m/baseline_model.png,-0.6141485508926703,0.05777255827813066,3.9428265209570057,0.010718796288154198,wild,analysis_outputs/visual_example_search/raw_results/best_model/wild/1-m/m_input.png,5.845944156273579,0.9707572013964607,25.585108617146286,0.7938159560927347,analysis_outputs/visual_example_search/raw_results/best_model/wild/1-m/best_model.png,1-m,8.02655937114279,analysis_outputs/visual_example_search/raw_results/best_model/wild/1-m/t_label.png
51.62761021669417,0.9864682839134988,29.83390949498649,0.9373857805768727,analysis_outputs/visual_example_search/raw_results/baseline_model/wild/80-m/baseline_model.png,-10.100968750469129,0.010592402464412842,5.678338539982452,0.02624578624424978,wild,analysis_outputs/visual_example_search/raw_results/best_model/wild/80-m/m_input.png,41.526641466225044,0.9970606863779117,35.51224803496894,0.9636315668211225,analysis_outputs/visual_example_search/raw_results/best_model/wild/80-m/best_model.png,80-m,7.81373423104405,analysis_outputs/visual_example_search/raw_results/best_model/wild/80-m/t_label.png
182.1606370485295,0.9878979775035078,24.450875057638555,0.9552602886275917,analysis_outputs/visual_example_search/raw_results/baseline_model/wild/14-m/baseline_model.png,-77.74401435120832,0.007712069412173284,7.048562398677088,0.0077848671260432045,wild,analysis_outputs/visual_example_search/raw_results/best_model/wild/14-m/m_input.png,104.41662269732119,0.9956100469156811,31.499437456315643,0.9630451557536349,analysis_outputs/visual_example_search/raw_results/best_model/wild/14-m/best_model.png,14-m,7.736944213014442,analysis_outputs/visual_example_search/raw_results/best_model/wild/14-m/t_label.png
3784.8972723144743,0.9678814487891664,24.135260618864123,0.8699003604301329,analysis_outputs/visual_example_search/raw_results/baseline_model/postcard/ba-5-m-19/baseline_model.png,-2165.9480452542657,0.015144972690289249,2.997553037734974,0.04931547826776084,postcard,analysis_outputs/visual_example_search/raw_results/best_model/postcard/ba-5-m-19/m_input.png,1618.9492270602086,0.9830264214794556,27.132813656599097,0.9192158386978937,analysis_outputs/visual_example_search/raw_results/best_model/postcard/ba-5-m-19/best_model.png,ba-5-m-19,7.61069561986291,analysis_outputs/visual_example_search/raw_results/best_model/postcard/ba-5-m-19/t_label.png
3.4825199113095677,0.9681928961384793,22.295994023884088,0.9115315314652608,analysis_outputs/visual_example_search/raw_results/baseline_model/ceilnet_table2/2008_003049/baseline_model.png,-1.4803902018387958,0.014972523511052938,3.2600392708762698,0.03299021726479168,ceilnet_table2,analysis_outputs/visual_example_search/raw_results/best_model/ceilnet_table2/2008_003049/m_input.png,2.002129709470772,0.9831654196495322,25.556033294760358,0.9445217487300525,analysis_outputs/visual_example_search/raw_results/best_model/ceilnet_table2/2008_003049/best_model.png,2008_003049,7.285748276354871,analysis_outputs/visual_example_search/raw_results/best_model/ceilnet_table2/2008_003049/t_label.png
2.9715849856715915,0.9327411737029146,23.05164481421367,0.8555053551758194,analysis_outputs/visual_example_search/raw_results/baseline_model/ceilnet_table2/2008_003772/baseline_model.png,-0.46433304413358245,0.009702242769100367,3.127241940207142,0.03834182519246554,ceilnet_table2,analysis_outputs/visual_example_search/raw_results/best_model/ceilnet_table2/2008_003772/m_input.png,2.507251941538009,0.942443416472015,26.178886754420812,0.8938471803682849,analysis_outputs/visual_example_search/raw_results/best_model/ceilnet_table2/2008_003772/best_model.png,2008_003772,7.243515679108195,analysis_outputs/visual_example_search/raw_results/best_model/ceilnet_table2/2008_003772/t_label.png
2.6383696640995407,0.9571663378136692,22.88259974297975,0.873706688980103,analysis_outputs/visual_example_search/raw_results/baseline_model/ceilnet_table2/2008_002728/baseline_model.png,-0.9900881803825761,0.010472859394196177,2.9202482232774223,0.039360628727898694,ceilnet_table2,analysis_outputs/visual_example_search/raw_results/best_model/ceilnet_table2/2008_002728/m_input.png,1.6482814837169646,0.9676391972078654,25.802847966257172,0.9130673177080016,analysis_outputs/visual_example_search/raw_results/best_model/ceilnet_table2/2008_002728/best_model.png,2008_002728,7.219253277478179,analysis_outputs/visual_example_search/raw_results/best_model/ceilnet_table2/2008_002728/t_label.png
28.180308640773926,0.9963508074077739,27.086576419654573,0.9316241679491579,analysis_outputs/visual_example_search/raw_results/baseline_model/wild/72-m/baseline_model.png,-1.9330423781970758,0.0019612975359684093,3.1817575238575735,0.03381522188614261,wild,analysis_outputs/visual_example_search/raw_results/best_model/wild/72-m/m_input.png,26.24726626257685,0.9983121049437423,30.268333943512147,0.9654393898353005,analysis_outputs/visual_example_search/raw_results/best_model/wild/72-m/best_model.png,72-m,6.954998826838633,analysis_outputs/visual_example_search/raw_results/best_model/wild/72-m/t_label.png
3575.811247779963,0.8613455854138284,19.863093923902085,0.8244639952365799,analysis_outputs/visual_example_search/raw_results/baseline_model/wild/91-m/baseline_model.png,-3320.1285058855706,0.02602892523020872,0.674615713687345,0.03876638933798893,wild,analysis_outputs/visual_example_search/raw_results/best_model/wild/91-m/m_input.png,255.68274189439245,0.8873745106440372,20.53770963758943,0.8632303845745688,analysis_outputs/visual_example_search/raw_results/best_model/wild/91-m/best_model.png,91-m,6.844754768767389,analysis_outputs/visual_example_search/raw_results/best_model/wild/91-m/t_label.png
4904.147323810657,0.9728774570654065,24.27126869264248,0.8992582377483495,analysis_outputs/visual_example_search/raw_results/baseline_model/postcard/ba-5-m-16/baseline_model.png,-3017.286851980276,0.009912333486899572,2.708339150222031,0.02446258565963977,postcard,analysis_outputs/visual_example_search/raw_results/best_model/postcard/ba-5-m-16/m_input.png,1886.8604718303811,0.9827897905523061,26.97960784286451,0.9237208234079892,analysis_outputs/visual_example_search/raw_results/best_model/postcard/ba-5-m-16/best_model.png,ba-5-m-16,6.76215269540416,analysis_outputs/visual_example_search/raw_results/best_model/postcard/ba-5-m-16/t_label.png
10.990168004116843,0.9808404915016461,25.74345818405179,0.8824222745397995,analysis_outputs/visual_example_search/raw_results/baseline_model/ceilnet_table2/2009_004625/baseline_model.png,-2.397794563887773,0.006914931758205567,2.360258902155035,0.02996318646247076,ceilnet_table2,analysis_outputs/visual_example_search/raw_results/best_model/ceilnet_table2/2009_004625/m_input.png,8.59237344022907,0.9877554232598517,28.103717086206824,0.9123854610022702,analysis_outputs/visual_example_search/raw_results/best_model/ceilnet_table2/2009_004625/best_model.png,2009_004625,6.7087059229019195,analysis_outputs/visual_example_search/raw_results/best_model/ceilnet_table2/2009_004625/t_label.png
2994.785775210101,0.9754686238810715,24.265890068223708,0.9140872948034002,analysis_outputs/visual_example_search/raw_results/baseline_model/postcard/ba-5-m-13/baseline_model.png,-1103.8345272835052,0.008886139967761886,2.4635043355506667,0.015896898087619404,postcard,analysis_outputs/visual_example_search/raw_results/best_model/postcard/ba-5-m-13/m_input.png,1890.9512479265957,0.9843547638488334,26.729394403774375,0.9299841928910196,analysis_outputs/visual_example_search/raw_results/best_model/postcard/ba-5-m-13/best_model.png,ba-5-m-13,6.440744063234755,analysis_outputs/visual_example_search/raw_results/best_model/postcard/ba-5-m-13/t_label.png
173.51498363751497,0.9307648798939573,22.213192956214257,0.8684902322916125,analysis_outputs/visual_example_search/raw_results/baseline_model/ceilnet_table2/2010_005426/baseline_model.png,-68.08615423481176,0.016945691649802974,1.6916170875373417,0.017361596156548975,ceilnet_table2,analysis_outputs/visual_example_search/raw_results/best_model/ceilnet_table2/2010_005426/m_input.png,105.42882940270322,0.9477105715437603,23.9048100437516,0.8858518284481615,analysis_outputs/visual_example_search/raw_results/best_model/ceilnet_table2/2010_005426/best_model.png,2010_005426,6.4215545576712465,analysis_outputs/visual_example_search/raw_results/best_model/ceilnet_table2/2010_005426/t_label.png
394.4987486150006,0.900495327541924,22.46994511817904,0.9130026987466744,analysis_outputs/visual_example_search/raw_results/baseline_model/real20/89/baseline_model.png,-299.92407884774445,0.04955922564503834,0.29563989891858355,0.003359823898407499,real20,analysis_outputs/visual_example_search/raw_results/best_model/real20/89/m_input.png,94.57466976725615,0.9500545531869623,22.765585017097624,0.9163625226450819,analysis_outputs/visual_example_search/raw_results/best_model/real20/89/best_model.png,89,6.421522871559008,analysis_outputs/visual_example_search/raw_results/best_model/real20/89/t_label.png
15.492530046129836,0.9742556448890826,23.121334467588337,0.941242739227146,analysis_outputs/visual_example_search/raw_results/baseline_model/ceilnet_table2/2012_000071/baseline_model.png,-0.7857759974110614,0.009507213948526716,2.8307293145653603,0.007899135623136821,ceilnet_table2,analysis_outputs/visual_example_search/raw_results/best_model/ceilnet_table2/2012_000071/m_input.png,14.706754048718775,0.9837628588376093,25.952063782153697,0.9491418748502828,analysis_outputs/visual_example_search/raw_results/best_model/ceilnet_table2/2012_000071/best_model.png,2012_000071,6.378735177480042,analysis_outputs/visual_example_search/raw_results/best_model/ceilnet_table2/2012_000071/t_label.png
4274.25129003943,0.9764453421183181,23.061712730473147,0.9218902638283696,analysis_outputs/visual_example_search/raw_results/baseline_model/postcard/ba-5-m-11/baseline_model.png,-2051.088175265775,0.0063948650748433256,2.8711505106672526,0.010276980909501021,postcard,analysis_outputs/visual_example_search/raw_results/best_model/postcard/ba-5-m-11/m_input.png,2223.1631147736553,0.9828402071931615,25.9328632411404,0.9321672447378706,analysis_outputs/visual_example_search/raw_results/best_model/postcard/ba-5-m-11/best_model.png,ba-5-m-11,6.373846319831026,analysis_outputs/visual_example_search/raw_results/best_model/postcard/ba-5-m-11/t_label.png
12.00594838961133,0.9959952994511189,32.14017535919342,0.9492106887216352,analysis_outputs/visual_example_search/raw_results/baseline_model/ceilnet_table2/2009_002388/baseline_model.png,-6.541388088276511,0.002051856800862506,2.9209297838309283,0.013528380003753782,ceilnet_table2,analysis_outputs/visual_example_search/raw_results/best_model/ceilnet_table2/2009_002388/m_input.png,5.464560301334819,0.9980471562519814,35.06110514302435,0.962739068725389,analysis_outputs/visual_example_search/raw_results/best_model/ceilnet_table2/2009_002388/best_model.png,2009_002388,6.363149181392384,analysis_outputs/visual_example_search/raw_results/best_model/ceilnet_table2/2009_002388/t_label.png
70.27720604332978,0.9473674208764526,22.582951813663485,0.9215749450011567,analysis_outputs/visual_example_search/raw_results/baseline_model/wild/13-m/baseline_model.png,-36.3155242179621,0.015644350468468793,2.500851313694138,0.004431535841296297,wild,analysis_outputs/visual_example_search/raw_results/best_model/wild/13-m/m_input.png,33.961681825367684,0.9630117713449214,25.083803127357623,0.926006480842453,analysis_outputs/visual_example_search/raw_results/best_model/wild/13-m/best_model.png,13-m,6.335514262308839,analysis_outputs/visual_example_search/raw_results/best_model/wild/13-m/t_label.png
210.77629893486608,0.9790232106977156,27.458050638450974,0.9693109696999954,analysis_outputs/visual_example_search/raw_results/baseline_model/ceilnet_table2/2010_004460/baseline_model.png,-152.14830646614274,0.007654343639505012,2.712538884721859,0.006852195236172198,ceilnet_table2,analysis_outputs/visual_example_search/raw_results/best_model/ceilnet_table2/2010_004460/m_input.png,58.62799246872332,0.9866775543372206,30.170589523172833,0.9761631649361676,analysis_outputs/visual_example_search/raw_results/best_model/ceilnet_table2/2010_004460/best_model.png,2010_004460,6.26684310013255,analysis_outputs/visual_example_search/raw_results/best_model/ceilnet_table2/2010_004460/t_label.png
48298.31958389227,0.9752003134757459,23.872130464205082,0.9336902273684621,analysis_outputs/visual_example_search/raw_results/baseline_model/wild/34-m/baseline_model.png,-48158.48291333831,0.008341963094818272,2.5480541414797138,0.007871865179351234,wild,analysis_outputs/visual_example_search/raw_results/best_model/wild/34-m/m_input.png,139.8366705539619,0.9835422765705641,26.420184605684796,0.9415620925478133,analysis_outputs/visual_example_search/raw_results/best_model/wild/34-m/best_model.png,34-m,6.254697087347475,analysis_outputs/visual_example_search/raw_results/best_model/wild/34-m/t_label.png
1254.3249901753732,0.996283055124247,31.338673594298427,0.9367278434296544,analysis_outputs/visual_example_search/raw_results/baseline_model/wild/69-m/baseline_model.png,-899.3349878602503,0.0012038049905400694,1.6251942717186907,0.02716683106779938,wild,analysis_outputs/visual_example_search/raw_results/best_model/wild/69-m/m_input.png,354.99000231512287,0.997486860114787,32.96386786601712,0.9638946744974538,analysis_outputs/visual_example_search/raw_results/best_model/wild/69-m/best_model.png,69-m,6.250997325364716,analysis_outputs/visual_example_search/raw_results/best_model/wild/69-m/t_label.png
17.792265380213568,0.988376391743846,27.525792478570278,0.9332694413552508,analysis_outputs/visual_example_search/raw_results/baseline_model/ceilnet_table2/2010_001638/baseline_model.png,-2.1236918385084707,0.003914333199201869,2.53100295815932,0.012127820972399173,ceilnet_table2,analysis_outputs/visual_example_search/raw_results/best_model/ceilnet_table2/2010_001638/m_input.png,15.668573541705097,0.9922907249430478,30.056795436729598,0.94539726232765,analysis_outputs/visual_example_search/raw_results/best_model/ceilnet_table2/2010_001638/best_model.png,2010_001638,6.2447215070098,analysis_outputs/visual_example_search/raw_results/best_model/ceilnet_table2/2010_001638/t_label.png
16.647643960463864,0.2648733503147372,16.611575108015398,0.6512757754358978,analysis_outputs/visual_example_search/raw_results/baseline_model/real20/15/baseline_model.png,-1.116630822985817,0.02943075225677233,0.3703571807710091,0.015155459753304013,real20,analysis_outputs/visual_example_search/raw_results/best_model/real20/15/m_input.png,15.531013137478046,0.2943041025715095,16.981932288786407,0.6664312351892018,analysis_outputs/visual_example_search/raw_results/best_model/real20/15/best_model.png,15,6.238107693842245,analysis_outputs/visual_example_search/raw_results/best_model/real20/15/t_label.png
7.194131310294859,0.882928775262711,22.497094004199287,0.7844619702801608,analysis_outputs/visual_example_search/raw_results/baseline_model/real20/4/baseline_model.png,-1.1677740524203655,0.028364005710287743,0.7633562233969613,0.008668311113176785,real20,analysis_outputs/visual_example_search/raw_results/best_model/real20/4/m_input.png,6.026357257874493,0.9112927809729987,23.260450227596248,0.7931302813933376,analysis_outputs/visual_example_search/raw_results/best_model/real20/4/best_model.png,4,6.180259995052267,analysis_outputs/visual_example_search/raw_results/best_model/real20/4/t_label.png
7.638193910575743,0.9886867675740253,27.23740378214327,0.969050528187485,analysis_outputs/visual_example_search/raw_results/baseline_model/ceilnet_table2/2012_002979/baseline_model.png,-0.2337565752018662,0.005038087131621127,2.5140514177561535,0.007436429830769753,ceilnet_table2,analysis_outputs/visual_example_search/raw_results/best_model/ceilnet_table2/2012_002979/m_input.png,7.404437335373877,0.9937248547056464,29.751455199899425,0.9764869580182548,analysis_outputs/visual_example_search/raw_results/best_model/ceilnet_table2/2012_002979/best_model.png,2012_002979,6.149880063311823,analysis_outputs/visual_example_search/raw_results/best_model/ceilnet_table2/2012_002979/t_label.png
141.83031846002177,0.9759517659287618,26.655757152915328,0.8728266643833481,analysis_outputs/visual_example_search/raw_results/baseline_model/ceilnet_table2/2011_006315/baseline_model.png,-17.899332961325868,0.00916041408811874,1.9493964450839911,0.010118487039773805,ceilnet_table2,analysis_outputs/visual_example_search/raw_results/best_model/ceilnet_table2/2011_006315/m_input.png,123.9309854986959,0.9851121800168805,28.60515359799932,0.8829451514231219,analysis_outputs/visual_example_search/raw_results/best_model/ceilnet_table2/2011_006315/best_model.png,2011_006315,6.131771343225311,analysis_outputs/visual_example_search/raw_results/best_model/ceilnet_table2/2011_006315/t_label.png
17.34841844271438,0.9859238518381604,26.270415991389342,0.9282067789464937,analysis_outputs/visual_example_search/raw_results/baseline_model/ceilnet_table2/2011_001790/baseline_model.png,-4.008239533505472,0.004634002888241229,2.0249525274274696,0.013184811823727216,ceilnet_table2,analysis_outputs/visual_example_search/raw_results/best_model/ceilnet_table2/2011_001790/m_input.png,13.340178909208907,0.9905578547264017,28.29536851881681,0.9413915907702209,analysis_outputs/visual_example_search/raw_results/best_model/ceilnet_table2/2011_001790/best_model.png,2011_001790,6.120454543608368,analysis_outputs/visual_example_search/raw_results/best_model/ceilnet_table2/2011_001790/t_label.png
6.319347898813325,0.9668436107785314,25.74460459818957,0.9281045273547978,analysis_outputs/visual_example_search/raw_results/baseline_model/ceilnet_table2/2012_003521/baseline_model.png,-0.019050678232257923,0.010558673139823727,1.8758093670909055,0.01831936889128305,ceilnet_table2,analysis_outputs/visual_example_search/raw_results/best_model/ceilnet_table2/2012_003521/m_input.png,6.300297220581067,0.9774022839183552,27.620413965280477,0.9464238962460808,analysis_outputs/visual_example_search/raw_results/best_model/ceilnet_table2/2012_003521/best_model.png,2012_003521,6.1098903978724515,analysis_outputs/visual_example_search/raw_results/best_model/ceilnet_table2/2012_003521/t_label.png
910.7911727890389,0.9479152643759065,26.854770214084056,0.9466892106790006,analysis_outputs/visual_example_search/raw_results/baseline_model/wild/17-m/baseline_model.png,-636.4265703481638,0.011220633395500834,2.0762505665996365,0.005227201175070029,wild,analysis_outputs/visual_example_search/raw_results/best_model/wild/17-m/m_input.png,274.3646024408751,0.9591358977714073,28.931020780683692,0.9519164118540706,analysis_outputs/visual_example_search/raw_results/best_model/wild/17-m/best_model.png,17-m,6.10327938646415,analysis_outputs/visual_example_search/raw_results/best_model/wild/17-m/t_label.png
36.072692096879464,0.9834809045525473,29.601737697217274,0.959923823081708,analysis_outputs/visual_example_search/raw_results/baseline_model/ceilnet_table2/2008_000973/baseline_model.png,-12.013150944840469,0.006169208029923712,2.288646880230626,0.007259696130097804,ceilnet_table2,analysis_outputs/visual_example_search/raw_results/best_model/ceilnet_table2/2008_000973/m_input.png,24.059541152038996,0.989650112582471,31.8903845774479,0.9671835192118058,analysis_outputs/visual_example_search/raw_results/best_model/ceilnet_table2/2008_000973/best_model.png,2008_000973,6.0986048974107465,analysis_outputs/visual_example_search/raw_results/best_model/ceilnet_table2/2008_000973/t_label.png
233.01350259806063,0.9889171793802681,28.452500244389043,0.9710966152506546,analysis_outputs/visual_example_search/raw_results/baseline_model/ceilnet_table2/2008_004102/baseline_model.png,-4.635996343170092,0.004794875121632791,2.648265559123093,0.0037158322408608058,ceilnet_table2,analysis_outputs/visual_example_search/raw_results/best_model/ceilnet_table2/2008_004102/m_input.png,228.37750625489053,0.9937120545019009,31.100765803512136,0.9748124474915154,analysis_outputs/visual_example_search/raw_results/best_model/ceilnet_table2/2008_004102/best_model.png,2008_004102,6.095522870436705,analysis_outputs/visual_example_search/raw_results/best_model/ceilnet_table2/2008_004102/t_label.png
28.69938700740937,0.9535543569059173,22.272255874106623,0.8111480824514795,analysis_outputs/visual_example_search/raw_results/baseline_model/postcard/bh-3-m-32/baseline_model.png,-2.966484831055972,0.009616301908658031,1.0702811993796786,0.01904854572964476,postcard,analysis_outputs/visual_example_search/raw_results/best_model/postcard/bh-3-m-32/m_input.png,25.7329021763534,0.9631706588145753,23.3425370734863,0.8301966281811243,analysis_outputs/visual_example_search/raw_results/best_model/postcard/bh-3-m-32/best_model.png,bh-3-m-32,6.073381590750796,analysis_outputs/visual_example_search/raw_results/best_model/postcard/bh-3-m-32/t_label.png
10.30665811563086,0.9954793082095916,31.312934076139655,0.9588163085669409,analysis_outputs/visual_example_search/raw_results/baseline_model/ceilnet_table2/2009_002980/baseline_model.png,-2.4300491084509632,0.0012147592451412503,1.9319896125238998,0.014785511504334825,ceilnet_table2,analysis_outputs/visual_example_search/raw_results/best_model/ceilnet_table2/2009_002980/m_input.png,7.876609007179897,0.9966940674547329,33.244923688663555,0.9736018200712757,analysis_outputs/visual_example_search/raw_results/best_model/ceilnet_table2/2009_002980/best_model.png,2009_002980,6.044003306244869,analysis_outputs/visual_example_search/raw_results/best_model/ceilnet_table2/2009_002980/t_label.png
143.25966665088404,0.9696570980185121,25.55768587478438,0.9488344427934313,analysis_outputs/visual_example_search/raw_results/baseline_model/wild/102-m/baseline_model.png,-18.249249498000367,0.012881389138115873,1.330685184253472,0.01089491902766515,wild,analysis_outputs/visual_example_search/raw_results/best_model/wild/102-m/m_input.png,125.01041715288368,0.982538487156628,26.88837105903785,0.9597293618210965,analysis_outputs/visual_example_search/raw_results/best_model/wild/102-m/best_model.png,102-m,6.0379694322290165,analysis_outputs/visual_example_search/raw_results/best_model/wild/102-m/t_label.png
7.486867441946449,0.9956996600975905,29.577065525579112,0.9767238263359147,analysis_outputs/visual_example_search/raw_results/baseline_model/ceilnet_table2/2008_004088/baseline_model.png,-1.650688928295061,0.0017336734114629104,2.5337790321155502,0.005843890431552534,ceilnet_table2,analysis_outputs/visual_example_search/raw_results/best_model/ceilnet_table2/2008_004088/m_input.png,5.836178513651388,0.9974333335090534,32.11084455769466,0.9825677167674672,analysis_outputs/visual_example_search/raw_results/best_model/ceilnet_table2/2008_004088/best_model.png,2008_004088,6.03403210678057,analysis_outputs/visual_example_search/raw_results/best_model/ceilnet_table2/2008_004088/t_label.png
9.854908556203707,0.9595485728212267,24.155802408838216,0.8919748391870211,analysis_outputs/visual_example_search/raw_results/baseline_model/ceilnet_table2/2012_002694/baseline_model.png,-0.8335733289368576,0.008947703143118213,1.3654934709622601,0.011815391505647588,ceilnet_table2,analysis_outputs/visual_example_search/raw_results/best_model/ceilnet_table2/2012_002694/m_input.png,9.02133522726685,0.968496275964345,25.521295879800476,0.9037902306926687,analysis_outputs/visual_example_search/raw_results/best_model/ceilnet_table2/2012_002694/best_model.png,2012_002694,5.974241856539899,analysis_outputs/visual_example_search/raw_results/best_model/ceilnet_table2/2012_002694/t_label.png
26.154082335990637,0.8422777711008235,18.19178165860048,0.6239029629192404,analysis_outputs/visual_example_search/raw_results/baseline_model/real20/110/baseline_model.png,-10.857512448966235,0.06406028872810221,2.445682077960633,-0.042602820437549815,real20,analysis_outputs/visual_example_search/raw_results/best_model/real20/110/m_input.png,15.296569887024402,0.9063380598289257,20.637463736561113,0.5813001424816906,analysis_outputs/visual_example_search/raw_results/best_model/real20/110/best_model.png,110,5.925635862208523,analysis_outputs/visual_example_search/raw_results/best_model/real20/110/t_label.png
701128.9227126447,0.9937823770567419,33.059054859637236,0.979095231513944,analysis_outputs/visual_example_search/raw_results/baseline_model/wild/40s-m/baseline_model.png,-617106.8015061104,0.0028515244960662933,2.1312317303838597,0.005084349254368292,wild,analysis_outputs/visual_example_search/raw_results/best_model/wild/40s-m/m_input.png,84022.12120653433,0.9966339015528082,35.190286590021095,0.9841795807683122,analysis_outputs/visual_example_search/raw_results/best_model/wild/40s-m/best_model.png,40s-m,5.908807420555485,analysis_outputs/visual_example_search/raw_results/best_model/wild/40s-m/t_label.png
355.73223650825446,0.9120289881910864,20.48869678540946,0.8095218968674694,analysis_outputs/visual_example_search/raw_results/baseline_model/postcard/ib-5-m-27/baseline_model.png,-118.7395936739236,0.017896398979161066,0.6732678735805315,0.008300414811788004,postcard,analysis_outputs/visual_example_search/raw_results/best_model/postcard/ib-5-m-27/m_input.png,236.99264283433087,0.9299253871702474,21.16196465898999,0.8178223116792575,analysis_outputs/visual_example_search/raw_results/best_model/postcard/ib-5-m-27/best_model.png,ib-5-m-27,5.879342969300571,analysis_outputs/visual_example_search/raw_results/best_model/postcard/ib-5-m-27/t_label.png
253.39918184619214,0.9199620624847101,20.665973711465146,0.8247640795239705,analysis_outputs/visual_example_search/raw_results/baseline_model/postcard/ib-5-m-19/baseline_model.png,-62.37230155478406,0.015333405580652881,0.8187646432793763,0.008776031928808825,postcard,analysis_outputs/visual_example_search/raw_results/best_model/postcard/ib-5-m-19/m_input.png,191.02688029140808,0.935295468065363,21.484738354744522,0.8335401114527793,analysis_outputs/visual_example_search/raw_results/best_model/postcard/ib-5-m-19/best_model.png,ib-5-m-19,5.875657485496335,analysis_outputs/visual_example_search/raw_results/best_model/postcard/ib-5-m-19/t_label.png
58.62681237186455,0.9642616330844354,22.898891771058356,0.9257699083808298,analysis_outputs/visual_example_search/raw_results/baseline_model/postcard/eh-5-m-19/baseline_model.png,-13.539333390835672,0.011004365162222363,1.2890618859565137,0.006021034054658481,postcard,analysis_outputs/visual_example_search/raw_results/best_model/postcard/eh-5-m-19/m_input.png,45.08747898102888,0.9752659982466577,24.18795365701487,0.9317909424354883,analysis_outputs/visual_example_search/raw_results/best_model/postcard/eh-5-m-19/best_model.png,eh-5-m-19,5.855322275740859,analysis_outputs/visual_example_search/raw_results/best_model/postcard/eh-5-m-19/t_label.png
337.3335115518552,0.9906605985767635,27.726210884668888,0.9281386736183334,analysis_outputs/visual_example_search/raw_results/baseline_model/ceilnet_table2/2009_000653/baseline_model.png,-52.17570858405276,0.003313371123904174,1.3266824449536507,0.01269159615281934,ceilnet_table2,analysis_outputs/visual_example_search/raw_results/best_model/ceilnet_table2/2009_000653/m_input.png,285.15780296780247,0.9939739697006676,29.05289332962254,0.9408302697711527,analysis_outputs/visual_example_search/raw_results/best_model/ceilnet_table2/2009_000653/best_model.png,2009_000653,5.842351663569305,analysis_outputs/visual_example_search/raw_results/best_model/ceilnet_table2/2009_000653/t_label.png
241.36892608005613,0.9148357790618733,20.413500206811083,0.816074880991929,analysis_outputs/visual_example_search/raw_results/baseline_model/postcard/ib-5-m-22/baseline_model.png,-27.299919487307335,0.01689820411809051,0.6705886218963499,0.007829681302818692,postcard,analysis_outputs/visual_example_search/raw_results/best_model/postcard/ib-5-m-22/m_input.png,214.0690065927488,0.9317339831799638,21.084088828707433,0.8239045622947477,analysis_outputs/visual_example_search/raw_results/best_model/postcard/ib-5-m-22/best_model.png,ib-5-m-22,5.841726676154846,analysis_outputs/visual_example_search/raw_results/best_model/postcard/ib-5-m-22/t_label.png
5.574363172501768,0.98800668593983,27.983073007852244,0.9314298970057148,analysis_outputs/visual_example_search/raw_results/baseline_model/ceilnet_table2/2010_004792/baseline_model.png,-2.329148312955543,0.0015295321006406626,1.5000465631610709,0.011893096706288353,ceilnet_table2,analysis_outputs/visual_example_search/raw_results/best_model/ceilnet_table2/2010_004792/m_input.png,3.2452148595462256,0.9895362180404706,29.483119571013315,0.9433229937120031,analysis_outputs/visual_example_search/raw_results/best_model/ceilnet_table2/2010_004792/best_model.png,2010_004792,5.835581241226915,analysis_outputs/visual_example_search/raw_results/best_model/ceilnet_table2/2010_004792/t_label.png
575.0950902276144,0.9652143967169432,23.337893555309382,0.9550378979340196,analysis_outputs/visual_example_search/raw_results/baseline_model/wild/97-m/baseline_model.png,-142.25873279340266,0.005355896568608132,1.6421432928103563,0.005309901305514564,wild,analysis_outputs/visual_example_search/raw_results/best_model/wild/97-m/m_input.png,432.8363574342117,0.9705702932855513,24.980036848119738,0.9603477992395342,analysis_outputs/visual_example_search/raw_results/best_model/wild/97-m/best_model.png,97-m,5.8140260444565195,analysis_outputs/visual_example_search/raw_results/best_model/wild/97-m/t_label.png
6.29032452634854,0.9881585224986826,26.286777187817847,0.9306357392268322,analysis_outputs/visual_example_search/raw_results/baseline_model/ceilnet_table2/2011_006068/baseline_model.png,-2.05731602697412,0.004039871149677521,1.5820166712223909,0.00600538272404294,ceilnet_table2,analysis_outputs/visual_example_search/raw_results/best_model/ceilnet_table2/2011_006068/m_input.png,4.23300849937442,0.9921983936483602,27.868793859040238,0.9366411219508751,analysis_outputs/visual_example_search/raw_results/best_model/ceilnet_table2/2011_006068/best_model.png,2011_006068,5.778470237250475,analysis_outputs/visual_example_search/raw_results/best_model/ceilnet_table2/2011_006068/t_label.png
7.949300608654315,0.9580819448582809,22.783731581988373,0.9211511863917111,analysis_outputs/visual_example_search/raw_results/baseline_model/ceilnet_table2/2008_003107/baseline_model.png,-0.5083690320585639,0.009514094526614003,1.086989044350922,0.0069761370218140994,ceilnet_table2,analysis_outputs/visual_example_search/raw_results/best_model/ceilnet_table2/2008_003107/m_input.png,7.4409315765957516,0.9675960393848949,23.870720626339295,0.9281273234135252,analysis_outputs/visual_example_search/raw_results/best_model/ceilnet_table2/2008_003107/best_model.png,2008_003107,5.77458547016101,analysis_outputs/visual_example_search/raw_results/best_model/ceilnet_table2/2008_003107/t_label.png
620.4988371096301,0.9833036615573006,28.877961578082232,0.9606925121918519,analysis_outputs/visual_example_search/raw_results/baseline_model/ceilnet_table2/2009_004738/baseline_model.png,-418.38732582714226,0.005307864059307055,1.5083256887619427,0.004905566026062069,ceilnet_table2,analysis_outputs/visual_example_search/raw_results/best_model/ceilnet_table2/2009_004738/m_input.png,202.11151128248787,0.9886115256166077,30.386287266844175,0.965598078217914,analysis_outputs/visual_example_search/raw_results/best_model/ceilnet_table2/2009_004738/best_model.png,2009_004738,5.758110981721543,analysis_outputs/visual_example_search/raw_results/best_model/ceilnet_table2/2009_004738/t_label.png
174.4955655990036,0.9762124853268994,24.754635830866132,0.9219123856489313,analysis_outputs/visual_example_search/raw_results/baseline_model/postcard/bi-5-m-16/baseline_model.png,-7.809380660266925,0.004112079178822059,1.2203694876360807,0.009204120433227048,postcard,analysis_outputs/visual_example_search/raw_results/best_model/postcard/bi-5-m-16/m_input.png,166.6861849387367,0.9803245645057215,25.975005318502213,0.9311165060821583,analysis_outputs/visual_example_search/raw_results/best_model/postcard/bi-5-m-16/best_model.png,bi-5-m-16,5.739694819513255,analysis_outputs/visual_example_search/raw_results/best_model/postcard/bi-5-m-16/t_label.png
10.335850672943199,0.9791776808234647,27.560852705869568,0.9422714535973579,analysis_outputs/visual_example_search/raw_results/baseline_model/ceilnet_table2/2010_002807/baseline_model.png,-1.2246202803847606,0.009540256575448103,1.1384621864919566,0.004620793042939164,ceilnet_table2,analysis_outputs/visual_example_search/raw_results/best_model/ceilnet_table2/2010_002807/m_input.png,9.111230392558438,0.9887179373989128,28.699314892361524,0.946892246640297,analysis_outputs/visual_example_search/raw_results/best_model/ceilnet_table2/2010_002807/best_model.png,2010_002807,5.733513635957,analysis_outputs/visual_example_search/raw_results/best_model/ceilnet_table2/2010_002807/t_label.png
2111.653492812919,0.9970684638724543,34.44287279284172,0.969529453898747,analysis_outputs/visual_example_search/raw_results/baseline_model/wild/71-m/baseline_model.png,-1316.575529607711,0.0015955443619508625,1.8352456567778503,0.0029828955371883348,wild,analysis_outputs/visual_example_search/raw_results/best_model/wild/71-m/m_input.png,795.0779632052081,0.9986640082344052,36.27811844961957,0.9725123494359353,analysis_outputs/visual_example_search/raw_results/best_model/wild/71-m/best_model.png,71-m,5.726209549737764,analysis_outputs/visual_example_search/raw_results/best_model/wild/71-m/t_label.png
1233.7990757405087,0.996822092794664,37.185535830978374,0.9500128502152441,analysis_outputs/visual_example_search/raw_results/baseline_model/real20/58/baseline_model.png,-996.5639790081271,0.0006361052508166987,1.1686884572729923,0.012720556019780616,real20,analysis_outputs/visual_example_search/raw_results/best_model/real20/58/m_input.png,237.23509673238155,0.9974581980454807,38.354224288251366,0.9627334062350247,analysis_outputs/visual_example_search/raw_results/best_model/real20/58/best_model.png,58,5.72347935085593,analysis_outputs/visual_example_search/raw_results/best_model/real20/58/t_label.png
2351.2819240659364,0.9860405672285338,29.341600203587785,0.9477214390932874,analysis_outputs/visual_example_search/raw_results/baseline_model/wild/81-m/baseline_model.png,-908.2618232862469,0.003874159379355979,1.2946756858210051,0.007498447883301784,wild,analysis_outputs/visual_example_search/raw_results/best_model/wild/81-m/m_input.png,1443.0201007796895,0.9899147266078898,30.63627588940879,0.9552198869765892,analysis_outputs/visual_example_search/raw_results/best_model/wild/81-m/best_model.png,81-m,5.715873743506779,analysis_outputs/visual_example_search/raw_results/best_model/wild/81-m/t_label.png
23.613317079640943,0.8583116032467568,19.491254079072707,0.7462799197305202,analysis_outputs/visual_example_search/raw_results/baseline_model/real20/22/baseline_model.png,-5.257042351900068,0.016083395400775524,0.4171869155264716,0.006915628689670661,real20,analysis_outputs/visual_example_search/raw_results/best_model/real20/22/m_input.png,18.356274727740875,0.8743949986475323,19.90844099459918,0.7531955484201909,analysis_outputs/visual_example_search/raw_results/best_model/real20/22/best_model.png,22,5.714037907436645,analysis_outputs/visual_example_search/raw_results/best_model/real20/22/t_label.png
300.61566341181276,0.9954816813975319,31.18934846073151,0.9788549208901861,analysis_outputs/visual_example_search/raw_results/baseline_model/ceilnet_table2/2007_003525/baseline_model.png,-85.1432601343387,0.0019878433484785685,1.7494143739116055,0.003114662547441638,ceilnet_table2,analysis_outputs/visual_example_search/raw_results/best_model/ceilnet_table2/2007_003525/m_input.png,215.47240327747406,0.9974695247460105,32.938762834643114,0.9819695834376277,analysis_outputs/visual_example_search/raw_results/best_model/ceilnet_table2/2007_003525/best_model.png,2007_003525,5.7107007720352065,analysis_outputs/visual_example_search/raw_results/best_model/ceilnet_table2/2007_003525/t_label.png
11.825376300802752,0.9832330847734941,26.600116203709206,0.9304563556904769,analysis_outputs/visual_example_search/raw_results/baseline_model/ceilnet_table2/2007_009841/baseline_model.png,-3.4201704135908386,0.002543471399830133,1.5239089818734044,0.004964656724510741,ceilnet_table2,analysis_outputs/visual_example_search/raw_results/best_model/ceilnet_table2/2007_009841/m_input.png,8.405205887211913,0.9857765561733243,28.12402518558261,0.9354210124149877,analysis_outputs/visual_example_search/raw_results/best_model/ceilnet_table2/2007_009841/best_model.png,2007_009841,5.69567286373299,analysis_outputs/visual_example_search/raw_results/best_model/ceilnet_table2/2007_009841/t_label.png
26.54944233067084,0.8847747194816035,17.931584199153814,0.8864191077846889,analysis_outputs/visual_example_search/raw_results/baseline_model/wild/22s-m/baseline_model.png,-0.7380979771055074,0.020150007622826926,0.36853885083872484,0.0008851062310951674,wild,analysis_outputs/visual_example_search/raw_results/best_model/wild/22s-m/m_input.png,25.81134435356533,0.9049247271044304,18.30012304999254,0.8873042140157841,analysis_outputs/visual_example_search/raw_results/best_model/wild/22s-m/best_model.png,22s-m,5.648724129960961,analysis_outputs/visual_example_search/raw_results/best_model/wild/22s-m/t_label.png
537.4747336976835,0.9518948379497056,23.08492801815015,0.8735381726913243,analysis_outputs/visual_example_search/raw_results/baseline_model/real20/93/baseline_model.png,-425.84988547293517,0.0006218501685030242,1.6462976779834548,0.003118854719815878,real20,analysis_outputs/visual_example_search/raw_results/best_model/real20/93/m_input.png,111.62484822474833,0.9525166881182087,24.731225696133606,0.8766570274111402,analysis_outputs/visual_example_search/raw_results/best_model/real20/93/best_model.png,93,5.642283514869124,analysis_outputs/visual_example_search/raw_results/best_model/real20/93/t_label.png
10.207823604973782,0.9826597730053113,24.679760686964414,0.9468222764176453,analysis_outputs/visual_example_search/raw_results/baseline_model/ceilnet_table2/2010_003893/baseline_model.png,-3.31714727360359,0.0038629708611425118,1.0795770437061805,0.007275803481729404,ceilnet_table2,analysis_outputs/visual_example_search/raw_results/best_model/ceilnet_table2/2010_003893/m_input.png,6.890676331370193,0.9865227438664538,25.759337730670595,0.9540980798993747,analysis_outputs/visual_example_search/raw_results/best_model/ceilnet_table2/2010_003893/best_model.png,2010_003893,5.638328373140524,analysis_outputs/visual_example_search/raw_results/best_model/ceilnet_table2/2010_003893/t_label.png
2452.7580956047123,0.9821884174127324,29.042597395420625,0.928667660071344,analysis_outputs/visual_example_search/raw_results/baseline_model/wild/101-m/baseline_model.png,-1912.3354349834306,-0.0013276040692467017,0.9001258577888862,0.014268888604142771,wild,analysis_outputs/visual_example_search/raw_results/best_model/wild/101-m/m_input.png,540.4226606212817,0.9808608133434857,29.94272325320951,0.9429365486754868,analysis_outputs/visual_example_search/raw_results/best_model/wild/101-m/best_model.png,101-m,5.610298025276229,analysis_outputs/visual_example_search/raw_results/best_model/wild/101-m/t_label.png
36.585294324287965,0.9664517662723277,18.979095800587046,0.8823108474879299,analysis_outputs/visual_example_search/raw_results/baseline_model/objects/18-Thick-10-m/baseline_model.png,-2.7239547643299247,0.007107967125488335,1.0520448691513842,0.00203372737238372,objects,analysis_outputs/visual_example_search/raw_results/best_model/objects/18-Thick-10-m/m_input.png,33.86133955995804,0.973559733397816,20.03114066973843,0.8843445748603136,analysis_outputs/visual_example_search/raw_results/best_model/objects/18-Thick-10-m/best_model.png,18-Thick-10-m,5.579223985497263,analysis_outputs/visual_example_search/raw_results/best_model/objects/18-Thick-10-m/t_label.png
254.5342796776851,0.9584939493670089,21.114384418102826,0.8456265358369808,analysis_outputs/visual_example_search/raw_results/baseline_model/postcard/eb-3-m-32/baseline_model.png,-176.37108261424402,0.01156829042776708,0.45531930698754053,0.0038988631890638503,postcard,analysis_outputs/visual_example_search/raw_results/best_model/postcard/eb-3-m-32/m_input.png,78.16319706344109,0.970062239794776,21.569703725090367,0.8495253990260446,analysis_outputs/visual_example_search/raw_results/best_model/postcard/eb-3-m-32/best_model.png,eb-3-m-32,5.538451942749953,analysis_outputs/visual_example_search/raw_results/best_model/postcard/eb-3-m-32/t_label.png
3.9973912235822806,0.9782357274620465,27.565452953370187,0.954082778042976,analysis_outputs/visual_example_search/raw_results/baseline_model/ceilnet_table2/2010_005293/baseline_model.png,-0.17026199317154633,0.004590139365000745,1.0620070616803545,0.0027652713585872846,ceilnet_table2,analysis_outputs/visual_example_search/raw_results/best_model/ceilnet_table2/2010_005293/m_input.png,3.8271292304107343,0.9828258668270472,28.62746001505054,0.9568480494015633,analysis_outputs/visual_example_search/raw_results/best_model/ceilnet_table2/2010_005293/best_model.png,2010_005293,5.5378876219831525,analysis_outputs/visual_example_search/raw_results/best_model/ceilnet_table2/2010_005293/t_label.png
119.42301094186594,0.9368585496901822,22.982119924315864,0.9223788969300024,analysis_outputs/visual_example_search/raw_results/baseline_model/postcard/ah-5-m-32/baseline_model.png,-27.106216483060834,0.013212100916487168,0.0030565505427944117,0.008082430852649591,postcard,analysis_outputs/visual_example_search/raw_results/best_model/postcard/ah-5-m-32/m_input.png,92.3167944588051,0.9500706506066694,22.98517647485866,0.930461327782652,analysis_outputs/visual_example_search/raw_results/best_model/postcard/ah-5-m-32/best_model.png,ah-5-m-32,5.533382144409351,analysis_outputs/visual_example_search/raw_results/best_model/postcard/ah-5-m-32/t_label.png
20.760343282672334,0.969460394595181,19.346336067318276,0.8844737003539206,analysis_outputs/visual_example_search/raw_results/baseline_model/objects/18-Focus-32-m/baseline_model.png,-2.729212803061696,0.005191814911436388,0.9248504848710972,0.0018591500330179533,objects,analysis_outputs/visual_example_search/raw_results/best_model/objects/18-Focus-32-m/m_input.png,18.03113047961064,0.9746522095066174,20.271186552189373,0.8863328503869385,analysis_outputs/visual_example_search/raw_results/best_model/objects/18-Focus-32-m/best_model.png,18-Focus-32-m,5.484557618568391,analysis_outputs/visual_example_search/raw_results/best_model/objects/18-Focus-32-m/t_label.png
20.760343282672334,0.969460394595181,19.346336067318276,0.8844737003539206,analysis_outputs/visual_example_search/raw_results/baseline_model/objects/18-Thick-5-m/baseline_model.png,-2.729212803061696,0.005191814911436388,0.9248504848710972,0.0018591500330179533,objects,analysis_outputs/visual_example_search/raw_results/best_model/objects/18-Thick-5-m/m_input.png,18.03113047961064,0.9746522095066174,20.271186552189373,0.8863328503869385,analysis_outputs/visual_example_search/raw_results/best_model/objects/18-Thick-5-m/best_model.png,18-Thick-5-m,5.484557618568391,analysis_outputs/visual_example_search/raw_results/best_model/objects/18-Thick-5-m/t_label.png
41.74171652665324,0.989779464117919,28.21522472573749,0.9226979585432749,analysis_outputs/visual_example_search/raw_results/baseline_model/objects/6-Thick-10-m/baseline_model.png,-22.3152221981946,0.001212362638756459,0.8468534655245143,0.0065918059275184016,objects,analysis_outputs/visual_example_search/raw_results/best_model/objects/6-Thick-10-m/m_input.png,19.42649432845864,0.9909918267566754,29.062078191262003,0.9292897644707933,analysis_outputs/visual_example_search/raw_results/best_model/objects/6-Thick-10-m/best_model.png,6-Thick-10-m,5.477388702665043,analysis_outputs/visual_example_search/raw_results/best_model/objects/6-Thick-10-m/t_label.png
11.594932571335107,0.9950509297717383,29.75728040140902,0.9645156738617908,analysis_outputs/visual_example_search/raw_results/baseline_model/ceilnet_table2/2008_004990/baseline_model.png,-1.3241957400885322,0.0010431935087629185,0.6046788555513949,0.009740322707240012,ceilnet_table2,analysis_outputs/visual_example_search/raw_results/best_model/ceilnet_table2/2008_004990/m_input.png,10.270736831246575,0.9960941232805012,30.361959256960414,0.9742559965690308,analysis_outputs/visual_example_search/raw_results/best_model/ceilnet_table2/2008_004990/best_model.png,2008_004990,5.471147523917205,analysis_outputs/visual_example_search/raw_results/best_model/ceilnet_table2/2008_004990/t_label.png
19.644122778287826,0.9954579192304285,31.695404044264183,0.9060832026795822,analysis_outputs/visual_example_search/raw_results/baseline_model/ceilnet_table2/2008_003008/baseline_model.png,-14.216824370580813,0.001304704628339981,1.1383086568888565,0.0019925048184212812,ceilnet_table2,analysis_outputs/visual_example_search/raw_results/best_model/ceilnet_table2/2008_003008/m_input.png,5.427298407707013,0.9967626238587685,32.83371270115304,0.9080757074980035,analysis_outputs/visual_example_search/raw_results/best_model/ceilnet_table2/2008_003008/best_model.png,2008_003008,5.461866455131983,analysis_outputs/visual_example_search/raw_results/best_model/ceilnet_table2/2008_003008/t_label.png
4.320017581048841,0.9767009713345904,26.655912948529707,0.9160010268833316,analysis_outputs/visual_example_search/raw_results/baseline_model/ceilnet_table2/2010_005538/baseline_model.png,-0.5196984028307137,0.00406175442461143,0.7512706094948101,0.0038138044418553063,ceilnet_table2,analysis_outputs/visual_example_search/raw_results/best_model/ceilnet_table2/2010_005538/m_input.png,3.8003191782181274,0.9807627257592019,27.407183558024517,0.9198148313251869,analysis_outputs/visual_example_search/raw_results/best_model/ceilnet_table2/2010_005538/best_model.png,2010_005538,5.447312508159938,analysis_outputs/visual_example_search/raw_results/best_model/ceilnet_table2/2010_005538/t_label.png
7.428953970665754,0.9916732148089117,29.054572568750228,0.9539242636749248,analysis_outputs/visual_example_search/raw_results/baseline_model/ceilnet_table2/2008_002762/baseline_model.png,-0.19053355181461207,0.0016111983647191241,0.921864537978422,0.0034492132596940506,ceilnet_table2,analysis_outputs/visual_example_search/raw_results/best_model/ceilnet_table2/2008_002762/m_input.png,7.238420418851142,0.9932844131736308,29.97643710672865,0.9573734769346188,analysis_outputs/visual_example_search/raw_results/best_model/ceilnet_table2/2008_002762/best_model.png,2008_002762,5.43379846993647,analysis_outputs/visual_example_search/raw_results/best_model/ceilnet_table2/2008_002762/t_label.png
21.18855472511248,0.9705399211105405,19.421368566856085,0.8993873633306985,analysis_outputs/visual_example_search/raw_results/baseline_model/objects/18-Focus-19-m/baseline_model.png,-1.3218315897026756,0.004604393164693299,0.8645999837489953,0.000383226652172608,objects,analysis_outputs/visual_example_search/raw_results/best_model/objects/18-Focus-19-m/m_input.png,19.866723135409803,0.9751443142752338,20.28596855060508,0.8997705899828711,analysis_outputs/visual_example_search/raw_results/best_model/objects/18-Focus-19-m/best_model.png,18-Focus-19-m,5.412890490004646,analysis_outputs/visual_example_search/raw_results/best_model/objects/18-Focus-19-m/t_label.png
32.03891769820021,0.9621921535251189,19.1963908570915,0.8729072503248198,analysis_outputs/visual_example_search/raw_results/baseline_model/objects/18-Thick-3-m/baseline_model.png,-9.857562178920706,0.004848459489456114,0.8747978615282754,-0.0006330098485329838,objects,analysis_outputs/visual_example_search/raw_results/best_model/objects/18-Thick-3-m/m_input.png,22.181355519279503,0.967040613014575,20.071188718619776,0.8722742404762868,analysis_outputs/visual_example_search/raw_results/best_model/objects/18-Thick-3-m/best_model.png,18-Thick-3-m,5.39065542971384,analysis_outputs/visual_example_search/raw_results/best_model/objects/18-Thick-3-m/t_label.png
6.913480896622103,0.9818338839846139,31.261363508499556,0.9378306096126131,analysis_outputs/visual_example_search/raw_results/baseline_model/ceilnet_table2/2010_001626/baseline_model.png,-1.6406131218013575,0.0015294141314801113,0.4649757483834378,0.006603049471315181,ceilnet_table2,analysis_outputs/visual_example_search/raw_results/best_model/ceilnet_table2/2010_001626/m_input.png,5.272867774820745,0.983363298116094,31.726339256882994,0.9444336590839283,analysis_outputs/visual_example_search/raw_results/best_model/ceilnet_table2/2010_001626/best_model.png,2010_001626,5.358303506197695,analysis_outputs/visual_example_search/raw_results/best_model/ceilnet_table2/2010_001626/t_label.png
48.49603887619774,0.9929008787963074,34.414242013243445,0.9752176533467557,analysis_outputs/visual_example_search/raw_results/baseline_model/ceilnet_table2/2011_004611/baseline_model.png,-4.6056867107603665,0.002069922559520432,0.5783726795025075,0.004232132061205984,ceilnet_table2,analysis_outputs/visual_example_search/raw_results/best_model/ceilnet_table2/2011_004611/m_input.png,43.89035216543737,0.9949708013558278,34.99261469274595,0.9794497854079617,analysis_outputs/visual_example_search/raw_results/best_model/ceilnet_table2/2011_004611/best_model.png,2011_004611,5.350342258685663,analysis_outputs/visual_example_search/raw_results/best_model/ceilnet_table2/2011_004611/t_label.png
27.624756951178643,0.9897451021028859,27.58817235960316,0.9257307359068684,analysis_outputs/visual_example_search/raw_results/baseline_model/objects/6-Focus-22-m/baseline_model.png,-7.634816301100823,0.0008139616411355632,0.5953634366102598,0.003855174752121049,objects,analysis_outputs/visual_example_search/raw_results/best_model/objects/6-Focus-22-m/m_input.png,19.98994065007782,0.9905590637440215,28.18353579621342,0.9295859106589894,analysis_outputs/visual_example_search/raw_results/best_model/objects/6-Focus-22-m/best_model.png,6-Focus-22-m,5.315182888701502,analysis_outputs/visual_example_search/raw_results/best_model/objects/6-Focus-22-m/t_label.png
162.32954496503845,0.9887716428425929,28.349385559183247,0.9300376498924438,analysis_outputs/visual_example_search/raw_results/baseline_model/objects/2-Focus-13-m/baseline_model.png,-98.34096841542521,0.0027513544355883823,0.8641451636223785,-0.002264339866046683,objects,analysis_outputs/visual_example_search/raw_results/best_model/objects/2-Focus-13-m/m_input.png,63.98857654961324,0.9915229972781813,29.213530722805626,0.9277733100263971,analysis_outputs/visual_example_search/raw_results/best_model/objects/2-Focus-13-m/best_model.png,2-Focus-13-m,5.277580353452202,analysis_outputs/visual_example_search/raw_results/best_model/objects/2-Focus-13-m/t_label.png
27.79249910185188,0.9901062586344255,28.674609288413976,0.9257679655313614,analysis_outputs/visual_example_search/raw_results/baseline_model/objects/6-Thick-5-m/baseline_model.png,-10.951211071165023,0.0009323978361766017,0.4439477904294087,0.0041567121738861346,objects,analysis_outputs/visual_example_search/raw_results/best_model/objects/6-Thick-5-m/m_input.png,16.841288030686858,0.9910386564706021,29.118557078843384,0.9299246777052476,analysis_outputs/visual_example_search/raw_results/best_model/objects/6-Thick-5-m/best_model.png,6-Thick-5-m,5.275210347061371,analysis_outputs/visual_example_search/raw_results/best_model/objects/6-Thick-5-m/t_label.png
27.761598288328102,0.9900842426637372,28.6640260584402,0.925774865202665,analysis_outputs/visual_example_search/raw_results/baseline_model/objects/6-Focus-32-m/baseline_model.png,-10.591181801565753,0.0009224229831407138,0.43990322281017313,0.004014500217093375,objects,analysis_outputs/visual_example_search/raw_results/best_model/objects/6-Focus-32-m/m_input.png,17.17041648676235,0.9910066656468779,29.103929281250373,0.9297893654197584,analysis_outputs/visual_example_search/raw_results/best_model/objects/6-Focus-32-m/best_model.png,6-Focus-32-m,5.270057487609243,analysis_outputs/visual_example_search/raw_results/best_model/objects/6-Focus-32-m/t_label.png
8.46523818153984,0.973813614389664,23.869172705484505,0.9358334601602568,analysis_outputs/visual_example_search/raw_results/baseline_model/ceilnet_table2/2009_002629/baseline_model.png,-1.1887083487050658,0.0012789355390881996,0.23193493472110305,0.005318744706810263,ceilnet_table2,analysis_outputs/visual_example_search/raw_results/best_model/ceilnet_table2/2009_002629/m_input.png,7.2765298328347745,0.9750925499287522,24.10110764020561,0.9411522048670671,analysis_outputs/visual_example_search/raw_results/best_model/ceilnet_table2/2009_002629/best_model.png,2009_002629,5.2422536510544955,analysis_outputs/visual_example_search/raw_results/best_model/ceilnet_table2/2009_002629/t_label.png
1007590.0910841804,0.9939857290762877,32.35224906193418,0.9661404459303492,analysis_outputs/visual_example_search/raw_results/baseline_model/wild/39-m/baseline_model.png,-808393.8165143878,0.000641519931407597,0.5669962429000321,0.0010991815081953238,wild,analysis_outputs/visual_example_search/raw_results/best_model/wild/39-m/m_input.png,199196.27456979256,0.9946272490076953,32.91924530483421,0.9672396274385445,analysis_outputs/visual_example_search/raw_results/best_model/wild/39-m/best_model.png,39-m,5.232516283623417,analysis_outputs/visual_example_search/raw_results/best_model/wild/39-m/t_label.png
46.85012077498905,0.9701716485072943,24.12712759181805,0.9273350593895651,analysis_outputs/visual_example_search/raw_results/baseline_model/postcard/eh-5-m-27/baseline_model.png,-8.986732185402765,0.007850181090175212,0.03486811532702205,0.0009625379824903524,postcard,analysis_outputs/visual_example_search/raw_results/best_model/postcard/eh-5-m-27/m_input.png,37.863388589586286,0.9780218295974695,24.16199570714507,0.9282975973720554,analysis_outputs/visual_example_search/raw_results/best_model/postcard/eh-5-m-27/best_model.png,eh-5-m-27,5.231940681925646,analysis_outputs/visual_example_search/raw_results/best_model/postcard/eh-5-m-27/t_label.png
30.597800409881792,0.9906437636411018,28.822981522431757,0.9353849199784955,analysis_outputs/visual_example_search/raw_results/baseline_model/objects/6-Focus-16-m/baseline_model.png,-10.09147176347776,0.0009746169853688258,0.35764211817557623,0.002866488074858453,objects,analysis_outputs/visual_example_search/raw_results/best_model/objects/6-Focus-16-m/m_input.png,20.506328646404032,0.9916183806264707,29.180623640607333,0.9382514080533539,analysis_outputs/visual_example_search/raw_results/best_model/objects/6-Focus-16-m/best_model.png,6-Focus-16-m,5.2152416658975405,analysis_outputs/visual_example_search/raw_results/best_model/objects/6-Focus-16-m/t_label.png
63.80393059123572,0.9879244219588152,28.41266387130156,0.9198559619249869,analysis_outputs/visual_example_search/raw_results/baseline_model/objects/2-Thick-3-m/baseline_model.png,-20.329128567253008,0.002850326967105299,0.6901553681706645,-0.002507432999087178,objects,analysis_outputs/visual_example_search/raw_results/best_model/objects/2-Thick-3-m/m_input.png,43.47480202398271,0.9907747489259205,29.102819239472225,0.9173485289258997,analysis_outputs/visual_example_search/raw_results/best_model/objects/2-Thick-3-m/best_model.png,2-Thick-3-m,5.213549808599803,analysis_outputs/visual_example_search/raw_results/best_model/objects/2-Thick-3-m/t_label.png
26.917453274849972,0.9906942542601374,28.8614677495099,0.9352593646447541,analysis_outputs/visual_example_search/raw_results/baseline_model/objects/6-Focus-13-m/baseline_model.png,-9.64142808251782,0.0008603940796353404,0.345754283474502,0.003004698109591364,objects,analysis_outputs/visual_example_search/raw_results/best_model/objects/6-Focus-13-m/m_input.png,17.276025192332153,0.9915546483397727,29.2072220329844,0.9382640627543455,analysis_outputs/visual_example_search/raw_results/best_model/objects/6-Focus-13-m/best_model.png,6-Focus-13-m,5.211878732555501,analysis_outputs/visual_example_search/raw_results/best_model/objects/6-Focus-13-m/t_label.png
30.421091758819628,0.9895863262454074,28.30381443060916,0.9253218621176614,analysis_outputs/visual_example_search/raw_results/baseline_model/objects/6-Focus-27-m/baseline_model.png,-3.257905457515278,0.0009648689248992204,0.31732031567962693,0.0029238527032744432,objects,analysis_outputs/visual_example_search/raw_results/best_model/objects/6-Focus-27-m/m_input.png,27.16318630130435,0.9905511951703067,28.62113474628879,0.9282457148209359,analysis_outputs/visual_example_search/raw_results/best_model/objects/6-Focus-27-m/best_model.png,6-Focus-27-m,5.202991479264218,analysis_outputs/visual_example_search/raw_results/best_model/objects/6-Focus-27-m/t_label.png
155.78633623179138,0.9843628359963922,28.82540631960474,0.9563095626465575,analysis_outputs/visual_example_search/raw_results/baseline_model/ceilnet_table2/2008_001408/baseline_model.png,-86.0631240587494,0.0024232047146889313,0.2806555365356722,0.0016585825257493525,ceilnet_table2,analysis_outputs/visual_example_search/raw_results/best_model/ceilnet_table2/2008_001408/m_input.png,69.72321217304199,0.9867860407110811,29.10606185614041,0.9579681451723069,analysis_outputs/visual_example_search/raw_results/best_model/ceilnet_table2/2008_001408/best_model.png,2008_001408,5.195596526522848,analysis_outputs/visual_example_search/raw_results/best_model/ceilnet_table2/2008_001408/t_label.png
29.715730609094912,0.9908663038688361,28.932502754290528,0.9389986197237894,analysis_outputs/visual_example_search/raw_results/baseline_model/objects/6-Focus-11-m/baseline_model.png,-8.937083563050066,0.0007794116380031024,0.2896804757422551,0.002832642938022545,objects,analysis_outputs/visual_example_search/raw_results/best_model/objects/6-Focus-11-m/m_input.png,20.778647046044846,0.9916457155068392,29.222183230032783,0.9418312626618119,analysis_outputs/visual_example_search/raw_results/best_model/objects/6-Focus-11-m/best_model.png,6-Focus-11-m,5.186861522981393,analysis_outputs/visual_example_search/raw_results/best_model/objects/6-Focus-11-m/t_label.png
41.058935880835264,0.988570589804161,28.460913818049914,0.9236436838268768,analysis_outputs/visual_example_search/raw_results/baseline_model/objects/2-Focus-19-m/baseline_model.png,-20.47500054882541,0.0025328849786897534,0.6643157624577363,-0.0030800954683638526,objects,analysis_outputs/visual_example_search/raw_results/best_model/objects/2-Focus-19-m/m_input.png,20.583935332009855,0.9911034747828508,29.12522958050765,0.9205635883585129,analysis_outputs/visual_example_search/raw_results/best_model/objects/2-Focus-19-m/best_model.png,2-Focus-19-m,5.176957370560421,analysis_outputs/visual_example_search/raw_results/best_model/objects/2-Focus-19-m/t_label.png
437.3643101456043,0.9933494374597416,35.928067173369705,0.9798849434456446,analysis_outputs/visual_example_search/raw_results/baseline_model/ceilnet_table2/2008_006432/baseline_model.png,-74.60045044352142,0.002395253027393629,-0.0006728131607545151,0.004365677934754286,ceilnet_table2,analysis_outputs/visual_example_search/raw_results/best_model/ceilnet_table2/2008_006432/m_input.png,362.76385970208287,0.9957446904871352,35.92739436020895,0.9842506213803989,analysis_outputs/visual_example_search/raw_results/best_model/ceilnet_table2/2008_006432/best_model.png,2008_006432,5.162070871392568,analysis_outputs/visual_example_search/raw_results/best_model/ceilnet_table2/2008_006432/t_label.png
183.39881249179552,0.988010484579759,28.08586222421792,0.9240843232213375,analysis_outputs/visual_example_search/raw_results/baseline_model/objects/2-Focus-16-m/baseline_model.png,-34.20236527704779,0.0024290139394674837,0.6483921442717921,-0.0033835119550700288,objects,analysis_outputs/visual_example_search/raw_results/best_model/objects/2-Focus-16-m/m_input.png,149.19644721474774,0.9904394985192265,28.73425436848971,0.9207008112662675,analysis_outputs/visual_example_search/raw_results/best_model/objects/2-Focus-16-m/best_model.png,2-Focus-16-m,5.158433144816501,analysis_outputs/visual_example_search/raw_results/best_model/objects/2-Focus-16-m/t_label.png
21.740361133852282,0.9904526036973396,28.822837905815657,0.9300429442508907,analysis_outputs/visual_example_search/raw_results/baseline_model/objects/6-Focus-19-m/baseline_model.png,-1.098125185033389,0.0005042657979216214,0.21982884540307168,0.0026509377104705356,objects,analysis_outputs/visual_example_search/raw_results/best_model/objects/6-Focus-19-m/m_input.png,20.642235948818893,0.9909568694952612,29.04266675121873,0.9326938819613613,analysis_outputs/visual_example_search/raw_results/best_model/objects/6-Focus-19-m/best_model.png,6-Focus-19-m,5.152156369510828,analysis_outputs/visual_example_search/raw_results/best_model/objects/6-Focus-19-m/t_label.png
54.41903801009164,0.9878082718985858,28.25415945532625,0.9196438759033466,analysis_outputs/visual_example_search/raw_results/baseline_model/objects/2-Focus-22-m/baseline_model.png,-20.931497367385788,0.0024542828050674315,0.5222123674061478,-0.0037482626421374565,objects,analysis_outputs/visual_example_search/raw_results/best_model/objects/2-Focus-22-m/m_input.png,33.48754064270585,0.9902625547036532,28.776371822732397,0.9158956132612092,analysis_outputs/visual_example_search/raw_results/best_model/objects/2-Focus-22-m/best_model.png,2-Focus-22-m,5.104238666787257,analysis_outputs/visual_example_search/raw_results/best_model/objects/2-Focus-22-m/t_label.png
200.84685387550027,0.9877145166122269,28.195995602589264,0.9162169477628019,analysis_outputs/visual_example_search/raw_results/baseline_model/objects/2-Thick-10-m/baseline_model.png,-77.86603599527038,0.0023061471167197256,0.36582662564105917,-0.0025107943971539592,objects,analysis_outputs/visual_example_search/raw_results/best_model/objects/2-Thick-10-m/m_input.png,122.98081788022989,0.9900206637289466,28.561822228230323,0.913706153365648,analysis_outputs/visual_example_search/raw_results/best_model/objects/2-Thick-10-m/best_model.png,2-Thick-10-m,5.091718082564625,analysis_outputs/visual_example_search/raw_results/best_model/objects/2-Thick-10-m/t_label.png
121.48581646030625,0.9876758719881489,28.0864667093131,0.9174199737815094,analysis_outputs/visual_example_search/raw_results/baseline_model/objects/2-Focus-27-m/baseline_model.png,-2.613102671690825,0.002172633843561367,0.4340076532243593,-0.003197236132548298,objects,analysis_outputs/visual_example_search/raw_results/best_model/objects/2-Focus-27-m/m_input.png,118.87271378861543,0.9898485058317102,28.52047436253746,0.9142227376489611,analysis_outputs/visual_example_search/raw_results/best_model/objects/2-Focus-27-m/best_model.png,2-Focus-27-m,5.087081799191297,analysis_outputs/visual_example_search/raw_results/best_model/objects/2-Focus-27-m/t_label.png
568.4631342218288,0.6918903080219642,13.243426939949295,0.7474783559614414,analysis_outputs/visual_example_search/raw_results/baseline_model/wild/9-m/baseline_model.png,-493.4093780572102,-0.000625170758682736,0.11091636536131233,0.002201481956331519,wild,analysis_outputs/visual_example_search/raw_results/best_model/wild/9-m/m_input.png,75.05375616461863,0.6912651372632814,13.354343305310607,0.7496798379177729,analysis_outputs/visual_example_search/raw_results/best_model/wild/9-m/best_model.png,9-m,5.070128194141496,analysis_outputs/visual_example_search/raw_results/best_model/wild/9-m/t_label.png
1374.4763847462916,0.9916918256984137,30.2202165694767,0.9507998142980453,analysis_outputs/visual_example_search/raw_results/baseline_model/wild/3-m/baseline_model.png,-682.9662864782074,0.0002748902565102851,0.22262512691940373,-0.00040176124481439146,wild,analysis_outputs/visual_example_search/raw_results/best_model/wild/3-m/m_input.png,691.5100982680842,0.991966715954924,30.442841696396105,0.9503980530532309,analysis_outputs/visual_example_search/raw_results/best_model/wild/3-m/best_model.png,3-m,5.067018988484055,analysis_outputs/visual_example_search/raw_results/best_model/wild/3-m/t_label.png
9.320547846274508,0.9973404699763323,31.803039455881617,0.9553363177588355,analysis_outputs/visual_example_search/raw_results/baseline_model/ceilnet_table2/2009_002553/baseline_model.png,-0.570551332350135,0.0004505358219824007,0.38926918661609733,-0.010133766570877945,ceilnet_table2,analysis_outputs/visual_example_search/raw_results/best_model/ceilnet_table2/2009_002553/m_input.png,8.749996513924373,0.9977910057983147,32.192308642497714,0.9452025511879576,analysis_outputs/visual_example_search/raw_results/best_model/ceilnet_table2/2009_002553/best_model.png,2009_002553,4.786337961107531,analysis_outputs/visual_example_search/raw_results/best_model/ceilnet_table2/2009_002553/t_label.png
146.77155464479833,0.9320527593643435,22.806666483578606,0.9245520818208756,analysis_outputs/visual_example_search/raw_results/baseline_model/postcard/ah-3-m-32/baseline_model.png,-29.39523528840286,0.013205580196007483,-0.14766894309444467,0.007751891212377293,postcard,analysis_outputs/visual_example_search/raw_results/best_model/postcard/ah-3-m-32/m_input.png,117.37631935639547,0.945258339560351,22.65899754048416,0.9323039730332529,analysis_outputs/visual_example_search/raw_results/best_model/postcard/ah-3-m-32/best_model.png,ah-3-m-32,3.998024373233691,analysis_outputs/visual_example_search/raw_results/best_model/postcard/ah-3-m-32/t_label.png
158.87425297249666,0.9934632134322974,29.479148938336987,0.9278500732266982,analysis_outputs/visual_example_search/raw_results/baseline_model/objects/9-Focus-32-m/baseline_model.png,-89.42000607957428,0.0023196395383242585,-0.10900775976252675,-0.007138927682886265,objects,analysis_outputs/visual_example_search/raw_results/best_model/objects/9-Focus-32-m/m_input.png,69.45424689292238,0.9957828529706216,29.37014117857446,0.920711145543812,analysis_outputs/visual_example_search/raw_results/best_model/objects/9-Focus-32-m/best_model.png,9-Focus-32-m,3.6817150020109777,analysis_outputs/visual_example_search/raw_results/best_model/objects/9-Focus-32-m/t_label.png
3.6060556259222136,0.9776200249710377,27.802025313664625,0.9661096278587098,analysis_outputs/visual_example_search/raw_results/baseline_model/ceilnet_table2/2007_006900/baseline_model.png,-0.15312873367802426,-0.0007780237456420647,-0.10880612282236868,-0.006292076098514454,ceilnet_table2,analysis_outputs/visual_example_search/raw_results/best_model/ceilnet_table2/2007_006900/m_input.png,3.4529268922441894,0.9768420012253957,27.693219190842257,0.9598175517601953,analysis_outputs/visual_example_search/raw_results/best_model/ceilnet_table2/2007_006900/best_model.png,2007_006900,3.628216569623379,analysis_outputs/visual_example_search/raw_results/best_model/ceilnet_table2/2007_006900/t_label.png
158.59022376641013,0.9935657943413811,29.50690985649888,0.9274368705307378,analysis_outputs/visual_example_search/raw_results/baseline_model/objects/9-Thick-5-m/baseline_model.png,-95.23373776151948,0.0022215622923507095,-0.12450543059440733,-0.007226069994179851,objects,analysis_outputs/visual_example_search/raw_results/best_model/objects/9-Thick-5-m/m_input.png,63.35648600489065,0.9957873566337319,29.382404425904472,0.9202108005365579,analysis_outputs/visual_example_search/raw_results/best_model/objects/9-Thick-5-m/best_model.png,9-Thick-5-m,3.5160704913702636,analysis_outputs/visual_example_search/raw_results/best_model/objects/9-Thick-5-m/t_label.png
58.0677336596695,0.9725534885870963,23.120228706475746,0.8893432238879703,analysis_outputs/visual_example_search/raw_results/baseline_model/objects/17-Focus-16-m/baseline_model.png,-12.740246827707317,0.0008092472748143509,-0.15804559141780317,-0.00845534313486107,objects,analysis_outputs/visual_example_search/raw_results/best_model/objects/17-Focus-16-m/m_input.png,45.32748683196218,0.9733627358619107,22.962183115057943,0.8808878807531092,analysis_outputs/visual_example_search/raw_results/best_model/objects/17-Focus-16-m/best_model.png,17-Focus-16-m,3.091156394166255,analysis_outputs/visual_example_search/raw_results/best_model/objects/17-Focus-16-m/t_label.png
469.22917789417465,0.9376951941506685,23.082257708383647,0.9303903715754925,analysis_outputs/visual_example_search/raw_results/baseline_model/postcard/ah-5-m-11/baseline_model.png,-302.60975184958056,0.013232047241047762,-0.2467529398051198,0.007502142041222681,postcard,analysis_outputs/visual_example_search/raw_results/best_model/postcard/ah-5-m-11/m_input.png,166.61942604459412,0.9509272413917162,22.835504768578527,0.9378925136167152,analysis_outputs/visual_example_search/raw_results/best_model/postcard/ah-5-m-11/best_model.png,ah-5-m-11,2.9685743540705234,analysis_outputs/visual_example_search/raw_results/best_model/postcard/ah-5-m-11/t_label.png
104.14202557304131,0.9336341729308715,23.35093030637721,0.8788582604152816,analysis_outputs/visual_example_search/raw_results/baseline_model/postcard/ae-10-m-3/baseline_model.png,-51.67622806923291,0.0016625265192510286,-0.24122582750107568,0.011730117352022118,postcard,analysis_outputs/visual_example_search/raw_results/best_model/postcard/ae-10-m-3/m_input.png,52.465797503808396,0.9352966994501225,23.109704478876136,0.8905883777673037,analysis_outputs/visual_example_search/raw_results/best_model/postcard/ae-10-m-3/best_model.png,ae-10-m-3,2.8421492126040464,analysis_outputs/visual_example_search/raw_results/best_model/postcard/ae-10-m-3/t_label.png
40.16839514478112,0.9727773426037748,23.07664695264945,0.8977195458184423,analysis_outputs/visual_example_search/raw_results/baseline_model/objects/17-Focus-11-m/baseline_model.png,-4.42172497704334,0.000289128472383271,-0.21513344554506375,-0.005782228244261667,objects,analysis_outputs/visual_example_search/raw_results/best_model/objects/17-Focus-11-m/m_input.png,35.74667016773778,0.9730664710761581,22.861513507104387,0.8919373175741806,analysis_outputs/visual_example_search/raw_results/best_model/objects/17-Focus-11-m/best_model.png,17-Focus-11-m,2.581804619294765,analysis_outputs/visual_example_search/raw_results/best_model/objects/17-Focus-11-m/t_label.png
276.0830210115392,0.9351096600466825,23.018294651144213,0.9250237267514518,analysis_outputs/visual_example_search/raw_results/baseline_model/postcard/ah-5-m-16/baseline_model.png,-132.5782330185519,0.014245987518905046,-0.3214066670935978,0.008411164220725187,postcard,analysis_outputs/visual_example_search/raw_results/best_model/postcard/ah-5-m-16/m_input.png,143.50478799298727,0.9493556475655875,22.696887984050615,0.933434890972177,analysis_outputs/visual_example_search/raw_results/best_model/postcard/ah-5-m-16/best_model.png,ah-5-m-16,2.2452265668569122,analysis_outputs/visual_example_search/raw_results/best_model/postcard/ah-5-m-16/t_label.png
159.3520902136029,0.9937893593027801,29.728115589950576,0.9267624051731301,analysis_outputs/visual_example_search/raw_results/baseline_model/objects/9-Focus-19-m/baseline_model.png,-116.46284077804235,0.002230209279503126,-0.24087917482153998,-0.010242077134098082,objects,analysis_outputs/visual_example_search/raw_results/best_model/objects/9-Focus-19-m/m_input.png,42.88924943556056,0.9960195685822832,29.487236415129036,0.916520328039032,analysis_outputs/visual_example_search/raw_results/best_model/objects/9-Focus-19-m/best_model.png,9-Focus-19-m,2.208197725804899,analysis_outputs/visual_example_search/raw_results/best_model/objects/9-Focus-19-m/t_label.png
208.5508469752139,0.9787978520439606,23.130069430217045,0.8793177551406669,analysis_outputs/visual_example_search/raw_results/baseline_model/objects/10-Focus-32-m/baseline_model.png,-29.739400171933482,0.0018324622717714734,-0.2724698952684079,-0.0034256646056753937,objects,analysis_outputs/visual_example_search/raw_results/best_model/objects/10-Focus-32-m/m_input.png,178.8114468032804,0.9806303143157321,22.857599534948637,0.8758920905349915,analysis_outputs/visual_example_search/raw_results/best_model/objects/10-Focus-32-m/best_model.png,10-Focus-32-m,2.1103910444887664,analysis_outputs/visual_example_search/raw_results/best_model/objects/10-Focus-32-m/t_label.png
192.34839820079216,0.9381471940758237,23.204864337414364,0.9284452329233904,analysis_outputs/visual_example_search/raw_results/baseline_model/postcard/ah-5-m-13/baseline_model.png,-30.332377970658058,0.012424315695346189,-0.332682863614167,0.007841677034296501,postcard,analysis_outputs/visual_example_search/raw_results/best_model/postcard/ah-5-m-13/m_input.png,162.0160202301341,0.9505715097711699,22.872181473800197,0.9362869099576869,analysis_outputs/visual_example_search/raw_results/best_model/postcard/ah-5-m-13/best_model.png,ah-5-m-13,2.0689268942280084,analysis_outputs/visual_example_search/raw_results/best_model/postcard/ah-5-m-13/t_label.png
737.9097961405264,0.9788540749457372,23.141864874084675,0.8797307418724358,analysis_outputs/visual_example_search/raw_results/baseline_model/objects/10-Thick-5-m/baseline_model.png,-550.1093822352352,0.0018283323095950044,-0.27843524746630877,-0.0034734483552721906,objects,analysis_outputs/visual_example_search/raw_results/best_model/objects/10-Thick-5-m/m_input.png,187.80041390529115,0.9806824072553322,22.863429626618366,0.8762572935171636,analysis_outputs/visual_example_search/raw_results/best_model/objects/10-Thick-5-m/best_model.png,10-Thick-5-m,2.0469733914868247,analysis_outputs/visual_example_search/raw_results/best_model/objects/10-Thick-5-m/t_label.png
418.4954583732081,0.9793108682068068,23.09119441015605,0.8878743723303216,analysis_outputs/visual_example_search/raw_results/baseline_model/objects/10-Focus-11-m/baseline_model.png,-235.85360560392544,0.001743021611041451,-0.28431804341278166,-0.004918510173115287,objects,analysis_outputs/visual_example_search/raw_results/best_model/objects/10-Focus-11-m/m_input.png,182.64185276928268,0.9810538898178482,22.806876366743268,0.8829558621572063,analysis_outputs/visual_example_search/raw_results/best_model/objects/10-Focus-11-m/best_model.png,10-Focus-11-m,1.933474568951591,analysis_outputs/visual_example_search/raw_results/best_model/objects/10-Focus-11-m/t_label.png
34.09846806798122,0.9780319603230876,23.019489820881915,0.8819413291307997,analysis_outputs/visual_example_search/raw_results/baseline_model/objects/10-Focus-27-m/baseline_model.png,-11.48101534291169,0.0015996332378154232,-0.2895654687251614,-0.003270686404183709,objects,analysis_outputs/visual_example_search/raw_results/best_model/objects/10-Focus-27-m/m_input.png,22.617452725069533,0.979631593560903,22.729924352156754,0.878670642726616,analysis_outputs/visual_example_search/raw_results/best_model/objects/10-Focus-27-m/best_model.png,10-Focus-27-m,1.9333402966389546,analysis_outputs/visual_example_search/raw_results/best_model/objects/10-Focus-27-m/t_label.png
293.5296816580121,0.9787192771651866,23.012749078935503,0.884849778983097,analysis_outputs/visual_example_search/raw_results/baseline_model/objects/10-Focus-16-m/baseline_model.png,-185.99311553828494,0.0014808716245486853,-0.3017736845534458,-0.004489869861159512,objects,analysis_outputs/visual_example_search/raw_results/best_model/objects/10-Focus-16-m/m_input.png,107.53656611972717,0.9802001487897353,22.710975394382057,0.8803599091219375,analysis_outputs/visual_example_search/raw_results/best_model/objects/10-Focus-16-m/best_model.png,10-Focus-16-m,1.7615482717541946,analysis_outputs/visual_example_search/raw_results/best_model/objects/10-Focus-16-m/t_label.png
64.5264893750264,0.9898457223112102,27.232172800707076,0.9326088200345474,analysis_outputs/visual_example_search/raw_results/baseline_model/objects/11-Focus-11-m/baseline_model.png,-24.600123170221572,0.0014254150794040799,-0.3016755659659083,-0.005508989260370245,objects,analysis_outputs/visual_example_search/raw_results/best_model/objects/11-Focus-11-m/m_input.png,39.92636620480483,0.9912711373906142,26.930497234741168,0.9270998307741771,analysis_outputs/visual_example_search/raw_results/best_model/objects/11-Focus-11-m/best_model.png,11-Focus-11-m,1.7255065712244244,analysis_outputs/visual_example_search/raw_results/best_model/objects/11-Focus-11-m/t_label.png
48.699333334633735,0.9440962605946843,23.397668982779408,0.9349295950861495,analysis_outputs/visual_example_search/raw_results/baseline_model/postcard/ae-5-m-11/baseline_model.png,-3.895408133001439,-5.4466832985045066e-05,-0.3053231887887087,-0.004149856704487975,postcard,analysis_outputs/visual_example_search/raw_results/best_model/postcard/ae-5-m-11/m_input.png,44.803925201632296,0.9440417937616993,23.0923457939907,0.9307797383816615,analysis_outputs/visual_example_search/raw_results/best_model/postcard/ae-5-m-11/best_model.png,ae-5-m-11,1.6978423920384547,analysis_outputs/visual_example_search/raw_results/best_model/postcard/ae-5-m-11/t_label.png
50.003395209011885,0.9709967627128953,22.85971503514648,0.8835633395667792,analysis_outputs/visual_example_search/raw_results/baseline_model/objects/17-Focus-19-m/baseline_model.png,-8.717675091415586,0.00024407992818298307,-0.30060677315857376,-0.009694744491553497,objects,analysis_outputs/visual_example_search/raw_results/best_model/objects/17-Focus-19-m/m_input.png,41.2857201175963,0.9712408426410782,22.559108261987905,0.8738685950752257,analysis_outputs/visual_example_search/raw_results/best_model/objects/17-Focus-19-m/best_model.png,17-Focus-19-m,1.5605159516949403,analysis_outputs/visual_example_search/raw_results/best_model/objects/17-Focus-19-m/t_label.png
188.0457446984733,0.9940688711584783,29.549103147975902,0.9255815085096716,analysis_outputs/visual_example_search/raw_results/baseline_model/objects/9-Focus-13-m/baseline_model.png,-36.969840073467736,0.0019682724577303468,-0.3240992443680497,-0.009768120795228263,objects,analysis_outputs/visual_example_search/raw_results/best_model/objects/9-Focus-13-m/m_input.png,151.07590462500556,0.9960371436162087,29.225003903607853,0.9158133877144433,analysis_outputs/visual_example_search/raw_results/best_model/objects/9-Focus-13-m/best_model.png,9-Focus-13-m,1.358297058473756,analysis_outputs/visual_example_search/raw_results/best_model/objects/9-Focus-13-m/t_label.png
170.47772778574188,0.9796969215092025,22.922269767720934,0.8782310450879484,analysis_outputs/visual_example_search/raw_results/baseline_model/objects/10-Focus-22-m/baseline_model.png,-87.49746401966183,0.0009945164058658973,-0.3571272792203608,-0.005327464745364718,objects,analysis_outputs/visual_example_search/raw_results/best_model/objects/10-Focus-22-m/m_input.png,82.98026376608004,0.9806914379150684,22.565142488500573,0.8729035803425836,analysis_outputs/visual_example_search/raw_results/best_model/objects/10-Focus-22-m/best_model.png,10-Focus-22-m,1.1480864254484873,analysis_outputs/visual_example_search/raw_results/best_model/objects/10-Focus-22-m/t_label.png
22.464094928005256,0.9974631401297277,33.36542558511098,0.9639965108484944,analysis_outputs/visual_example_search/raw_results/baseline_model/ceilnet_table2/2011_005577/baseline_model.png,-0.9113267157539084,0.000493760670476906,-0.4038128760163531,0.005706847704813223,ceilnet_table2,analysis_outputs/visual_example_search/raw_results/best_model/ceilnet_table2/2011_005577/m_input.png,21.552768212251348,0.9979569008002046,32.961612709094624,0.9697033585533076,analysis_outputs/visual_example_search/raw_results/best_model/ceilnet_table2/2011_005577/best_model.png,2011_005577,0.9822821572132714,analysis_outputs/visual_example_search/raw_results/best_model/ceilnet_table2/2011_005577/t_label.png
376.76356196629075,0.9454509946863235,24.39468896355483,0.7917994130404646,analysis_outputs/visual_example_search/raw_results/baseline_model/postcard/be-5-m-27/baseline_model.png,-150.21275219023485,-0.004176987540597477,-0.4334522525866511,0.02355640003805959,postcard,analysis_outputs/visual_example_search/raw_results/best_model/postcard/be-5-m-27/m_input.png,226.5508097760559,0.9412740071457261,23.96123671096818,0.8153558130785242,analysis_outputs/visual_example_search/raw_results/best_model/postcard/be-5-m-27/best_model.png,be-5-m-27,0.9637088269685163,analysis_outputs/visual_example_search/raw_results/best_model/postcard/be-5-m-27/t_label.png
11.654090787354331,0.9877300751170173,25.547618780974094,0.9152438619001227,analysis_outputs/visual_example_search/raw_results/baseline_model/objects/12-Focus-27-m/baseline_model.png,-1.626254411528354,0.0004781293069839876,-0.4099205014273579,-0.0020496978625252904,objects,analysis_outputs/visual_example_search/raw_results/best_model/objects/12-Focus-27-m/m_input.png,10.027836375825977,0.9882082044240013,25.137698279546736,0.9131941640375975,analysis_outputs/visual_example_search/raw_results/best_model/objects/12-Focus-27-m/best_model.png,12-Focus-27-m,0.704368626070182,analysis_outputs/visual_example_search/raw_results/best_model/objects/12-Focus-27-m/t_label.png
16.86380699021112,0.9808551228541904,23.740536973868327,0.8883340988638609,analysis_outputs/visual_example_search/raw_results/baseline_model/objects/10-Focus-19-m/baseline_model.png,-0.17508076573953701,0.0007862652264476466,-0.4061108202159289,-0.00529922356249668,objects,analysis_outputs/visual_example_search/raw_results/best_model/objects/10-Focus-19-m/m_input.png,16.688726224471583,0.981641388080638,23.334426153652398,0.8830348753013643,analysis_outputs/visual_example_search/raw_results/best_model/objects/10-Focus-19-m/best_model.png,10-Focus-19-m,0.6377053304092088,analysis_outputs/visual_example_search/raw_results/best_model/objects/10-Focus-19-m/t_label.png
121.3309542456697,0.9378377388858125,23.245711074183657,0.9262341434619529,analysis_outputs/visual_example_search/raw_results/baseline_model/postcard/ah-5-m-19/baseline_model.png,-5.231735717463124,0.011871460004311718,-0.470603254013632,0.007406104241967748,postcard,analysis_outputs/visual_example_search/raw_results/best_model/postcard/ah-5-m-19/m_input.png,116.09921852820658,0.9497091988901242,22.775107820170025,0.9336402477039206,analysis_outputs/visual_example_search/raw_results/best_model/postcard/ah-5-m-19/best_model.png,ah-5-m-19,0.6190388146827894,analysis_outputs/visual_example_search/raw_results/best_model/postcard/ah-5-m-19/t_label.png
146.17658637753112,0.9362613796320026,23.11851717309757,0.9258364037074177,analysis_outputs/visual_example_search/raw_results/baseline_model/postcard/ah-5-m-22/baseline_model.png,-32.51289500240975,0.012596725082955618,-0.49076273089071876,0.00772551188119841,postcard,analysis_outputs/visual_example_search/raw_results/best_model/postcard/ah-5-m-22/m_input.png,113.66369137512137,0.9488581047149582,22.62775444220685,0.9335619155886161,analysis_outputs/visual_example_search/raw_results/best_model/postcard/ah-5-m-22/best_model.png,ah-5-m-22,0.43684103823308984,analysis_outputs/visual_example_search/raw_results/best_model/postcard/ah-5-m-22/t_label.png
53.867520999007475,0.9900377623735469,27.230913152946357,0.9315272172609368,analysis_outputs/visual_example_search/raw_results/baseline_model/objects/11-Focus-16-m/baseline_model.png,-16.743682539389653,0.001047539603545533,-0.43446859667385596,-0.006207512273261995,objects,analysis_outputs/visual_example_search/raw_results/best_model/objects/11-Focus-16-m/m_input.png,37.12383845961782,0.9910853019770924,26.7964445562725,0.9253197049876748,analysis_outputs/visual_example_search/raw_results/best_model/objects/11-Focus-16-m/best_model.png,11-Focus-16-m,0.3194167282279574,analysis_outputs/visual_example_search/raw_results/best_model/objects/11-Focus-16-m/t_label.png
2278.3639986807557,0.9905830156383767,28.76233194056483,0.9547751563679246,analysis_outputs/visual_example_search/raw_results/baseline_model/wild/47-m/baseline_model.png,-566.876416416239,0.003278524016186113,-0.45626598006827734,-0.0017428562991838037,wild,analysis_outputs/visual_example_search/raw_results/best_model/wild/47-m/m_input.png,1711.4875822645167,0.9938615396545628,28.306065960496554,0.9530323000687408,analysis_outputs/visual_example_search/raw_results/best_model/wild/47-m/best_model.png,47-m,0.30621466922768725,analysis_outputs/visual_example_search/raw_results/best_model/wild/47-m/t_label.png
102.94750316224672,0.9689800293005423,22.486394671668865,0.8740866844098095,analysis_outputs/visual_example_search/raw_results/baseline_model/objects/17-Focus-22-m/baseline_model.png,-60.50322325455794,0.0004720601841126104,-0.436793129771317,-0.010119191900131108,objects,analysis_outputs/visual_example_search/raw_results/best_model/objects/17-Focus-22-m/m_input.png,42.44427990768878,0.9694520894846549,22.049601541897548,0.8639674925096784,analysis_outputs/visual_example_search/raw_results/best_model/objects/17-Focus-22-m/best_model.png,17-Focus-22-m,0.14410078046128483,analysis_outputs/visual_example_search/raw_results/best_model/objects/17-Focus-22-m/t_label.png
77.83937083843674,0.9360322541366937,23.450576418975512,0.9087017917827573,analysis_outputs/visual_example_search/raw_results/baseline_model/postcard/ae-3-m-32/baseline_model.png,-39.08327460885698,0.0012100009055882044,-0.4919709655696032,0.0018568273085737275,postcard,analysis_outputs/visual_example_search/raw_results/best_model/postcard/ae-3-m-32/m_input.png,38.756096229579754,0.9372422550422819,22.95860545340591,0.9105586190913311,analysis_outputs/visual_example_search/raw_results/best_model/postcard/ae-3-m-32/best_model.png,ae-3-m-32,-0.007029272198518122,analysis_outputs/visual_example_search/raw_results/best_model/postcard/ae-3-m-32/t_label.png
94.36785039855438,0.9065392688040905,17.679036197571133,0.7314061365794194,analysis_outputs/visual_example_search/raw_results/baseline_model/wild/29-m/baseline_model.png,-18.300739675841115,-0.003285021271474897,-0.48035694251652217,0.002759744454239099,wild,analysis_outputs/visual_example_search/raw_results/best_model/wild/29-m/m_input.png,76.06711072271327,0.9032542475326156,17.19867925505461,0.7341658810336585,analysis_outputs/visual_example_search/raw_results/best_model/wild/29-m/best_model.png,29-m,-0.009670539149706059,analysis_outputs/visual_example_search/raw_results/best_model/wild/29-m/t_label.png
236.77716922033537,0.9650058086086836,21.419312463337036,0.8789075344479554,analysis_outputs/visual_example_search/raw_results/baseline_model/postcard/eb-5-m-11/baseline_model.png,-0.895733140738713,-0.0015110372761145685,-0.40252605944415976,-0.03239945707055403,postcard,analysis_outputs/visual_example_search/raw_results/best_model/postcard/eb-5-m-11/m_input.png,235.88143607959665,0.963494771332569,21.016786403892876,0.8465080773774014,analysis_outputs/visual_example_search/raw_results/best_model/postcard/eb-5-m-11/best_model.png,eb-5-m-11,-0.3463032497230518,analysis_outputs/visual_example_search/raw_results/best_model/postcard/eb-5-m-11/t_label.png
8.285412213306257,0.9894623019281711,26.54341509697417,0.9136230138612746,analysis_outputs/visual_example_search/raw_results/baseline_model/objects/16-Thick-3-m/baseline_model.png,-0.6735343558745042,0.0004755529054207841,-0.4980616833886664,-0.007002805037377602,objects,analysis_outputs/visual_example_search/raw_results/best_model/objects/16-Thick-3-m/m_input.png,7.611877857431753,0.9899378548335919,26.045353413585502,0.906620208823897,analysis_outputs/visual_example_search/raw_results/best_model/objects/16-Thick-3-m/best_model.png,16-Thick-3-m,-0.3798467486889159,analysis_outputs/visual_example_search/raw_results/best_model/objects/16-Thick-3-m/t_label.png
70.7302061063201,0.9670336185429484,22.208189866792015,0.8645080882372929,analysis_outputs/visual_example_search/raw_results/baseline_model/objects/17-Focus-27-m/baseline_model.png,-33.94278028941732,0.00014482392812864564,-0.5398947915935253,-0.010830659536377074,objects,analysis_outputs/visual_example_search/raw_results/best_model/objects/17-Focus-27-m/m_input.png,36.787425816902775,0.9671784424710771,21.66829507519849,0.8536774287009158,analysis_outputs/visual_example_search/raw_results/best_model/objects/17-Focus-27-m/best_model.png,17-Focus-27-m,-0.9543653320364092,analysis_outputs/visual_example_search/raw_results/best_model/objects/17-Focus-27-m/t_label.png
16.86861328171163,0.9881538028322951,26.09159961470741,0.9097025749134038,analysis_outputs/visual_example_search/raw_results/baseline_model/objects/12-Thick-3-m/baseline_model.png,-3.9129133950768527,0.00014779198112302439,-0.5882744185546116,0.00030625414104135107,objects,analysis_outputs/visual_example_search/raw_results/best_model/objects/12-Thick-3-m/m_input.png,12.955699886634779,0.9883015948134182,25.503325196152797,0.9100088290544451,analysis_outputs/visual_example_search/raw_results/best_model/objects/12-Thick-3-m/best_model.png,12-Thick-3-m,-1.0674845053435442,analysis_outputs/visual_example_search/raw_results/best_model/objects/12-Thick-3-m/t_label.png
243.99516158178935,0.9871488191801886,25.689545433829185,0.929007649809178,analysis_outputs/visual_example_search/raw_results/baseline_model/objects/5-Thick-3-m/baseline_model.png,-202.7494060363449,0.002439624239365501,-0.6451299532193886,0.007103804674179148,objects,analysis_outputs/visual_example_search/raw_results/best_model/objects/5-Thick-3-m/m_input.png,41.245755545444425,0.9895884434195541,25.044415480609796,0.9361114544833572,analysis_outputs/visual_example_search/raw_results/best_model/objects/5-Thick-3-m/best_model.png,5-Thick-3-m,-1.4277571270950657,analysis_outputs/visual_example_search/raw_results/best_model/objects/5-Thick-3-m/t_label.png
61.99313106388954,0.9902711839741511,27.28614221640517,0.931940674644717,analysis_outputs/visual_example_search/raw_results/baseline_model/objects/11-Focus-27-m/baseline_model.png,-27.44439143413618,0.0005158805403733258,-0.6072339455384679,-0.00738723613630432,objects,analysis_outputs/visual_example_search/raw_results/best_model/objects/11-Focus-27-m/m_input.png,34.54873962975336,0.9907870645145245,26.678908270866703,0.9245534385084127,analysis_outputs/visual_example_search/raw_results/best_model/objects/11-Focus-27-m/best_model.png,11-Focus-27-m,-1.520407021825486,analysis_outputs/visual_example_search/raw_results/best_model/objects/11-Focus-27-m/t_label.png
204.7321000287293,0.9420368649371912,23.998724907258786,0.7696983803912355,analysis_outputs/visual_example_search/raw_results/baseline_model/postcard/be-5-m-32/baseline_model.png,-1.303846731989637,-0.011637225233278925,-0.6520120477541376,0.017912444594462507,postcard,analysis_outputs/visual_example_search/raw_results/best_model/postcard/be-5-m-32/m_input.png,203.42825329673965,0.9303996397039123,23.34671285950465,0.787610824985698,analysis_outputs/visual_example_search/raw_results/best_model/postcard/be-5-m-32/best_model.png,be-5-m-32,-1.6969495950959548,analysis_outputs/visual_example_search/raw_results/best_model/postcard/be-5-m-32/t_label.png
50.84389269315858,0.9465286141775616,24.135221957819827,0.9186270008474836,analysis_outputs/visual_example_search/raw_results/baseline_model/postcard/ie-5-m-13/baseline_model.png,-2.221289898649239,0.005234501939476832,-0.6526549339139862,-0.004953659416521705,postcard,analysis_outputs/visual_example_search/raw_results/best_model/postcard/ie-5-m-13/m_input.png,48.62260279450934,0.9517631161170385,23.48256702390584,0.9136733414309619,analysis_outputs/visual_example_search/raw_results/best_model/postcard/ie-5-m-13/best_model.png,ie-5-m-13,-1.7866165148691966,analysis_outputs/visual_example_search/raw_results/best_model/postcard/ie-5-m-13/t_label.png
253.34960687534144,0.9888994767486539,26.098613551896566,0.9037714290256308,analysis_outputs/visual_example_search/raw_results/baseline_model/objects/14-Focus-11-m/baseline_model.png,-154.37221077255143,0.0019745886564254134,-0.6761193027047945,-0.0035564996521950665,objects,analysis_outputs/visual_example_search/raw_results/best_model/objects/14-Focus-11-m/m_input.png,98.97739610279001,0.9908740654050793,25.42249424919177,0.9002149293734357,analysis_outputs/visual_example_search/raw_results/best_model/objects/14-Focus-11-m/best_model.png,14-Focus-11-m,-2.0616788993657345,analysis_outputs/visual_example_search/raw_results/best_model/objects/14-Focus-11-m/t_label.png
9.783045856875022,0.9887086043227696,26.123632215132986,0.9165432634999805,analysis_outputs/visual_example_search/raw_results/baseline_model/objects/12-Focus-19-m/baseline_model.png,-0.930963605105557,0.0002722909066685819,-0.7002547321875987,-0.003829572244435142,objects,analysis_outputs/visual_example_search/raw_results/best_model/objects/12-Focus-19-m/m_input.png,8.852082251769465,0.9889808952294382,25.423377482945387,0.9127136912555454,analysis_outputs/visual_example_search/raw_results/best_model/objects/12-Focus-19-m/best_model.png,12-Focus-19-m,-2.363193321827035,analysis_outputs/visual_example_search/raw_results/best_model/objects/12-Focus-19-m/t_label.png
445.82172817101116,0.9823668523016591,26.855353114649898,0.9273817858246695,analysis_outputs/visual_example_search/raw_results/baseline_model/wild/92-m/baseline_model.png,-217.66060534572895,0.00334405847902286,-0.7144046698461288,-0.0030882892591006517,wild,analysis_outputs/visual_example_search/raw_results/best_model/wild/92-m/m_input.png,228.1611228252822,0.985710910780682,26.14094844480377,0.9242934965655688,analysis_outputs/visual_example_search/raw_results/best_model/wild/92-m/best_model.png,92-m,-2.406670250502949,analysis_outputs/visual_example_search/raw_results/best_model/wild/92-m/t_label.png
12.025887821752196,0.9884814574665173,26.004463059720944,0.9144270454026927,analysis_outputs/visual_example_search/raw_results/baseline_model/objects/12-Thick-5-m/baseline_model.png,-0.5098017177940211,0.00012099530003761849,-0.7265212732834208,-0.002364441897782954,objects,analysis_outputs/visual_example_search/raw_results/best_model/objects/12-Thick-5-m/m_input.png,11.516086103958175,0.9886024527665549,25.277941786437523,0.9120626035049098,analysis_outputs/visual_example_search/raw_results/best_model/objects/12-Thick-5-m/best_model.png,12-Thick-5-m,-2.5871170745168106,analysis_outputs/visual_example_search/raw_results/best_model/objects/12-Thick-5-m/t_label.png
99.93720325227336,0.9833528758155814,24.242220693979277,0.8728261107054457,analysis_outputs/visual_example_search/raw_results/baseline_model/objects/14-Focus-32-m/baseline_model.png,-0.11841078111301329,0.0025508958267593806,-0.7358107390086737,-0.002364282265210127,objects,analysis_outputs/visual_example_search/raw_results/best_model/objects/14-Focus-32-m/m_input.png,99.81879247116035,0.9859037716423408,23.506409954970604,0.8704618284402356,analysis_outputs/visual_example_search/raw_results/best_model/objects/14-Focus-32-m/best_model.png,14-Focus-32-m,-2.6223551200363318,analysis_outputs/visual_example_search/raw_results/best_model/objects/14-Focus-32-m/t_label.png
11.946031358550966,0.9884624888654988,26.014897192820865,0.9144236616849426,analysis_outputs/visual_example_search/raw_results/baseline_model/objects/12-Focus-32-m/baseline_model.png,-0.9095847951173397,8.77488526571657e-05,-0.7406629464888468,-0.0026206174348506472,objects,analysis_outputs/visual_example_search/raw_results/best_model/objects/12-Focus-32-m/m_input.png,11.036446563433627,0.988550237718156,25.274234246332018,0.911803044250092,analysis_outputs/visual_example_search/raw_results/best_model/objects/12-Focus-32-m/best_model.png,12-Focus-32-m,-2.743045002621427,analysis_outputs/visual_example_search/raw_results/best_model/objects/12-Focus-32-m/t_label.png
128.2592997789158,0.9534719839841437,25.185666893013064,0.8242865220680419,analysis_outputs/visual_example_search/raw_results/baseline_model/real20/25/baseline_model.png,-9.569928533664779,-0.0055840428257045716,-0.6624051488056644,-0.023724594739373717,real20,analysis_outputs/visual_example_search/raw_results/best_model/real20/25/m_input.png,118.68937124525101,0.9478879411584391,24.5232617442074,0.8005619273286682,analysis_outputs/visual_example_search/raw_results/best_model/real20/25/best_model.png,25,-2.8706555191029386,analysis_outputs/visual_example_search/raw_results/best_model/real20/25/t_label.png
59.66564347449296,0.9643139315434089,21.92351859056758,0.8546385304786924,analysis_outputs/visual_example_search/raw_results/baseline_model/objects/17-Focus-32-m/baseline_model.png,-22.25244831356939,-0.00025567620944855207,-0.7751465632864658,-0.012834812563177422,objects,analysis_outputs/visual_example_search/raw_results/best_model/objects/17-Focus-32-m/m_input.png,37.41319516092357,0.9640582553339604,21.148372027281113,0.841803717915515,analysis_outputs/visual_example_search/raw_results/best_model/objects/17-Focus-32-m/best_model.png,17-Focus-32-m,-3.4680149276687224,analysis_outputs/visual_example_search/raw_results/best_model/objects/17-Focus-32-m/t_label.png
859.7203534625065,0.9885218294620902,25.879817735309654,0.9386294396993154,analysis_outputs/visual_example_search/raw_results/baseline_model/objects/5-Focus-22-m/baseline_model.png,-752.2348951833396,0.0021724811141499156,-0.8430444647163071,0.0033984419083308293,objects,analysis_outputs/visual_example_search/raw_results/best_model/objects/5-Focus-22-m/m_input.png,107.48545827916685,0.9906943105762401,25.036773270593347,0.9420278816076463,analysis_outputs/visual_example_search/raw_results/best_model/objects/5-Focus-22-m/best_model.png,5-Focus-22-m,-3.572186393173155,analysis_outputs/visual_example_search/raw_results/best_model/objects/5-Focus-22-m/t_label.png
116.54341501803313,0.9848026467468382,24.301996230886942,0.8779145703005317,analysis_outputs/visual_example_search/raw_results/baseline_model/objects/14-Focus-27-m/baseline_model.png,-35.84814029840622,0.002139007463658471,-0.8464322245254188,-0.00485633029302146,objects,analysis_outputs/visual_example_search/raw_results/best_model/objects/14-Focus-27-m/m_input.png,80.69527471962691,0.9869416542104966,23.455564006361524,0.8730582400075102,analysis_outputs/visual_example_search/raw_results/best_model/objects/14-Focus-27-m/best_model.png,14-Focus-27-m,-3.8629626937602826,analysis_outputs/visual_example_search/raw_results/best_model/objects/14-Focus-27-m/t_label.png
14.119850735060028,0.8393833985701619,20.39698889471488,0.7412137307928814,analysis_outputs/visual_example_search/raw_results/baseline_model/real20/86/baseline_model.png,-2.15845526443381,-0.07956792199107565,-0.5896668871575095,-0.0007097775371276427,real20,analysis_outputs/visual_example_search/raw_results/best_model/real20/86/m_input.png,11.961395470626218,0.7598154765790862,19.80732200755737,0.7405039532557538,analysis_outputs/visual_example_search/raw_results/best_model/real20/86/best_model.png,86,-3.902943984114713,analysis_outputs/visual_example_search/raw_results/best_model/real20/86/t_label.png
1139.2473687558243,0.9333996410274259,19.13863848216157,0.8732174869131972,analysis_outputs/visual_example_search/raw_results/baseline_model/wild/103-m/baseline_model.png,-785.4203030521691,0.006531227195107681,-0.8576035577018892,-0.01101542770511188,wild,analysis_outputs/visual_example_search/raw_results/best_model/wild/103-m/m_input.png,353.8270657036552,0.9399308682225336,18.281034924459682,0.8622020592080853,analysis_outputs/visual_example_search/raw_results/best_model/wild/103-m/best_model.png,103-m,-4.084162719387413,analysis_outputs/visual_example_search/raw_results/best_model/wild/103-m/t_label.png
917.0065470902485,0.987026388557574,24.924885834628274,0.8824832771002386,analysis_outputs/visual_example_search/raw_results/baseline_model/objects/3-Thick-3-m/baseline_model.png,-205.7237315158352,0.0009499864333842867,-0.8960369115251616,-0.005604785198118467,objects,analysis_outputs/visual_example_search/raw_results/best_model/objects/3-Thick-3-m/m_input.png,711.2828155744133,0.9879763749909583,24.028848923103112,0.8768784919021201,analysis_outputs/visual_example_search/raw_results/best_model/objects/3-Thick-3-m/best_model.png,3-Thick-3-m,-4.4314659068595414,analysis_outputs/visual_example_search/raw_results/best_model/objects/3-Thick-3-m/t_label.png
89.95829897020391,0.9899814955534318,27.183811171707493,0.9509381022139868,analysis_outputs/visual_example_search/raw_results/baseline_model/objects/4-Focus-27-m/baseline_model.png,-7.050730703513196,0.0007175710683808845,-0.9068241009038971,-0.0035070793477118833,objects,analysis_outputs/visual_example_search/raw_results/best_model/objects/4-Focus-27-m/m_input.png,82.90756826669072,0.9906990666218127,26.276987070803596,0.9474310228662749,analysis_outputs/visual_example_search/raw_results/best_model/objects/4-Focus-27-m/best_model.png,4-Focus-27-m,-4.475324209800663,analysis_outputs/visual_example_search/raw_results/best_model/objects/4-Focus-27-m/t_label.png
65.28730573147809,0.9385333494954045,23.353327585824914,0.9180723706629187,analysis_outputs/visual_example_search/raw_results/baseline_model/postcard/ae-5-m-22/baseline_model.png,-6.317354949940345,0.0013741623067894393,-0.9260267941645708,0.0001027837259236497,postcard,analysis_outputs/visual_example_search/raw_results/best_model/postcard/ae-5-m-22/m_input.png,58.96995078153774,0.9399075118021939,22.427300791660343,0.9181751543888423,analysis_outputs/visual_example_search/raw_results/best_model/postcard/ae-5-m-22/best_model.png,ae-5-m-22,-4.532019888882737,analysis_outputs/visual_example_search/raw_results/best_model/postcard/ae-5-m-22/t_label.png
470.0585106698629,0.9856475203426872,24.73788966466336,0.8763315554980772,analysis_outputs/visual_example_search/raw_results/baseline_model/objects/14-Thick-10-m/baseline_model.png,-53.47853566778605,0.0017032887733436919,-0.9147912838047674,-0.0038893342808716813,objects,analysis_outputs/visual_example_search/raw_results/best_model/objects/14-Thick-10-m/m_input.png,416.5799750020769,0.9873508091160309,23.823098380858593,0.8724422212172055,analysis_outputs/visual_example_search/raw_results/best_model/objects/14-Thick-10-m/best_model.png,14-Thick-10-m,-4.546387746479512,analysis_outputs/visual_example_search/raw_results/best_model/objects/14-Thick-10-m/t_label.png
237.48460131377283,0.9885550764879595,25.914490738849636,0.9355796488977016,analysis_outputs/visual_example_search/raw_results/baseline_model/objects/5-Focus-32-m/baseline_model.png,-192.4374514894612,0.0019508964895917913,-0.9551959138479127,0.002339437575315184,objects,analysis_outputs/visual_example_search/raw_results/best_model/objects/5-Focus-32-m/m_input.png,45.047149824311624,0.9905059729775513,24.959294825001724,0.9379190864730168,analysis_outputs/visual_example_search/raw_results/best_model/objects/5-Focus-32-m/best_model.png,5-Focus-32-m,-4.763099424805757,analysis_outputs/visual_example_search/raw_results/best_model/objects/5-Focus-32-m/t_label.png
237.48460131377283,0.9885550764879595,25.914490738849636,0.9355796488977016,analysis_outputs/visual_example_search/raw_results/baseline_model/objects/5-Thick-5-m/baseline_model.png,-192.4374514894612,0.0019508964895917913,-0.9551959138479127,0.002339437575315184,objects,analysis_outputs/visual_example_search/raw_results/best_model/objects/5-Thick-5-m/m_input.png,45.047149824311624,0.9905059729775513,24.959294825001724,0.9379190864730168,analysis_outputs/visual_example_search/raw_results/best_model/objects/5-Thick-5-m/best_model.png,5-Thick-5-m,-4.763099424805757,analysis_outputs/visual_example_search/raw_results/best_model/objects/5-Thick-5-m/t_label.png
290.81164089097024,0.986475748933067,24.559418308104103,0.8901100386410595,analysis_outputs/visual_example_search/raw_results/baseline_model/objects/3-Thick-10-m/baseline_model.png,-98.7451786859036,0.00142397324277721,-0.9344381748528008,-0.005761347025444952,objects,analysis_outputs/visual_example_search/raw_results/best_model/objects/3-Thick-10-m/m_input.png,192.06646220506664,0.9878997221758442,23.624980133251302,0.8843486916156146,analysis_outputs/visual_example_search/raw_results/best_model/objects/3-Thick-10-m/best_model.png,3-Thick-10-m,-4.821908954966751,analysis_outputs/visual_example_search/raw_results/best_model/objects/3-Thick-10-m/t_label.png
2018.5584225668156,0.9882643441161144,25.712707996065973,0.9426431660170035,analysis_outputs/visual_example_search/raw_results/baseline_model/objects/5-Focus-16-m/baseline_model.png,-1790.7886992227961,0.0019445235754019796,-0.9601972810422303,0.0015561089251439064,objects,analysis_outputs/visual_example_search/raw_results/best_model/objects/5-Focus-16-m/m_input.png,227.76972334401938,0.9902088676915164,24.752510715023742,0.9441992749421474,analysis_outputs/visual_example_search/raw_results/best_model/objects/5-Focus-16-m/best_model.png,5-Focus-16-m,-4.834522758256067,analysis_outputs/visual_example_search/raw_results/best_model/objects/5-Focus-16-m/t_label.png
8.361181117172555,0.9886923273646512,28.129807502297016,0.9429713654007351,analysis_outputs/visual_example_search/raw_results/baseline_model/wild/46s-m/baseline_model.png,-2.945244291751581,0.0025964749903836237,-0.9300651387364702,-0.015404966965201217,wild,analysis_outputs/visual_example_search/raw_results/best_model/wild/46s-m/m_input.png,5.415936825420974,0.9912888023550348,27.199742363560546,0.9275663984355339,analysis_outputs/visual_example_search/raw_results/best_model/wild/46s-m/best_model.png,46s-m,-5.084935069299312,analysis_outputs/visual_example_search/raw_results/best_model/wild/46s-m/t_label.png
7.699303802923647,0.9902853744764827,26.997677905306038,0.9239694574624723,analysis_outputs/visual_example_search/raw_results/baseline_model/objects/16-Focus-16-m/baseline_model.png,-0.4696029534975459,-0.0004000123138885314,-0.9774847586787558,-0.010786253726140393,objects,analysis_outputs/visual_example_search/raw_results/best_model/objects/16-Focus-16-m/m_input.png,7.229700849426101,0.9898853621625942,26.020193146627282,0.9131832037363319,analysis_outputs/visual_example_search/raw_results/best_model/objects/16-Focus-16-m/best_model.png,16-Focus-16-m,-5.492195151081489,analysis_outputs/visual_example_search/raw_results/best_model/objects/16-Focus-16-m/t_label.png
85.98004193973645,0.9382855658011022,23.313140559851064,0.9140040610399075,analysis_outputs/visual_example_search/raw_results/baseline_model/postcard/ae-5-m-27/baseline_model.png,-15.497676988653566,0.0023411185781311294,-1.041031987620773,0.00010414064165353842,postcard,analysis_outputs/visual_example_search/raw_results/best_model/postcard/ae-5-m-27/m_input.png,70.48236495108289,0.9406266843792334,22.27210857223029,0.914108201681561,analysis_outputs/visual_example_search/raw_results/best_model/postcard/ae-5-m-27/best_model.png,ae-5-m-27,-5.696199058253371,analysis_outputs/visual_example_search/raw_results/best_model/postcard/ae-5-m-27/t_label.png
99.3823104795672,0.9910726848998037,27.15877526709936,0.9505274063504373,analysis_outputs/visual_example_search/raw_results/baseline_model/objects/4-Focus-16-m/baseline_model.png,-23.6110491883004,-0.002393928509166754,-1.011800296883905,-0.004644596795981837,objects,analysis_outputs/visual_example_search/raw_results/best_model/objects/4-Focus-16-m/m_input.png,75.7712612912668,0.988678756390637,26.146974970215457,0.9458828095544555,analysis_outputs/visual_example_search/raw_results/best_model/objects/4-Focus-16-m/best_model.png,4-Focus-16-m,-5.701618120147221,analysis_outputs/visual_example_search/raw_results/best_model/objects/4-Focus-16-m/t_label.png
144.48984884748293,0.9882323229831408,25.703968881630995,0.8948810031947145,analysis_outputs/visual_example_search/raw_results/baseline_model/objects/14-Focus-16-m/baseline_model.png,-36.27645704023212,0.0011976049582689274,-1.043268497948766,-0.007868906755357341,objects,analysis_outputs/visual_example_search/raw_results/best_model/objects/14-Focus-16-m/m_input.png,108.21339180725082,0.9894299279414097,24.66070038368223,0.8870120964393572,analysis_outputs/visual_example_search/raw_results/best_model/objects/14-Focus-16-m/best_model.png,14-Focus-16-m,-6.025912757951367,analysis_outputs/visual_example_search/raw_results/best_model/objects/14-Focus-16-m/t_label.png
275.5632967782654,0.9890649500461585,26.27476690901969,0.8995743261945588,analysis_outputs/visual_example_search/raw_results/baseline_model/objects/14-Focus-13-m/baseline_model.png,-109.91223004105078,0.0011694405869373536,-1.082428992528211,-0.00814107562831623,objects,analysis_outputs/visual_example_search/raw_results/best_model/objects/14-Focus-13-m/m_input.png,165.65106673721462,0.9902343906330958,25.19233791649148,0.8914332505662426,analysis_outputs/visual_example_search/raw_results/best_model/objects/14-Focus-13-m/best_model.png,14-Focus-13-m,-6.440801221775813,analysis_outputs/visual_example_search/raw_results/best_model/objects/14-Focus-13-m/t_label.png
14.184323511907225,0.9880707640557228,26.36335555517481,0.9217132076213903,analysis_outputs/visual_example_search/raw_results/baseline_model/objects/13-Thick-10-m/baseline_model.png,-3.4951130369253,-0.001005449017196347,-1.0719172779172084,-0.010395648346106401,objects,analysis_outputs/visual_example_search/raw_results/best_model/objects/13-Thick-10-m/m_input.png,10.689210474981925,0.9870653150385265,25.2914382772576,0.9113175592752839,analysis_outputs/visual_example_search/raw_results/best_model/objects/13-Thick-10-m/best_model.png,13-Thick-10-m,-6.475516946193416,analysis_outputs/visual_example_search/raw_results/best_model/objects/13-Thick-10-m/t_label.png
9698.002586577764,0.9908142959710075,30.512129542127127,0.9462881085989082,analysis_outputs/visual_example_search/raw_results/baseline_model/wild/55s-m/baseline_model.png,-9582.366847245405,-0.002649809916286605,-1.1057579025683673,0.0016268578880795914,wild,analysis_outputs/visual_example_search/raw_results/best_model/wild/55s-m/m_input.png,115.63573933236049,0.9881644860547208,29.40637163955876,0.9479149664869878,analysis_outputs/visual_example_search/raw_results/best_model/wild/55s-m/best_model.png,55s-m,-6.478236893074503,analysis_outputs/visual_example_search/raw_results/best_model/wild/55s-m/t_label.png
84.43350089386236,0.9894996651842244,26.272892589539538,0.9460980917539458,analysis_outputs/visual_example_search/raw_results/baseline_model/objects/5-Focus-13-m/baseline_model.png,-38.3151049615909,0.0017666760441635843,-1.1282292915265124,-0.0007268114100299483,objects,analysis_outputs/visual_example_search/raw_results/best_model/objects/5-Focus-13-m/m_input.png,46.11839593227146,0.991266341228388,25.144663298013025,0.9453712803439158,analysis_outputs/visual_example_search/raw_results/best_model/objects/5-Focus-13-m/best_model.png,5-Focus-13-m,-6.63964084402092,analysis_outputs/visual_example_search/raw_results/best_model/objects/5-Focus-13-m/t_label.png
1233.857692651224,0.9887999149287247,25.00798667568912,0.8972648718315822,analysis_outputs/visual_example_search/raw_results/baseline_model/objects/3-Focus-13-m/baseline_model.png,-491.84173337461857,0.0005614767879055238,-1.118280492092719,-0.007116124309235139,objects,analysis_outputs/visual_example_search/raw_results/best_model/objects/3-Focus-13-m/m_input.png,742.0159592766054,0.9893613917166302,23.889706183596402,0.8901487475223471,analysis_outputs/visual_example_search/raw_results/best_model/objects/3-Focus-13-m/best_model.png,3-Focus-13-m,-6.790592516083688,analysis_outputs/visual_example_search/raw_results/best_model/objects/3-Focus-13-m/t_label.png
8.287123702626117,0.9899056282102954,26.6479334544595,0.9223519260788255,analysis_outputs/visual_example_search/raw_results/baseline_model/objects/16-Focus-13-m/baseline_model.png,-0.2907724045925191,-0.0012872233285095014,-1.1469435299179302,-0.012236429727039533,objects,analysis_outputs/visual_example_search/raw_results/best_model/objects/16-Focus-13-m/m_input.png,7.996351298033598,0.9886184048817859,25.50098992454157,0.910115496351786,analysis_outputs/visual_example_search/raw_results/best_model/objects/16-Focus-13-m/best_model.png,16-Focus-13-m,-7.325077666096163,analysis_outputs/visual_example_search/raw_results/best_model/objects/16-Focus-13-m/t_label.png
1420.301872091841,0.9892386678199128,25.396579759185084,0.8960776241469817,analysis_outputs/visual_example_search/raw_results/baseline_model/objects/3-Focus-32-m/baseline_model.png,-523.8051181820463,0.0005930129518250116,-1.1904404022577069,-0.00647419602276933,objects,analysis_outputs/visual_example_search/raw_results/best_model/objects/3-Focus-32-m/m_input.png,896.4967539097947,0.9898316807717378,24.206139356927377,0.8896034281242123,analysis_outputs/visual_example_search/raw_results/best_model/objects/3-Focus-32-m/best_model.png,3-Focus-32-m,-7.512989026997605,analysis_outputs/visual_example_search/raw_results/best_model/objects/3-Focus-32-m/t_label.png
1420.301872091841,0.9892386678199128,25.396579759185084,0.8960776241469817,analysis_outputs/visual_example_search/raw_results/baseline_model/objects/3-Thick-5-m/baseline_model.png,-523.8051181820463,0.0005930129518250116,-1.1904404022577069,-0.00647419602276933,objects,analysis_outputs/visual_example_search/raw_results/best_model/objects/3-Thick-5-m/m_input.png,896.4967539097947,0.9898316807717378,24.206139356927377,0.8896034281242123,analysis_outputs/visual_example_search/raw_results/best_model/objects/3-Thick-5-m/best_model.png,3-Thick-5-m,-7.512989026997605,analysis_outputs/visual_example_search/raw_results/best_model/objects/3-Thick-5-m/t_label.png
2111.8340931145094,0.9370487138538703,20.102728546021506,0.8790260826967845,analysis_outputs/visual_example_search/raw_results/baseline_model/postcard/ab-5-m-16/baseline_model.png,-483.55854189957563,-0.006221958468289879,-1.1341829080266272,-0.016562145844857823,postcard,analysis_outputs/visual_example_search/raw_results/best_model/postcard/ab-5-m-16/m_input.png,1628.2755512149338,0.9308267553855805,18.96854563799488,0.8624639368519267,analysis_outputs/visual_example_search/raw_results/best_model/postcard/ab-5-m-16/best_model.png,ab-5-m-16,-7.517333700568651,analysis_outputs/visual_example_search/raw_results/best_model/postcard/ab-5-m-16/t_label.png
7.930054696343828,0.9903054078214675,26.901351971906507,0.9223254179708212,analysis_outputs/visual_example_search/raw_results/baseline_model/objects/16-Focus-19-m/baseline_model.png,-0.9053581605288068,-0.001319564608283419,-1.2082924826006263,-0.010619384083714767,objects,analysis_outputs/visual_example_search/raw_results/best_model/objects/16-Focus-19-m/m_input.png,7.024696535815021,0.9889858432131841,25.69305948930588,0.9117060338871065,analysis_outputs/visual_example_search/raw_results/best_model/objects/16-Focus-19-m/best_model.png,16-Focus-19-m,-7.903552191093074,analysis_outputs/visual_example_search/raw_results/best_model/objects/16-Focus-19-m/t_label.png
295.8697818879943,0.9889528615277478,26.128088105943643,0.9481811770987273,analysis_outputs/visual_example_search/raw_results/baseline_model/objects/5-Focus-11-m/baseline_model.png,-234.69950540525656,0.0016855360060918922,-1.2685307068171134,-0.0016844714105366254,objects,analysis_outputs/visual_example_search/raw_results/best_model/objects/5-Focus-11-m/m_input.png,61.17027648273775,0.9906383975338396,24.85955739912653,0.9464967056881907,analysis_outputs/visual_example_search/raw_results/best_model/objects/5-Focus-11-m/best_model.png,5-Focus-11-m,-8.124968736326657,analysis_outputs/visual_example_search/raw_results/best_model/objects/5-Focus-11-m/t_label.png
395.8463751078019,0.9434052133985483,21.163446559660006,0.8561637350495714,analysis_outputs/visual_example_search/raw_results/baseline_model/postcard/hb-5-m-19/baseline_model.png,-104.16696202770413,-0.011002019729208445,-1.1574879398802302,-0.035259589710527894,postcard,analysis_outputs/visual_example_search/raw_results/best_model/postcard/hb-5-m-19/m_input.png,291.6794130800978,0.9324031936693399,20.005958619779776,0.8209041453390435,analysis_outputs/visual_example_search/raw_results/best_model/postcard/hb-5-m-19/best_model.png,hb-5-m-19,-8.579865042486482,analysis_outputs/visual_example_search/raw_results/best_model/postcard/hb-5-m-19/t_label.png
115.29476679988454,0.986924960524927,25.814806031063398,0.9318323616828877,analysis_outputs/visual_example_search/raw_results/baseline_model/objects/5-Thick-10-m/baseline_model.png,-50.9631997039817,0.0018250403768380608,-1.3614797218787515,-2.5799081575628158e-05,objects,analysis_outputs/visual_example_search/raw_results/best_model/objects/5-Thick-10-m/m_input.png,64.33156709590284,0.988750000901765,24.453326309184646,0.9318065626013121,analysis_outputs/visual_example_search/raw_results/best_model/objects/5-Thick-10-m/best_model.png,5-Thick-10-m,-9.023900751181294,analysis_outputs/visual_example_search/raw_results/best_model/objects/5-Thick-10-m/t_label.png
14.363311543573294,0.9848621212415763,25.435688787926154,0.905440624755995,analysis_outputs/visual_example_search/raw_results/baseline_model/objects/13-Thick-3-m/baseline_model.png,-1.2892259448557422,-0.0027774154872282075,-1.356682838017921,-0.011319204756347623,objects,analysis_outputs/visual_example_search/raw_results/best_model/objects/13-Thick-3-m/m_input.png,13.074085598717552,0.9820847057543481,24.079005949908233,0.8941214199996473,analysis_outputs/visual_example_search/raw_results/best_model/objects/13-Thick-3-m/best_model.png,13-Thick-3-m,-9.512437701377007,analysis_outputs/visual_example_search/raw_results/best_model/objects/13-Thick-3-m/t_label.png
295.71783972791036,0.9516764991539872,21.40122640015089,0.8759292109110502,analysis_outputs/visual_example_search/raw_results/baseline_model/postcard/hb-5-m-11/baseline_model.png,-12.01314346343895,-0.013356179450241035,-1.2632895906952513,-0.041448379489523846,postcard,analysis_outputs/visual_example_search/raw_results/best_model/postcard/hb-5-m-11/m_input.png,283.7046962644714,0.9383203197037462,20.13793680945564,0.8344808314215264,analysis_outputs/visual_example_search/raw_results/best_model/postcard/hb-5-m-11/best_model.png,hb-5-m-11,-9.972152000076033,analysis_outputs/visual_example_search/raw_results/best_model/postcard/hb-5-m-11/t_label.png
488.33368368698194,0.9723372445009801,25.23970157223251,0.9268109081262099,analysis_outputs/visual_example_search/raw_results/baseline_model/wild/65-m/baseline_model.png,-184.74002015745253,0.0020254969973531045,-1.6525397736990968,0.0004742917054975093,wild,analysis_outputs/visual_example_search/raw_results/best_model/wild/65-m/m_input.png,303.5936635295294,0.9743627414983332,23.587161798533412,0.9272851998317074,analysis_outputs/visual_example_search/raw_results/best_model/wild/65-m/best_model.png,65-m,-12.013749610652734,analysis_outputs/visual_example_search/raw_results/best_model/wild/65-m/t_label.png
84.84417843295915,0.9711519140278532,24.644028049167474,0.9174805361280085,analysis_outputs/visual_example_search/raw_results/baseline_model/postcard/eh-10-m-3/baseline_model.png,-29.472571672738056,0.0053104702413036,-1.7353310923521654,-0.006388512607162777,postcard,analysis_outputs/visual_example_search/raw_results/best_model/postcard/eh-10-m-3/m_input.png,55.3716067602211,0.9764623842691568,22.90869695681531,0.9110920235208457,analysis_outputs/visual_example_search/raw_results/best_model/postcard/eh-10-m-3/best_model.png,eh-10-m-3,-13.022590806190484,analysis_outputs/visual_example_search/raw_results/best_model/postcard/eh-10-m-3/t_label.png
22.85890525321977,0.9698977128329568,25.06863541885848,0.8791325983795536,analysis_outputs/visual_example_search/raw_results/baseline_model/real20/9/baseline_model.png,-7.57802023532356,0.002115168229961051,-1.768365851598972,-0.001639360358484665,real20,analysis_outputs/visual_example_search/raw_results/best_model/real20/9/m_input.png,15.28088501789621,0.9720128810629178,23.30026956725951,0.8774932380210689,analysis_outputs/visual_example_search/raw_results/best_model/real20/9/best_model.png,9,-13.277612206653979,analysis_outputs/visual_example_search/raw_results/best_model/real20/9/t_label.png
171.6533580982965,0.9205891904600146,22.592206664383486,0.8569543316385532,analysis_outputs/visual_example_search/raw_results/baseline_model/postcard/ie-10-m-3/baseline_model.png,-13.378209551855264,-0.0023681063464557894,-1.832894171241442,-0.004050380006235033,postcard,analysis_outputs/visual_example_search/raw_results/best_model/postcard/ie-10-m-3/m_input.png,158.27514854644124,0.9182210841135588,20.759312493142044,0.8529039516323181,analysis_outputs/visual_example_search/raw_results/best_model/postcard/ie-10-m-3/best_model.png,ie-10-m-3,-14.164553458505745,analysis_outputs/visual_example_search/raw_results/best_model/postcard/ie-10-m-3/t_label.png
93.36766634723656,0.9467160348974752,24.83451468719466,0.9144627830944577,analysis_outputs/visual_example_search/raw_results/baseline_model/wild/78-m/baseline_model.png,-44.91989664843439,-0.00547776593343785,-1.8594873711783109,0.0021030688363710137,wild,analysis_outputs/visual_example_search/raw_results/best_model/wild/78-m/m_input.png,48.447769698802176,0.9412382689640374,22.975027316016348,0.9165658519308287,analysis_outputs/visual_example_search/raw_results/best_model/wild/78-m/best_model.png,78-m,-14.35384792227026,analysis_outputs/visual_example_search/raw_results/best_model/wild/78-m/t_label.png
335.67890319468216,0.930002887811705,23.099131796700828,0.9005290570012582,analysis_outputs/visual_example_search/raw_results/baseline_model/postcard/he-10-m-3/baseline_model.png,-46.2714873827058,-0.02347790003861483,-1.8077456864201622,-0.001596521206463919,postcard,analysis_outputs/visual_example_search/raw_results/best_model/postcard/he-10-m-3/m_input.png,289.40741581197636,0.9065249877730902,21.291386110280666,0.8989325357947943,analysis_outputs/visual_example_search/raw_results/best_model/postcard/he-10-m-3/best_model.png,he-10-m-3,-14.557643503252764,analysis_outputs/visual_example_search/raw_results/best_model/postcard/he-10-m-3/t_label.png
28.00717543452688,0.9869512752980557,25.921477675936696,0.9238776627692543,analysis_outputs/visual_example_search/raw_results/baseline_model/objects/13-Focus-11-m/baseline_model.png,-1.1541075479474152,-0.0033610418776528483,-1.8549760149378187,-0.018529567615534148,objects,analysis_outputs/visual_example_search/raw_results/best_model/objects/13-Focus-11-m/m_input.png,26.853067886579463,0.9835902334204029,24.066501660998878,0.9053480951537202,analysis_outputs/visual_example_search/raw_results/best_model/objects/13-Focus-11-m/best_model.png,13-Focus-11-m,-14.934256819952338,analysis_outputs/visual_example_search/raw_results/best_model/objects/13-Focus-11-m/t_label.png
77.26840437085069,0.9689375248549273,24.89022731211698,0.9272597272223897,analysis_outputs/visual_example_search/raw_results/baseline_model/postcard/eh-3-m-32/baseline_model.png,-22.98155492566719,0.004231783970445435,-1.9348171146933808,-0.004940245722099612,postcard,analysis_outputs/visual_example_search/raw_results/best_model/postcard/eh-3-m-32/m_input.png,54.2868494451835,0.9731693088253728,22.9554101974236,0.9223194815002901,analysis_outputs/visual_example_search/raw_results/best_model/postcard/eh-3-m-32/best_model.png,eh-3-m-32,-15.060224186177285,analysis_outputs/visual_example_search/raw_results/best_model/postcard/eh-3-m-32/t_label.png
160.61960500846502,0.9826994283440118,26.785201119807862,0.9393611714436068,analysis_outputs/visual_example_search/raw_results/baseline_model/wild/64-m/baseline_model.png,-89.30426056610783,-0.0015175234770010704,-2.1412300297908473,-0.007997065682776139,wild,analysis_outputs/visual_example_search/raw_results/best_model/wild/64-m/m_input.png,71.31534444235719,0.9811819048670107,24.643971090017015,0.9313641057608306,analysis_outputs/visual_example_search/raw_results/best_model/wild/64-m/best_model.png,64-m,-17.459054261764294,analysis_outputs/visual_example_search/raw_results/best_model/wild/64-m/t_label.png
155.91955324925394,0.9225339304224572,21.622969436919508,0.84305544904282,analysis_outputs/visual_example_search/raw_results/baseline_model/postcard/ei-5-m-32/baseline_model.png,-1.8065728202476237,0.022793345746250693,-2.6451101553013707,-0.01912807201351019,postcard,analysis_outputs/visual_example_search/raw_results/best_model/postcard/ei-5-m-32/m_input.png,154.1129804290063,0.9453272761687079,18.977859281618137,0.8239273770293098,analysis_outputs/visual_example_search/raw_results/best_model/postcard/ei-5-m-32/best_model.png,ei-5-m-32,-22.432453814930753,analysis_outputs/visual_example_search/raw_results/best_model/postcard/ei-5-m-32/t_label.png
3.23910601709543,0.9241189513565463,23.60819691064026,0.6703055134348502,analysis_outputs/visual_example_search/raw_results/baseline_model/wild/89-m/baseline_model.png,0.036188115005715726,0.06933790055391753,9.907884137229594,0.2559905116495469,wild,analysis_outputs/visual_example_search/raw_results/best_model/wild/89-m/m_input.png,3.2752941321011457,0.9934568519104638,33.516081047869854,0.9262960250843971,analysis_outputs/visual_example_search/raw_results/best_model/wild/89-m/best_model.png,89-m,-24.75227665488592,analysis_outputs/visual_example_search/raw_results/best_model/wild/89-m/t_label.png
13.977370142096115,0.9665067809400419,25.21850939679582,0.8560523274643654,analysis_outputs/visual_example_search/raw_results/baseline_model/wild/66-m/baseline_model.png,-3.4014927389677254,-0.011215350651098022,-2.6700028962154434,-0.07110673680581037,wild,analysis_outputs/visual_example_search/raw_results/best_model/wild/66-m/m_input.png,10.57587740312839,0.9552914302889439,22.548506500580377,0.7849455906585551,analysis_outputs/visual_example_search/raw_results/best_model/wild/66-m/best_model.png,66-m,-25.471302988551376,analysis_outputs/visual_example_search/raw_results/best_model/wild/66-m/t_label.png
1.1056675755028087,0.9490087338656527,29.83360337508668,0.9411538544494258,analysis_outputs/visual_example_search/raw_results/baseline_model/ceilnet_table2/2010_003717/baseline_model.png,0.1152614390370037,0.0063345837106425495,0.8120074944364752,0.007711739080199842,ceilnet_table2,analysis_outputs/visual_example_search/raw_results/best_model/ceilnet_table2/2010_003717/m_input.png,1.2209290145398124,0.9553433175762952,30.645610869523153,0.9488655935296256,analysis_outputs/visual_example_search/raw_results/best_model/ceilnet_table2/2010_003717/best_model.png,2010_003717,-114.63961180242048,analysis_outputs/visual_example_search/raw_results/best_model/ceilnet_table2/2010_003717/t_label.png
2.4202682254661942,0.9794767851871317,28.67383589301998,0.9073788897074766,analysis_outputs/visual_example_search/raw_results/baseline_model/real20/46/baseline_model.png,0.14919511928629303,-0.0024014052077782067,-0.00490528567782178,0.02203130879507853,real20,analysis_outputs/visual_example_search/raw_results/best_model/real20/46/m_input.png,2.5694633447524873,0.9770753799793535,28.66893060734216,0.9294101985025551,analysis_outputs/visual_example_search/raw_results/best_model/real20/46/best_model.png,46,-148.77907370069244,analysis_outputs/visual_example_search/raw_results/best_model/real20/46/t_label.png
7.497617463505094,0.9691423536658121,24.12518951553075,0.8860183988189486,analysis_outputs/visual_example_search/raw_results/baseline_model/ceilnet_table2/2012_003303/baseline_model.png,0.2557873317842754,0.010826637011238538,1.8833841805489016,0.01645166475601001,ceilnet_table2,analysis_outputs/visual_example_search/raw_results/best_model/ceilnet_table2/2012_003303/m_input.png,7.753404795289369,0.9799689906770507,26.00857369607965,0.9024700635749586,analysis_outputs/visual_example_search/raw_results/best_model/ceilnet_table2/2012_003303/best_model.png,2012_003303,-254.47757951324454,analysis_outputs/visual_example_search/raw_results/best_model/ceilnet_table2/2012_003303/t_label.png
35.69542693091337,0.9340099556889423,23.415503927278092,0.8851501444527905,analysis_outputs/visual_example_search/raw_results/baseline_model/postcard/ie-5-m-19/baseline_model.png,0.2493814437441273,-0.006579795360093121,-1.7086409949096577,-0.007330012220736037,postcard,analysis_outputs/visual_example_search/raw_results/best_model/postcard/ie-5-m-19/m_input.png,35.9448083746575,0.9274301603288492,21.706862932368434,0.8778201322320545,analysis_outputs/visual_example_search/raw_results/best_model/postcard/ie-5-m-19/best_model.png,ie-5-m-19,-267.5242439568561,analysis_outputs/visual_example_search/raw_results/best_model/postcard/ie-5-m-19/t_label.png
83.6356091248769,0.9847088577200741,24.966704271247522,0.8784734694267736,analysis_outputs/visual_example_search/raw_results/baseline_model/objects/14-Thick-3-m/baseline_model.png,0.31458448436960396,0.0020092391623137695,-1.0134805383228525,-0.005524198960267235,objects,analysis_outputs/visual_example_search/raw_results/best_model/objects/14-Thick-3-m/m_input.png,83.9501936092465,0.9867180968823879,23.95322373292467,0.8729492704665064,analysis_outputs/visual_example_search/raw_results/best_model/objects/14-Thick-3-m/best_model.png,14-Thick-3-m,-325.20023258349164,analysis_outputs/visual_example_search/raw_results/best_model/objects/14-Thick-3-m/t_label.png
3.1363906362914196,0.9777705849809807,25.247099625676885,0.9388507361095425,analysis_outputs/visual_example_search/raw_results/baseline_model/ceilnet_table2/2011_002974/baseline_model.png,0.37614185116779586,-0.00999799582101435,-1.3996070540941261,0.006798465685381783,ceilnet_table2,analysis_outputs/visual_example_search/raw_results/best_model/ceilnet_table2/2011_002974/m_input.png,3.5125324874592154,0.9677725891599663,23.84749257158276,0.9456492017949243,analysis_outputs/visual_example_search/raw_results/best_model/ceilnet_table2/2011_002974/best_model.png,2011_002974,-390.7844256050361,analysis_outputs/visual_example_search/raw_results/best_model/ceilnet_table2/2011_002974/t_label.png
21.28076658046743,0.9821672903285472,25.412996847397974,0.9151420678180738,analysis_outputs/visual_example_search/raw_results/baseline_model/wild/30-m/baseline_model.png,0.4150284572953318,0.0034571275842476545,1.58105786537228,0.004808777563878763,wild,analysis_outputs/visual_example_search/raw_results/best_model/wild/30-m/m_input.png,21.69579503776276,0.9856244179127949,26.994054712770254,0.9199508453819526,analysis_outputs/visual_example_search/raw_results/best_model/wild/30-m/best_model.png,30-m,-414.29479037817123,analysis_outputs/visual_example_search/raw_results/best_model/wild/30-m/t_label.png
75.91199935234197,0.9574573360921753,21.10634956187108,0.8398741118489257,analysis_outputs/visual_example_search/raw_results/baseline_model/postcard/eb-5-m-27/baseline_model.png,0.43180648461762416,0.014885632739573773,0.549511989124909,0.007804845203697841,postcard,analysis_outputs/visual_example_search/raw_results/best_model/postcard/eb-5-m-27/m_input.png,76.34380583695959,0.9723429688317491,21.65586155099599,0.8476789570526235,analysis_outputs/visual_example_search/raw_results/best_model/postcard/eb-5-m-27/best_model.png,eb-5-m-27,-431.05605200600075,analysis_outputs/visual_example_search/raw_results/best_model/postcard/eb-5-m-27/t_label.png
4.012119529067095,0.9932281454244969,28.942042826779062,0.9481596906182332,analysis_outputs/visual_example_search/raw_results/baseline_model/ceilnet_table2/2008_007026/baseline_model.png,0.4399865432545127,-0.00016437357933696273,0.5087831076946365,0.012969069662025934,ceilnet_table2,analysis_outputs/visual_example_search/raw_results/best_model/ceilnet_table2/2008_007026/m_input.png,4.452106072321608,0.9930637718451599,29.4508259344737,0.9611287602802592,analysis_outputs/visual_example_search/raw_results/best_model/ceilnet_table2/2008_007026/best_model.png,2008_007026,-439.49847521900733,analysis_outputs/visual_example_search/raw_results/best_model/ceilnet_table2/2008_007026/t_label.png
7.943121585516026,0.9901512427837812,26.76269348636728,0.9256682314983641,analysis_outputs/visual_example_search/raw_results/baseline_model/objects/16-Focus-11-m/baseline_model.png,0.43781526441367014,-0.0004721536444890484,-0.9452120233887484,-0.011500461071080714,objects,analysis_outputs/visual_example_search/raw_results/best_model/objects/16-Focus-11-m/m_input.png,8.380936849929697,0.9896790891392921,25.81748146297853,0.9141677704272834,analysis_outputs/visual_example_search/raw_results/best_model/objects/16-Focus-11-m/best_model.png,16-Focus-11-m,-448.00149683706553,analysis_outputs/visual_example_search/raw_results/best_model/objects/16-Focus-11-m/t_label.png
3.597565215419375,0.9491732116857733,27.61483082133313,0.7154910962660952,analysis_outputs/visual_example_search/raw_results/baseline_model/wild/75-m/baseline_model.png,0.45798602366123387,-0.009414418512404654,0.25576083783968784,0.14732921492618123,wild,analysis_outputs/visual_example_search/raw_results/best_model/wild/75-m/m_input.png,4.055551239080609,0.9397587931733686,27.870591659172817,0.8628203111922764,analysis_outputs/visual_example_search/raw_results/best_model/wild/75-m/best_model.png,75-m,-454.54704432340026,analysis_outputs/visual_example_search/raw_results/best_model/wild/75-m/t_label.png
19.881568023237254,0.9702336133198047,19.53013776821044,0.9073936100462818,analysis_outputs/visual_example_search/raw_results/baseline_model/objects/18-Focus-13-m/baseline_model.png,0.47970774500502955,0.004275008799823454,0.7459992671841071,0.00022077118511543148,objects,analysis_outputs/visual_example_search/raw_results/best_model/objects/18-Focus-13-m/m_input.png,20.361275768242283,0.9745086221196282,20.276137035394548,0.9076143812313973,analysis_outputs/visual_example_search/raw_results/best_model/objects/18-Focus-13-m/best_model.png,18-Focus-13-m,-479.3466840830114,analysis_outputs/visual_example_search/raw_results/best_model/objects/18-Focus-13-m/t_label.png
4.731893438746519,0.9887358462647177,27.725625262943577,0.9369941137646753,analysis_outputs/visual_example_search/raw_results/baseline_model/ceilnet_table2/2011_000449/baseline_model.png,0.4902222347757297,0.0038399400758974966,1.7994093481004256,0.006364326064002501,ceilnet_table2,analysis_outputs/visual_example_search/raw_results/best_model/ceilnet_table2/2011_000449/m_input.png,5.222115673522248,0.9925757863406152,29.525034611044003,0.9433584398286778,analysis_outputs/visual_example_search/raw_results/best_model/ceilnet_table2/2011_000449/best_model.png,2011_000449,-489.3673250061987,analysis_outputs/visual_example_search/raw_results/best_model/ceilnet_table2/2011_000449/t_label.png
3.9904655160221907,0.989489083371983,28.65533934209586,0.952742999300173,analysis_outputs/visual_example_search/raw_results/baseline_model/ceilnet_table2/2011_001955/baseline_model.png,0.5516976880388453,0.0004215268664743421,-0.057371760265361615,0.006689681543207815,ceilnet_table2,analysis_outputs/visual_example_search/raw_results/best_model/ceilnet_table2/2011_001955/m_input.png,4.542163204061036,0.9899106102384574,28.5979675818305,0.9594326808433808,analysis_outputs/visual_example_search/raw_results/best_model/ceilnet_table2/2011_001955/best_model.png,2011_001955,-552.1127493513453,analysis_outputs/visual_example_search/raw_results/best_model/ceilnet_table2/2011_001955/t_label.png
7.423392648621569,0.9660357790800145,22.09991637397445,0.9158628414093508,analysis_outputs/visual_example_search/raw_results/baseline_model/ceilnet_table2/2009_001417/baseline_model.png,0.5537116287385091,0.010154355456899022,1.5204307913735704,0.013312675363303939,ceilnet_table2,analysis_outputs/visual_example_search/raw_results/best_model/ceilnet_table2/2009_001417/m_input.png,7.977104277360078,0.9761901345369135,23.620347165348022,0.9291755167726548,analysis_outputs/visual_example_search/raw_results/best_model/ceilnet_table2/2009_001417/best_model.png,2009_001417,-552.6181427042129,analysis_outputs/visual_example_search/raw_results/best_model/ceilnet_table2/2009_001417/t_label.png
3.31475158828509,0.9952860259789287,30.1312977672594,0.9782129458445522,analysis_outputs/visual_example_search/raw_results/baseline_model/ceilnet_table2/2008_005178/baseline_model.png,0.6549012781955987,0.0007045768060690571,1.3442577677094327,0.005395330375846941,ceilnet_table2,analysis_outputs/visual_example_search/raw_results/best_model/ceilnet_table2/2008_005178/m_input.png,3.969652866480689,0.9959906027849977,31.475555534968834,0.9836082762203991,analysis_outputs/visual_example_search/raw_results/best_model/ceilnet_table2/2008_005178/best_model.png,2008_005178,-654.300694593481,analysis_outputs/visual_example_search/raw_results/best_model/ceilnet_table2/2008_005178/t_label.png
4.645623250856376,0.5324783623267861,21.587260870308338,0.6180175648841252,analysis_outputs/visual_example_search/raw_results/baseline_model/wild/76s-m/baseline_model.png,0.7116435196047162,0.14377219392546303,0.44925517717086905,0.142947303208238,wild,analysis_outputs/visual_example_search/raw_results/best_model/wild/76s-m/m_input.png,5.357266770461092,0.6762505562522492,22.036516047479207,0.7609648680923632,analysis_outputs/visual_example_search/raw_results/best_model/wild/76s-m/best_model.png,76s-m,-704.32578045065,analysis_outputs/visual_example_search/raw_results/best_model/wild/76s-m/t_label.png
16.47838756897134,0.9692885158245689,19.345668574198445,0.8897516686878113,analysis_outputs/visual_example_search/raw_results/baseline_model/objects/18-Focus-27-m/baseline_model.png,0.774491708872965,0.0050121470349344666,0.9065637429214135,0.0006662690423938633,objects,analysis_outputs/visual_example_search/raw_results/best_model/objects/18-Focus-27-m/m_input.png,17.252879277844304,0.9743006628595033,20.25223231711986,0.8904179377302052,analysis_outputs/visual_example_search/raw_results/best_model/objects/18-Focus-27-m/best_model.png,18-Focus-27-m,-774.0475605567248,analysis_outputs/visual_example_search/raw_results/best_model/objects/18-Focus-27-m/t_label.png
49.33181473905355,0.9422915325587192,23.252744572509243,0.929733665614806,analysis_outputs/visual_example_search/raw_results/baseline_model/postcard/ae-5-m-13/baseline_model.png,0.8020952003001085,0.0007511240005457775,-0.25606389871406066,-0.002639179310292228,postcard,analysis_outputs/visual_example_search/raw_results/best_model/postcard/ae-5-m-13/m_input.png,50.13390993935366,0.943042656559265,22.996680673795183,0.9270944863045137,analysis_outputs/visual_example_search/raw_results/best_model/postcard/ae-5-m-13/best_model.png,ae-5-m-13,-804.8147870960003,analysis_outputs/visual_example_search/raw_results/best_model/postcard/ae-5-m-13/t_label.png
4.988098746078903,0.9852398673794592,24.702537902005137,0.8663674652825687,analysis_outputs/visual_example_search/raw_results/baseline_model/objects/8-Focus-13-m/baseline_model.png,0.8001291869678999,0.0009896528238406699,-0.7374339565778207,-0.012812533815721117,objects,analysis_outputs/visual_example_search/raw_results/best_model/objects/8-Focus-13-m/m_input.png,5.7882279330468025,0.9862295202032999,23.965103945427316,0.8535549314668476,analysis_outputs/visual_example_search/raw_results/best_model/objects/8-Focus-13-m/best_model.png,8-Focus-13-m,-808.1730352154917,analysis_outputs/visual_example_search/raw_results/best_model/objects/8-Focus-13-m/t_label.png
11.217934446746417,0.9909663971617729,27.41098427946271,0.9238327685526411,analysis_outputs/visual_example_search/raw_results/baseline_model/objects/12-Thick-10-m/baseline_model.png,0.8309854514204051,0.000675008033736213,-0.35790815071722193,0.0020751326238558354,objects,analysis_outputs/visual_example_search/raw_results/best_model/objects/12-Thick-10-m/m_input.png,12.048919898166822,0.9916414051955091,27.053076128745488,0.9259079011764969,analysis_outputs/visual_example_search/raw_results/best_model/objects/12-Thick-10-m/best_model.png,12-Thick-10-m,-834.6150821280434,analysis_outputs/visual_example_search/raw_results/best_model/objects/12-Thick-10-m/t_label.png
5.914310889591914,0.9880935096968635,28.70447929023733,0.9291675622852563,analysis_outputs/visual_example_search/raw_results/baseline_model/ceilnet_table2/2009_004548/baseline_model.png,0.8568751998442563,0.0027762338620417326,0.6542480751185984,0.0006178680762610744,ceilnet_table2,analysis_outputs/visual_example_search/raw_results/best_model/ceilnet_table2/2009_004548/m_input.png,6.771186089436171,0.9908697435589052,29.35872736535593,0.9297854303615174,analysis_outputs/visual_example_search/raw_results/best_model/ceilnet_table2/2009_004548/best_model.png,2009_004548,-856.5722646040925,analysis_outputs/visual_example_search/raw_results/best_model/ceilnet_table2/2009_004548/t_label.png
5.147969771431687,0.9499501435841324,24.776699342510557,0.9510788380726124,analysis_outputs/visual_example_search/raw_results/baseline_model/ceilnet_table2/2009_003007/baseline_model.png,0.9289370680884073,0.008229290001496525,0.9759316745104449,0.008982142350764222,ceilnet_table2,analysis_outputs/visual_example_search/raw_results/best_model/ceilnet_table2/2009_003007/m_input.png,6.0769068395200945,0.958179433585629,25.752631017021002,0.9600609804233766,analysis_outputs/visual_example_search/raw_results/best_model/ceilnet_table2/2009_003007/best_model.png,2009_003007,-928.1814717214306,analysis_outputs/visual_example_search/raw_results/best_model/ceilnet_table2/2009_003007/t_label.png
1.8503562231236184,0.9669890477429351,27.40964769849474,0.8713293978064472,analysis_outputs/visual_example_search/raw_results/baseline_model/wild/83-m/baseline_model.png,0.9491490404239622,0.012149788610974266,2.858246017988421,0.034078359445954165,wild,analysis_outputs/visual_example_search/raw_results/best_model/wild/83-m/m_input.png,2.7995052635475806,0.9791388363539094,30.26789371648316,0.9054077572524014,analysis_outputs/visual_example_search/raw_results/best_model/wild/83-m/best_model.png,83-m,-947.0405880498762,analysis_outputs/visual_example_search/raw_results/best_model/wild/83-m/t_label.png
10.087668886814715,0.9881863701687509,25.760773085877673,0.9172234061322029,analysis_outputs/visual_example_search/raw_results/baseline_model/objects/12-Focus-13-m/baseline_model.png,0.9619778516530655,0.000471032947093164,-0.5595882631513689,-0.0029213313196362334,objects,analysis_outputs/visual_example_search/raw_results/best_model/objects/12-Focus-13-m/m_input.png,11.04964673846778,0.988657403115844,25.201184822726304,0.9143020748125666,analysis_outputs/visual_example_search/raw_results/best_model/objects/12-Focus-13-m/best_model.png,12-Focus-13-m,-967.8507344781397,analysis_outputs/visual_example_search/raw_results/best_model/objects/12-Focus-13-m/t_label.png
8.943517387594557,0.9437082188225948,22.385109679862428,0.8609051144940416,analysis_outputs/visual_example_search/raw_results/baseline_model/real20/3/baseline_model.png,0.9973191323502881,0.01177746751251263,0.01895430966039413,0.010374247383539204,real20,analysis_outputs/visual_example_search/raw_results/best_model/real20/3/m_input.png,9.940836519944845,0.9554856863351074,22.40406398952282,0.8712793618775808,analysis_outputs/visual_example_search/raw_results/best_model/real20/3/best_model.png,3,-996.7590213746666,analysis_outputs/visual_example_search/raw_results/best_model/real20/3/t_label.png
8.802686426287616,0.974613960615116,26.748964048282954,0.9434002856144437,analysis_outputs/visual_example_search/raw_results/baseline_model/ceilnet_table2/2009_001653/baseline_model.png,1.0107584276303374,0.0026250128724475408,0.7264943824166785,0.009317771061536972,ceilnet_table2,analysis_outputs/visual_example_search/raw_results/best_model/ceilnet_table2/2009_001653/m_input.png,9.813444853917954,0.9772389734875635,27.475458430699632,0.9527180566759806,analysis_outputs/visual_example_search/raw_results/best_model/ceilnet_table2/2009_001653/best_model.png,2009_001653,-1010.217693237849,analysis_outputs/visual_example_search/raw_results/best_model/ceilnet_table2/2009_001653/t_label.png
5.17243379375768,0.9848151676803614,24.510814786296137,0.8706777745810103,analysis_outputs/visual_example_search/raw_results/baseline_model/objects/8-Focus-11-m/baseline_model.png,1.0132179420159986,0.0012322286964755458,-0.5562609548369899,-0.009780067510096413,objects,analysis_outputs/visual_example_search/raw_results/best_model/objects/8-Focus-11-m/m_input.png,6.185651735773678,0.9860473963768369,23.954553831459148,0.8608977070709138,analysis_outputs/visual_example_search/raw_results/best_model/objects/8-Focus-11-m/best_model.png,8-Focus-11-m,-1019.277468528089,analysis_outputs/visual_example_search/raw_results/best_model/objects/8-Focus-11-m/t_label.png
4.319009809284871,0.9961616055091483,32.704960380669256,0.9689403973248102,analysis_outputs/visual_example_search/raw_results/baseline_model/ceilnet_table2/2008_006409/baseline_model.png,1.0294994710441117,0.0009999029121252612,1.2511624501131067,0.01063132715732984,ceilnet_table2,analysis_outputs/visual_example_search/raw_results/best_model/ceilnet_table2/2008_006409/m_input.png,5.348509280328983,0.9971615084212736,33.95612283078236,0.97957172448214,analysis_outputs/visual_example_search/raw_results/best_model/ceilnet_table2/2008_006409/best_model.png,2008_006409,-1028.7916361423377,analysis_outputs/visual_example_search/raw_results/best_model/ceilnet_table2/2008_006409/t_label.png
11.133145083100493,0.9882630424834692,25.6976596557582,0.9135773393314843,analysis_outputs/visual_example_search/raw_results/baseline_model/objects/12-Focus-22-m/baseline_model.png,1.0208508543172208,7.23577344878823e-05,-0.7898164664089613,-0.0036257769836059994,objects,analysis_outputs/visual_example_search/raw_results/best_model/objects/12-Focus-22-m/m_input.png,12.153995937417713,0.9883354002179571,24.90784318934924,0.9099515623478783,analysis_outputs/visual_example_search/raw_results/best_model/objects/12-Focus-22-m/best_model.png,12-Focus-22-m,-1029.1373843878441,analysis_outputs/visual_example_search/raw_results/best_model/objects/12-Focus-22-m/t_label.png
3.3973536251759158,0.9933735882485362,28.660758849287067,0.9707072188558552,analysis_outputs/visual_example_search/raw_results/baseline_model/ceilnet_table2/2007_004049/baseline_model.png,1.040703334305689,0.0014855683650809581,2.294863435856101,0.007085963322073563,ceilnet_table2,analysis_outputs/visual_example_search/raw_results/best_model/ceilnet_table2/2007_004049/m_input.png,4.438056959481605,0.9948591566136171,30.955622285143168,0.9777931821779288,analysis_outputs/visual_example_search/raw_results/best_model/ceilnet_table2/2007_004049/best_model.png,2007_004049,-1039.7240915348916,analysis_outputs/visual_example_search/raw_results/best_model/ceilnet_table2/2007_004049/t_label.png
1.4703082581712161,0.9882315632823886,26.45610977711732,0.8079252181628016,analysis_outputs/visual_example_search/raw_results/baseline_model/wild/61-m/baseline_model.png,1.0496815794649228,-0.0009311186706640884,-0.2062717339574469,0.07886852986964421,wild,analysis_outputs/visual_example_search/raw_results/best_model/wild/61-m/m_input.png,2.519989837636139,0.9873004446117245,26.249838043159873,0.8867937480324458,analysis_outputs/visual_example_search/raw_results/best_model/wild/61-m/best_model.png,61-m,-1049.873929955882,analysis_outputs/visual_example_search/raw_results/best_model/wild/61-m/t_label.png
8.94280569209329,0.9843644400668383,25.79309562239523,0.9463650506961133,analysis_outputs/visual_example_search/raw_results/baseline_model/ceilnet_table2/2011_006779/baseline_model.png,1.1831491044814673,0.004053504611851277,0.6934858008992251,0.006463269695712315,ceilnet_table2,analysis_outputs/visual_example_search/raw_results/best_model/ceilnet_table2/2011_006779/m_input.png,10.125954796574757,0.9884179446786896,26.486581423294457,0.9528283203918256,analysis_outputs/visual_example_search/raw_results/best_model/ceilnet_table2/2011_006779/best_model.png,2011_006779,-1182.6550231901451,analysis_outputs/visual_example_search/raw_results/best_model/ceilnet_table2/2011_006779/t_label.png
17.429949384795524,0.98679475607932,25.844346194226194,0.9189090158404367,analysis_outputs/visual_example_search/raw_results/baseline_model/objects/13-Focus-19-m/baseline_model.png,1.1827434539741866,-0.0035399016598209876,-1.7073308341268962,-0.017195006810918678,objects,analysis_outputs/visual_example_search/raw_results/best_model/objects/13-Focus-19-m/m_input.png,18.61269283876971,0.983254854419499,24.137015360099298,0.901714009029518,analysis_outputs/visual_example_search/raw_results/best_model/objects/13-Focus-19-m/best_model.png,13-Focus-19-m,-1201.1115943899738,analysis_outputs/visual_example_search/raw_results/best_model/objects/13-Focus-19-m/t_label.png
4.318163577680239,0.9873644079601916,26.85515153362788,0.9658706450418938,analysis_outputs/visual_example_search/raw_results/baseline_model/ceilnet_table2/2009_000777/baseline_model.png,1.2111932146054363,0.0026283001272567885,1.8318508728658713,0.007074518464082247,ceilnet_table2,analysis_outputs/visual_example_search/raw_results/best_model/ceilnet_table2/2009_000777/m_input.png,5.529356792285675,0.9899927080874484,28.68700240649375,0.972945163505976,analysis_outputs/visual_example_search/raw_results/best_model/ceilnet_table2/2009_000777/best_model.png,2009_000777,-1210.3400271830308,analysis_outputs/visual_example_search/raw_results/best_model/ceilnet_table2/2009_000777/t_label.png
5.135355448234891,0.9930059134233015,30.87814877280398,0.9584038966219143,analysis_outputs/visual_example_search/raw_results/baseline_model/ceilnet_table2/2008_008694/baseline_model.png,1.2486874901509397,-0.00016734382891048227,-0.49761061626232816,0.00739897531544953,ceilnet_table2,analysis_outputs/visual_example_search/raw_results/best_model/ceilnet_table2/2008_008694/m_input.png,6.38404293838583,0.992838569594391,30.38053815654165,0.9658028719373638,analysis_outputs/visual_example_search/raw_results/best_model/ceilnet_table2/2008_008694/best_model.png,2008_008694,-1253.6503491701094,analysis_outputs/visual_example_search/raw_results/best_model/ceilnet_table2/2008_008694/t_label.png
20.309476905720427,0.9706853006403027,19.371872791600268,0.8955083937148927,analysis_outputs/visual_example_search/raw_results/baseline_model/objects/18-Focus-22-m/baseline_model.png,1.2682840281149765,0.005055461354618651,0.9337073432467236,0.001136972176474571,objects,analysis_outputs/visual_example_search/raw_results/best_model/objects/18-Focus-22-m/m_input.png,21.577760933835403,0.9757407619949213,20.30558013484699,0.8966453658913672,analysis_outputs/visual_example_search/raw_results/best_model/objects/18-Focus-22-m/best_model.png,18-Focus-22-m,-1267.817981495617,analysis_outputs/visual_example_search/raw_results/best_model/objects/18-Focus-22-m/t_label.png
9.302377221928683,0.988433348524421,25.814134484535987,0.8839248949249482,analysis_outputs/visual_example_search/raw_results/baseline_model/objects/15-Focus-19-m/baseline_model.png,1.2773422989613383,-0.0007056225348744949,-1.4616902372443334,-0.01465746457564765,objects,analysis_outputs/visual_example_search/raw_results/best_model/objects/15-Focus-19-m/m_input.png,10.579719520890022,0.9877277259895465,24.352444247291654,0.8692674303493005,analysis_outputs/visual_example_search/raw_results/best_model/objects/15-Focus-19-m/best_model.png,15-Focus-19-m,-1292.9841394617315,analysis_outputs/visual_example_search/raw_results/best_model/objects/15-Focus-19-m/t_label.png
7.6122342072857885,0.9871344145161588,28.330390153445254,0.9599352518548753,analysis_outputs/visual_example_search/raw_results/baseline_model/ceilnet_table2/2010_003687/baseline_model.png,1.3723966383348634,0.0013139551982239706,0.662984502391005,0.0034045213801501273,ceilnet_table2,analysis_outputs/visual_example_search/raw_results/best_model/ceilnet_table2/2010_003687/m_input.png,8.984630845620652,0.9884483697143828,28.99337465583626,0.9633397732350254,analysis_outputs/visual_example_search/raw_results/best_model/ceilnet_table2/2010_003687/best_model.png,2010_003687,-1372.0576815862737,analysis_outputs/visual_example_search/raw_results/best_model/ceilnet_table2/2010_003687/t_label.png
5.14328094466757,0.9881747988050456,26.923439775191536,0.9595447801164211,analysis_outputs/visual_example_search/raw_results/baseline_model/ceilnet_table2/2008_001139/baseline_model.png,1.3955040904916887,0.001779334892576645,0.7797490727904126,0.007327013043045616,ceilnet_table2,analysis_outputs/visual_example_search/raw_results/best_model/ceilnet_table2/2008_001139/m_input.png,6.5387850351592585,0.9899541336976222,27.70318884798195,0.9668717931594667,analysis_outputs/visual_example_search/raw_results/best_model/ceilnet_table2/2008_001139/best_model.png,2008_001139,-1395.0165154357012,analysis_outputs/visual_example_search/raw_results/best_model/ceilnet_table2/2008_001139/t_label.png
2.712423675828804,0.9761958664621281,27.04023368322321,0.9269454236770255,analysis_outputs/visual_example_search/raw_results/baseline_model/ceilnet_table2/2010_002603/baseline_model.png,1.4001958513184238,0.005240354980895701,1.5422005418422309,0.015267416804140899,ceilnet_table2,analysis_outputs/visual_example_search/raw_results/best_model/ceilnet_table2/2010_002603/m_input.png,4.112619527147228,0.9814362214430238,28.58243422506544,0.9422128404811664,analysis_outputs/visual_example_search/raw_results/best_model/ceilnet_table2/2010_002603/best_model.png,2010_002603,-1399.169090176517,analysis_outputs/visual_example_search/raw_results/best_model/ceilnet_table2/2010_002603/t_label.png
7.120684620938443,0.9896974882189953,26.53516589117615,0.9181691364960481,analysis_outputs/visual_example_search/raw_results/baseline_model/objects/16-Focus-27-m/baseline_model.png,1.3946304685113233,-0.001013286138535019,-1.0258011670931246,-0.00812541372354092,objects,analysis_outputs/visual_example_search/raw_results/best_model/objects/16-Focus-27-m/m_input.png,8.515315089449766,0.9886842020804603,25.509364724083024,0.9100437227725072,analysis_outputs/visual_example_search/raw_results/best_model/objects/16-Focus-27-m/best_model.png,16-Focus-27-m,-1405.5502683997915,analysis_outputs/visual_example_search/raw_results/best_model/objects/16-Focus-27-m/t_label.png
8.893537805126748,0.9635834091738825,23.111215028796224,0.8584487158095152,analysis_outputs/visual_example_search/raw_results/baseline_model/objects/7-Thick-3-m/baseline_model.png,1.445453619070319,0.004436360228866509,-0.576106622679152,-0.012012389287619607,objects,analysis_outputs/visual_example_search/raw_results/best_model/objects/7-Thick-3-m/m_input.png,10.338991424197067,0.968019769402749,22.53510840611707,0.8464363265218956,analysis_outputs/visual_example_search/raw_results/best_model/objects/7-Thick-3-m/best_model.png,7-Thick-3-m,-1451.7162454573486,analysis_outputs/visual_example_search/raw_results/best_model/objects/7-Thick-3-m/t_label.png
15.20525023440014,0.9566280170318519,21.793726359347744,0.8484845459628841,analysis_outputs/visual_example_search/raw_results/baseline_model/objects/7-Focus-27-m/baseline_model.png,1.4489674704088138,0.005106162487845012,-0.6530357787813372,-0.012469999490226424,objects,analysis_outputs/visual_example_search/raw_results/best_model/objects/7-Focus-27-m/m_input.png,16.654217704808953,0.9617341795196969,21.140690580566407,0.8360145464726577,analysis_outputs/visual_example_search/raw_results/best_model/objects/7-Focus-27-m/best_model.png,7-Focus-27-m,-1456.0243027095162,analysis_outputs/visual_example_search/raw_results/best_model/objects/7-Focus-27-m/t_label.png
11.250516745706054,0.9671338414297399,22.867597873759383,0.8414010200047753,analysis_outputs/visual_example_search/raw_results/baseline_model/objects/7-Thick-10-m/baseline_model.png,1.4536904036821348,0.0042647848575679825,-0.5674545212932429,-0.00801178479347786,objects,analysis_outputs/visual_example_search/raw_results/best_model/objects/7-Thick-10-m/m_input.png,12.70420714938819,0.9713986262873079,22.30014335246614,0.8333892352112975,analysis_outputs/visual_example_search/raw_results/best_model/objects/7-Thick-10-m/best_model.png,7-Thick-10-m,-1459.7278932484974,analysis_outputs/visual_example_search/raw_results/best_model/objects/7-Thick-10-m/t_label.png
3.690393267209332,0.9938522251500532,28.872253094000012,0.9666523868301812,analysis_outputs/visual_example_search/raw_results/baseline_model/ceilnet_table2/2011_005170/baseline_model.png,1.4647235976669726,0.0014622452027104327,2.1965258175226623,0.007309159992660019,ceilnet_table2,analysis_outputs/visual_example_search/raw_results/best_model/ceilnet_table2/2011_005170/m_input.png,5.155116864876304,0.9953144703527637,31.068778911522674,0.9739615468228412,analysis_outputs/visual_example_search/raw_results/best_model/ceilnet_table2/2011_005170/best_model.png,2011_005170,-1463.7721372645808,analysis_outputs/visual_example_search/raw_results/best_model/ceilnet_table2/2011_005170/t_label.png
18.64116148328037,0.9506529976693322,23.444016819201096,0.8963311607446233,analysis_outputs/visual_example_search/raw_results/baseline_model/wild/15-m/baseline_model.png,1.4649895344774002,-0.034535470538187174,-2.5605646748190445,-0.014455471830889577,wild,analysis_outputs/visual_example_search/raw_results/best_model/wild/15-m/m_input.png,20.10615101775777,0.916117527131145,20.88345214438205,0.8818756889137337,analysis_outputs/visual_example_search/raw_results/best_model/wild/15-m/best_model.png,15-m,-1493.1633857667814,analysis_outputs/visual_example_search/raw_results/best_model/wild/15-m/t_label.png
1.6197478533379832,0.9871611496454822,27.180749230607972,0.885894561604779,analysis_outputs/visual_example_search/raw_results/baseline_model/wild/16-m/baseline_model.png,1.5464118003234923,-0.020241902388003274,-2.475119396998622,0.03913355333359969,wild,analysis_outputs/visual_example_search/raw_results/best_model/wild/16-m/m_input.png,3.1661596536614756,0.9669192472574789,24.70562983360935,0.9250281149383787,analysis_outputs/visual_example_search/raw_results/best_model/wild/16-m/best_model.png,16-m,-1571.7181618427182,analysis_outputs/visual_example_search/raw_results/best_model/wild/16-m/t_label.png
99.46452475753999,0.9833702703222471,24.244853958971195,0.872892261906621,analysis_outputs/visual_example_search/raw_results/baseline_model/objects/14-Thick-5-m/baseline_model.png,1.5874781822470112,0.0026490691595649762,-0.7196519977261921,-0.0022763076302672047,objects,analysis_outputs/visual_example_search/raw_results/best_model/objects/14-Thick-5-m/m_input.png,101.052002939787,0.9860193394818121,23.525201961245003,0.8706159542763537,analysis_outputs/visual_example_search/raw_results/best_model/objects/14-Thick-5-m/best_model.png,14-Thick-5-m,-1594.9280302615855,analysis_outputs/visual_example_search/raw_results/best_model/objects/14-Thick-5-m/t_label.png
90.22057619632099,0.9416080598697951,23.5166312078121,0.9228747335886135,analysis_outputs/visual_example_search/raw_results/baseline_model/postcard/ae-5-m-19/baseline_model.png,1.591068048763006,0.0008742914966881621,-0.7543426664038648,-0.0006208261009998939,postcard,analysis_outputs/visual_example_search/raw_results/best_model/postcard/ae-5-m-19/m_input.png,91.811644245084,0.9424823513664833,22.762288541408235,0.9222539074876136,analysis_outputs/visual_example_search/raw_results/best_model/postcard/ae-5-m-19/best_model.png,ae-5-m-19,-1598.8627946086306,analysis_outputs/visual_example_search/raw_results/best_model/postcard/ae-5-m-19/t_label.png
8.141415365922384,0.9688517333580152,28.318017245995403,0.9592120263026264,analysis_outputs/visual_example_search/raw_results/baseline_model/ceilnet_table2/2008_007909/baseline_model.png,1.613157743878718,-0.003588570623856202,0.5855200953034831,0.00325824608710934,ceilnet_table2,analysis_outputs/visual_example_search/raw_results/best_model/ceilnet_table2/2008_007909/m_input.png,9.754573109801102,0.965263162734159,28.903537341298886,0.9624702723897357,analysis_outputs/visual_example_search/raw_results/best_model/ceilnet_table2/2008_007909/best_model.png,2008_007909,-1613.006714333274,analysis_outputs/visual_example_search/raw_results/best_model/ceilnet_table2/2008_007909/t_label.png
42.37926356004521,0.9823214168854839,26.48441657929105,0.9501447154348189,analysis_outputs/visual_example_search/raw_results/baseline_model/ceilnet_table2/2011_006676/baseline_model.png,1.7857680516921448,0.0014986154254732487,0.8290155250449125,0.006448472225561552,ceilnet_table2,analysis_outputs/visual_example_search/raw_results/best_model/ceilnet_table2/2011_006676/m_input.png,44.165031611737355,0.9838200323109572,27.313432104335963,0.9565931876603805,analysis_outputs/visual_example_search/raw_results/best_model/ceilnet_table2/2011_006676/best_model.png,2011_006676,-1785.2930359925206,analysis_outputs/visual_example_search/raw_results/best_model/ceilnet_table2/2011_006676/t_label.png
5.061380276084315,0.983715347917052,24.210386521134634,0.8566098793703921,analysis_outputs/visual_example_search/raw_results/baseline_model/objects/8-Focus-16-m/baseline_model.png,1.7783816417147618,0.0008098205668369829,-0.9505444985769955,-0.016518641477362817,objects,analysis_outputs/visual_example_search/raw_results/best_model/objects/8-Focus-16-m/m_input.png,6.839761917799077,0.9845251684838889,23.25984202255764,0.8400912378930293,analysis_outputs/visual_example_search/raw_results/best_model/objects/8-Focus-16-m/best_model.png,8-Focus-16-m,-1788.761841804261,analysis_outputs/visual_example_search/raw_results/best_model/objects/8-Focus-16-m/t_label.png
7.7099489049553664,0.9757602408981108,22.574794421717304,0.7989995274622723,analysis_outputs/visual_example_search/raw_results/baseline_model/objects/8-Thick-3-m/baseline_model.png,1.7791991352308916,-0.0002677344071742027,-1.1789954017734274,-0.013091903686533013,objects,analysis_outputs/visual_example_search/raw_results/best_model/objects/8-Thick-3-m/m_input.png,9.489148040186258,0.9754925064909366,21.395799019943876,0.7859076237757393,analysis_outputs/visual_example_search/raw_results/best_model/objects/8-Thick-3-m/best_model.png,8-Thick-3-m,-1791.8496750491634,analysis_outputs/visual_example_search/raw_results/best_model/objects/8-Thick-3-m/t_label.png
7.435727039125615,0.9899823811464169,26.54390507041497,0.9043358375329623,analysis_outputs/visual_example_search/raw_results/baseline_model/objects/15-Focus-13-m/baseline_model.png,1.7932466666305942,0.00015303198192717637,-0.8171395270847981,-0.009437143315964236,objects,analysis_outputs/visual_example_search/raw_results/best_model/objects/15-Focus-13-m/m_input.png,9.228973705756209,0.9901354131283441,25.72676554333017,0.8948986942169981,analysis_outputs/visual_example_search/raw_results/best_model/objects/15-Focus-13-m/best_model.png,15-Focus-13-m,-1802.0169159603142,analysis_outputs/visual_example_search/raw_results/best_model/objects/15-Focus-13-m/t_label.png
7.915519347416466,0.9768947276361263,22.34740495496149,0.7893394184414819,analysis_outputs/visual_example_search/raw_results/baseline_model/objects/8-Thick-10-m/baseline_model.png,1.8620140811256514,-0.0009175305741918605,-1.2240724196453456,-0.017721748028519113,objects,analysis_outputs/visual_example_search/raw_results/best_model/objects/8-Thick-10-m/m_input.png,9.777533428542117,0.9759771970619344,21.123332535316145,0.7716176704129628,analysis_outputs/visual_example_search/raw_results/best_model/objects/8-Thick-10-m/best_model.png,8-Thick-10-m,-1875.3152042130814,analysis_outputs/visual_example_search/raw_results/best_model/objects/8-Thick-10-m/t_label.png
5.056457581640713,0.9921609430601396,27.547098501589186,0.9686326622526478,analysis_outputs/visual_example_search/raw_results/baseline_model/ceilnet_table2/2011_005033/baseline_model.png,1.994663919051618,0.002094243958200237,4.574088930977137,0.009551249361500758,ceilnet_table2,analysis_outputs/visual_example_search/raw_results/best_model/ceilnet_table2/2011_005033/m_input.png,7.051121500692331,0.9942551870183398,32.12118743256632,0.9781839116141485,analysis_outputs/visual_example_search/raw_results/best_model/ceilnet_table2/2011_005033/best_model.png,2011_005033,-1992.8480854082998,analysis_outputs/visual_example_search/raw_results/best_model/ceilnet_table2/2011_005033/t_label.png
7.249862304467728,0.9843374960134649,26.419154133398607,0.9398198195007018,analysis_outputs/visual_example_search/raw_results/baseline_model/ceilnet_table2/2011_000098/baseline_model.png,2.014234288750684,0.004440435821462696,2.313082852608744,0.01180585628124109,ceilnet_table2,analysis_outputs/visual_example_search/raw_results/best_model/ceilnet_table2/2011_000098/m_input.png,9.264096593218412,0.9887779318349276,28.73223698600735,0.9516256757819429,analysis_outputs/visual_example_search/raw_results/best_model/ceilnet_table2/2011_000098/best_model.png,2011_000098,-2013.05710383058,analysis_outputs/visual_example_search/raw_results/best_model/ceilnet_table2/2011_000098/t_label.png
17.356179803989555,0.9897845430187575,28.503991642698605,0.9376059179728791,analysis_outputs/visual_example_search/raw_results/baseline_model/ceilnet_table2/2009_001152/baseline_model.png,2.025240868435006,0.0024752058525543408,1.5927601720265052,0.006087241795416087,ceilnet_table2,analysis_outputs/visual_example_search/raw_results/best_model/ceilnet_table2/2009_001152/m_input.png,19.38142067242456,0.9922597488713119,30.09675181472511,0.9436931597682952,analysis_outputs/visual_example_search/raw_results/best_model/ceilnet_table2/2009_001152/best_model.png,2009_001152,-2024.4958871864642,analysis_outputs/visual_example_search/raw_results/best_model/ceilnet_table2/2009_001152/t_label.png
16.457018420247106,0.9932015279826065,33.62369473840197,0.9786062581751364,analysis_outputs/visual_example_search/raw_results/baseline_model/ceilnet_table2/2011_005930/baseline_model.png,2.0589805478024097,0.0017013507638714565,0.9239253756122139,0.003016385886844497,ceilnet_table2,analysis_outputs/visual_example_search/raw_results/best_model/ceilnet_table2/2011_005930/m_input.png,18.515998968049516,0.994902878746478,34.54762011401419,0.9816226440619809,analysis_outputs/visual_example_search/raw_results/best_model/ceilnet_table2/2011_005930/best_model.png,2011_005930,-2058.5546292609374,analysis_outputs/visual_example_search/raw_results/best_model/ceilnet_table2/2011_005930/t_label.png
3.2745281931189547,0.9800605789145385,23.78326109651894,0.962367382406371,analysis_outputs/visual_example_search/raw_results/baseline_model/ceilnet_table2/2010_000002/baseline_model.png,2.093744801262658,0.012044697289825268,6.441361827441586,0.006208549640146388,ceilnet_table2,analysis_outputs/visual_example_search/raw_results/best_model/ceilnet_table2/2010_000002/m_input.png,5.368272994381613,0.9921052762043637,30.224622923960528,0.9685759320465174,analysis_outputs/visual_example_search/raw_results/best_model/ceilnet_table2/2010_000002/best_model.png,2010_000002,-2091.141349480262,analysis_outputs/visual_example_search/raw_results/best_model/ceilnet_table2/2010_000002/t_label.png
11.147404250268092,0.9816985859500155,23.75210159615853,0.8467914619325003,analysis_outputs/visual_example_search/raw_results/baseline_model/objects/15-Thick-10-m/baseline_model.png,2.0914057205875203,0.00242390870376763,-0.4260689658945651,0.0007458386697493102,objects,analysis_outputs/visual_example_search/raw_results/best_model/objects/15-Thick-10-m/m_input.png,13.238809970855613,0.9841224946537831,23.326032630263963,0.8475373006022496,analysis_outputs/visual_example_search/raw_results/best_model/objects/15-Thick-10-m/best_model.png,15-Thick-10-m,-2095.729189550759,analysis_outputs/visual_example_search/raw_results/best_model/objects/15-Thick-10-m/t_label.png
3.8017711591418326,0.9908007388132946,27.03955723907086,0.9506121900556872,analysis_outputs/visual_example_search/raw_results/baseline_model/ceilnet_table2/2012_002306/baseline_model.png,2.1143350050594565,0.0015905682995219772,1.8439757805101529,0.00904738775325209,ceilnet_table2,analysis_outputs/visual_example_search/raw_results/best_model/ceilnet_table2/2012_002306/m_input.png,5.916106164201289,0.9923913071128165,28.883533019581012,0.9596595778089393,analysis_outputs/visual_example_search/raw_results/best_model/ceilnet_table2/2012_002306/best_model.png,2012_002306,-2113.4543975646334,analysis_outputs/visual_example_search/raw_results/best_model/ceilnet_table2/2012_002306/t_label.png
11.778700499574326,0.9376012285078319,22.32584297500911,0.8916315336749507,analysis_outputs/visual_example_search/raw_results/baseline_model/ceilnet_table2/2007_006587/baseline_model.png,2.112321789763456,-0.0006169924499772605,-0.33546433678009535,-4.269614459528892e-05,ceilnet_table2,analysis_outputs/visual_example_search/raw_results/best_model/ceilnet_table2/2007_006587/m_input.png,13.891022289337782,0.9369842360578546,21.990378638229014,0.8915888375303554,analysis_outputs/visual_example_search/raw_results/best_model/ceilnet_table2/2007_006587/best_model.png,2007_006587,-2115.81134367766,analysis_outputs/visual_example_search/raw_results/best_model/ceilnet_table2/2007_006587/t_label.png
7.537530304849092,0.9790423749125471,22.36031433928882,0.7979212600328206,analysis_outputs/visual_example_search/raw_results/baseline_model/objects/8-Thick-5-m/baseline_model.png,2.119649909402801,-0.0001046323715944153,-1.042182359530937,-0.010679203723288011,objects,analysis_outputs/visual_example_search/raw_results/best_model/objects/8-Thick-5-m/m_input.png,9.657180214251893,0.9789377425409527,21.318131979757883,0.7872420563095326,analysis_outputs/visual_example_search/raw_results/best_model/objects/8-Thick-5-m/best_model.png,8-Thick-5-m,-2130.796561381275,analysis_outputs/visual_example_search/raw_results/best_model/objects/8-Thick-5-m/t_label.png
2.425437248063242,0.9772908557570912,25.572347069756617,0.9486133092461678,analysis_outputs/visual_example_search/raw_results/baseline_model/ceilnet_table2/2009_002672/baseline_model.png,2.1436722214476824,0.010951491309680872,3.7402453403560507,0.014749367496269983,ceilnet_table2,analysis_outputs/visual_example_search/raw_results/best_model/ceilnet_table2/2009_002672/m_input.png,4.5691094695109244,0.988242347066772,29.312592410112668,0.9633626767424378,analysis_outputs/visual_example_search/raw_results/best_model/ceilnet_table2/2009_002672/best_model.png,2009_002672,-2141.7829515307485,analysis_outputs/visual_example_search/raw_results/best_model/ceilnet_table2/2009_002672/t_label.png
6.16372745814674,0.9830136804174479,26.672953851936047,0.8598508263154233,analysis_outputs/visual_example_search/raw_results/baseline_model/wild/107-m/baseline_model.png,2.1849424113560225,0.003510734886455702,1.8724066151948868,0.08433496509262783,wild,analysis_outputs/visual_example_search/raw_results/best_model/wild/107-m/m_input.png,8.348669869502762,0.9865244153039036,28.545360467130934,0.9441857914080511,analysis_outputs/visual_example_search/raw_results/best_model/wild/107-m/best_model.png,107-m,-2182.122133318147,analysis_outputs/visual_example_search/raw_results/best_model/wild/107-m/t_label.png
11.044980242654406,0.9881169303700635,25.649731169587884,0.9157296889051966,analysis_outputs/visual_example_search/raw_results/baseline_model/objects/12-Focus-16-m/baseline_model.png,2.2046389919918425,4.596986012139759e-05,-0.7422345968223603,-0.0036374990828250686,objects,analysis_outputs/visual_example_search/raw_results/best_model/objects/12-Focus-16-m/m_input.png,13.249619234646248,0.9881629002301849,24.907496572765524,0.9120921898223715,analysis_outputs/visual_example_search/raw_results/best_model/objects/12-Focus-16-m/best_model.png,12-Focus-16-m,-2212.434912713736,analysis_outputs/visual_example_search/raw_results/best_model/objects/12-Focus-16-m/t_label.png
7.386806961333721,0.9791505065101248,22.396792645883,0.799455851861825,analysis_outputs/visual_example_search/raw_results/baseline_model/objects/8-Focus-32-m/baseline_model.png,2.2175707928803297,-0.00029559699215442325,-1.1461057907050005,-0.013092695277564959,objects,analysis_outputs/visual_example_search/raw_results/best_model/objects/8-Focus-32-m/m_input.png,9.60437775421405,0.9788549095179704,21.250686855178,0.78636315658426,analysis_outputs/visual_example_search/raw_results/best_model/objects/8-Focus-32-m/best_model.png,8-Focus-32-m,-2229.882476280388,analysis_outputs/visual_example_search/raw_results/best_model/objects/8-Focus-32-m/t_label.png
7.906468285923621,0.9774843846147594,22.129048236038546,0.801957760274289,analysis_outputs/visual_example_search/raw_results/baseline_model/objects/8-Focus-27-m/baseline_model.png,2.2582510453418294,-0.00020545806149629975,-1.1496212341870091,-0.013764827589375361,objects,analysis_outputs/visual_example_search/raw_results/best_model/objects/8-Focus-27-m/m_input.png,10.16471933126545,0.9772789265532631,20.979427001851537,0.7881929326849136,analysis_outputs/visual_example_search/raw_results/best_model/objects/8-Focus-27-m/best_model.png,8-Focus-27-m,-2270.619424759542,analysis_outputs/visual_example_search/raw_results/best_model/objects/8-Focus-27-m/t_label.png
6.273874846647968,0.98278603771228,23.548547171645865,0.8311241166875147,analysis_outputs/visual_example_search/raw_results/baseline_model/objects/8-Focus-19-m/baseline_model.png,2.3156592824363065,-0.00043535359275070906,-1.4427552074082257,-0.020827903972778672,objects,analysis_outputs/visual_example_search/raw_results/best_model/objects/8-Focus-19-m/m_input.png,8.589534129084274,0.9823506841195293,22.10579196423764,0.8102962127147361,analysis_outputs/visual_example_search/raw_results/best_model/objects/8-Focus-19-m/best_model.png,8-Focus-19-m,-2331.3119669276516,analysis_outputs/visual_example_search/raw_results/best_model/objects/8-Focus-19-m/t_label.png
3.72686463229108,0.9370641403502804,27.23579657820856,0.8820195660881054,analysis_outputs/visual_example_search/raw_results/baseline_model/wild/84-m/baseline_model.png,2.343183097567054,0.017381444130801782,0.5958768767815243,0.03802983655056291,wild,analysis_outputs/visual_example_search/raw_results/best_model/wild/84-m/m_input.png,6.070047729858134,0.9544455844810822,27.831673454990085,0.9200494026386683,analysis_outputs/visual_example_search/raw_results/best_model/wild/84-m/best_model.png,84-m,-2341.599189924426,analysis_outputs/visual_example_search/raw_results/best_model/wild/84-m/t_label.png
11.421515686706416,0.9797070655589497,28.171794635570535,0.976030182499526,analysis_outputs/visual_example_search/raw_results/baseline_model/wild/51s-m/baseline_model.png,2.3605626448848227,-0.0038630176618860146,-1.973904061839061,-0.0015453663942199825,wild,analysis_outputs/visual_example_search/raw_results/best_model/wild/51s-m/m_input.png,13.782078331591238,0.9758440478970637,26.197890573731474,0.974484816105306,analysis_outputs/visual_example_search/raw_results/best_model/wild/51s-m/best_model.png,51s-m,-2381.14894696579,analysis_outputs/visual_example_search/raw_results/best_model/wild/51s-m/t_label.png
15.173825466669504,0.9857787251855297,25.452111859031238,0.9152110584204185,analysis_outputs/visual_example_search/raw_results/baseline_model/objects/13-Focus-22-m/baseline_model.png,2.411641493404103,-0.003593240635286654,-1.6894642513185723,-0.016643577779734464,objects,analysis_outputs/visual_example_search/raw_results/best_model/objects/13-Focus-22-m/m_input.png,17.585466960073607,0.982185484550243,23.762647607712665,0.898567480640684,analysis_outputs/visual_example_search/raw_results/best_model/objects/13-Focus-22-m/best_model.png,13-Focus-22-m,-2429.8075793122534,analysis_outputs/visual_example_search/raw_results/best_model/objects/13-Focus-22-m/t_label.png
2.3689550390673766,0.885436181082336,25.30059077260023,0.8635829322521281,analysis_outputs/visual_example_search/raw_results/baseline_model/real20/107/baseline_model.png,2.505871470780444,0.005344233292338685,-2.054541423295408,-0.00660931292379241,real20,analysis_outputs/visual_example_search/raw_results/best_model/real20/107/m_input.png,4.8748265098478205,0.8907804143746747,23.246049349304823,0.8569736193283357,analysis_outputs/visual_example_search/raw_results/best_model/real20/107/best_model.png,107,-2527.1994522745204,analysis_outputs/visual_example_search/raw_results/best_model/real20/107/t_label.png
6.267275313346941,0.9805334103395664,23.085807946485932,0.8176554141136959,analysis_outputs/visual_example_search/raw_results/baseline_model/objects/8-Focus-22-m/baseline_model.png,2.5270450419894566,-0.00025555280603850594,-1.1912505926438826,-0.015082882958906363,objects,analysis_outputs/visual_example_search/raw_results/best_model/objects/8-Focus-22-m/m_input.png,8.794320355336398,0.9802778575335279,21.89455735384205,0.8025725311547895,analysis_outputs/visual_example_search/raw_results/best_model/objects/8-Focus-22-m/best_model.png,8-Focus-22-m,-2539.8914766985495,analysis_outputs/visual_example_search/raw_results/best_model/objects/8-Focus-22-m/t_label.png
8.925727350319393,0.9640299984045076,22.980648545845344,0.8598047218104372,analysis_outputs/visual_example_search/raw_results/baseline_model/objects/7-Focus-19-m/baseline_model.png,2.70043272925745,0.002537797746718251,-0.9483673295015933,-0.01740018620967254,objects,analysis_outputs/visual_example_search/raw_results/best_model/objects/7-Focus-19-m/m_input.png,11.626160079576843,0.9665677961512259,22.03228121634375,0.8424045356007647,analysis_outputs/visual_example_search/raw_results/best_model/objects/7-Focus-19-m/best_model.png,7-Focus-19-m,-2710.7780865693044,analysis_outputs/visual_example_search/raw_results/best_model/objects/7-Focus-19-m/t_label.png
2.8358584828365574,0.8465666500850021,26.673250748562282,0.6530050522895856,analysis_outputs/visual_example_search/raw_results/baseline_model/wild/88s-m/baseline_model.png,2.724428310629264,0.06749738143330508,3.4666507505145496,0.1829533214853648,wild,analysis_outputs/visual_example_search/raw_results/best_model/wild/88s-m/m_input.png,5.5602867934658216,0.9140640315183072,30.13990149907683,0.8359583737749504,analysis_outputs/visual_example_search/raw_results/best_model/wild/88s-m/best_model.png,88s-m,-2717.0114928061257,analysis_outputs/visual_example_search/raw_results/best_model/wild/88s-m/t_label.png
6.848259434488597,0.9515302625724007,24.791630421250478,0.7034921822535464,analysis_outputs/visual_example_search/raw_results/baseline_model/wild/74-m/baseline_model.png,2.746207447238568,0.0065625303174845495,0.351212480485394,0.073090949963593,wild,analysis_outputs/visual_example_search/raw_results/best_model/wild/74-m/m_input.png,9.594466881727165,0.9580927928898852,25.14284290173587,0.7765831322171394,analysis_outputs/visual_example_search/raw_results/best_model/wild/74-m/best_model.png,74-m,-2744.0990394047126,analysis_outputs/visual_example_search/raw_results/best_model/wild/74-m/t_label.png
27.72297497362053,0.9595554379915251,23.278544653169757,0.923858354750526,analysis_outputs/visual_example_search/raw_results/baseline_model/ceilnet_table2/2008_002666/baseline_model.png,2.7765078791365987,0.013307642473507908,0.5039567902428885,0.014659106054561555,ceilnet_table2,analysis_outputs/visual_example_search/raw_results/best_model/ceilnet_table2/2008_002666/m_input.png,30.49948285275713,0.972863080465033,23.782501443412645,0.9385174608050876,analysis_outputs/visual_example_search/raw_results/best_model/ceilnet_table2/2008_002666/best_model.png,2008_002666,-2775.640724826649,analysis_outputs/visual_example_search/raw_results/best_model/ceilnet_table2/2008_002666/t_label.png
26.180761286374114,0.9590648520194509,23.011735484803165,0.8264772309238507,analysis_outputs/visual_example_search/raw_results/baseline_model/postcard/bh-5-m-22/baseline_model.png,2.804251054866878,0.004626180243320954,-0.80118376313035,0.013665390031983637,postcard,analysis_outputs/visual_example_search/raw_results/best_model/postcard/bh-5-m-22/m_input.png,28.985012341240992,0.9636910322627719,22.210551721672815,0.8401426209558344,analysis_outputs/visual_example_search/raw_results/best_model/postcard/bh-5-m-22/best_model.png,bh-5-m-22,-2812.0726644956753,analysis_outputs/visual_example_search/raw_results/best_model/postcard/bh-5-m-22/t_label.png
6.673382196552333,0.989833931288402,26.620223541310214,0.9193691407807171,analysis_outputs/visual_example_search/raw_results/baseline_model/objects/16-Focus-22-m/baseline_model.png,2.819327758178674,-0.001813560999066044,-1.2703539501309393,-0.010097932548252087,objects,analysis_outputs/visual_example_search/raw_results/best_model/objects/16-Focus-22-m/m_input.png,9.492709954731007,0.988020370289336,25.349869591179274,0.909271208232465,analysis_outputs/visual_example_search/raw_results/best_model/objects/16-Focus-22-m/best_model.png,16-Focus-22-m,-2832.8716512708497,analysis_outputs/visual_example_search/raw_results/best_model/objects/16-Focus-22-m/t_label.png
14.443766563129097,0.9915749541789978,28.03278314369921,0.934581635123187,analysis_outputs/visual_example_search/raw_results/baseline_model/objects/11-Focus-19-m/baseline_model.png,2.8582052561958395,0.0005636427368824748,-0.5373483264340919,-0.006861166425929266,objects,analysis_outputs/visual_example_search/raw_results/best_model/objects/11-Focus-19-m/m_input.png,17.301971819324937,0.9921385969158802,27.495434817265117,0.9277204686972578,analysis_outputs/visual_example_search/raw_results/best_model/objects/11-Focus-19-m/best_model.png,11-Focus-19-m,-2863.983905325477,analysis_outputs/visual_example_search/raw_results/best_model/objects/11-Focus-19-m/t_label.png
4.971547973605279,0.9942687000590479,31.877631673607215,0.9560916965595877,analysis_outputs/visual_example_search/raw_results/baseline_model/wild/73-m/baseline_model.png,2.887134635394765,0.0010107374751698872,-1.0493376889411152,-0.0021857440574196696,wild,analysis_outputs/visual_example_search/raw_results/best_model/wild/73-m/m_input.png,7.858682609000044,0.9952794375342178,30.8282939846661,0.953905952502168,analysis_outputs/visual_example_search/raw_results/best_model/wild/73-m/best_model.png,73-m,-2898.0290241189537,analysis_outputs/visual_example_search/raw_results/best_model/wild/73-m/t_label.png
9.683374494385372,0.9612031058572923,22.59125216423408,0.8580828326867467,analysis_outputs/visual_example_search/raw_results/baseline_model/objects/7-Focus-13-m/baseline_model.png,2.9362375530126545,0.0039018806794968164,-0.7902976331189393,-0.015496272838544822,objects,analysis_outputs/visual_example_search/raw_results/best_model/objects/7-Focus-13-m/m_input.png,12.619612047398027,0.9651049865367891,21.800954531115142,0.8425865598482019,analysis_outputs/visual_example_search/raw_results/best_model/objects/7-Focus-13-m/best_model.png,7-Focus-13-m,-2944.848784420579,analysis_outputs/visual_example_search/raw_results/best_model/objects/7-Focus-13-m/t_label.png
11.705416634400631,0.9912740233893762,27.1024959569606,0.8709299391430472,analysis_outputs/visual_example_search/raw_results/baseline_model/wild/104-m/baseline_model.png,3.086929079435185,0.005869876822502618,4.906285475668607,0.08277945825677069,wild,analysis_outputs/visual_example_search/raw_results/best_model/wild/104-m/m_input.png,14.792345713835816,0.9971439002118788,32.008781432629206,0.9537093973998179,analysis_outputs/visual_example_search/raw_results/best_model/wild/104-m/best_model.png,104-m,-3083.0774175663137,analysis_outputs/visual_example_search/raw_results/best_model/wild/104-m/t_label.png
264.71680146257484,0.9270198451736326,20.666446205915474,0.8386164905363986,analysis_outputs/visual_example_search/raw_results/baseline_model/postcard/ib-5-m-16/baseline_model.png,3.3336388947724913,0.009939082555695977,0.8728863789787411,0.0022564800521154282,postcard,analysis_outputs/visual_example_search/raw_results/best_model/postcard/ib-5-m-16/m_input.png,268.0504403573473,0.9369589277293285,21.539332584894215,0.8408729705885141,analysis_outputs/visual_example_search/raw_results/best_model/postcard/ib-5-m-16/best_model.png,ib-5-m-16,-3333.04304358097,analysis_outputs/visual_example_search/raw_results/best_model/postcard/ib-5-m-16/t_label.png
11.490863311370742,0.9867239317148773,28.83042479279092,0.9080818925015491,analysis_outputs/visual_example_search/raw_results/baseline_model/ceilnet_table2/2008_007194/baseline_model.png,3.383971944088305,0.0093253836810554,1.51716580173915,0.005455150431938227,ceilnet_table2,analysis_outputs/visual_example_search/raw_results/best_model/ceilnet_table2/2008_007194/m_input.png,14.874835255459047,0.9960493153959327,30.34759059453007,0.9135370429334874,analysis_outputs/visual_example_search/raw_results/best_model/ceilnet_table2/2008_007194/best_model.png,2008_007194,-3383.0967088015673,analysis_outputs/visual_example_search/raw_results/best_model/ceilnet_table2/2008_007194/t_label.png
2.7150487469296154,0.9873710979313477,30.6871157183931,0.8856986287394263,analysis_outputs/visual_example_search/raw_results/baseline_model/real20/39/baseline_model.png,3.444431065490753,0.0021667026880189955,1.1202201912145568,0.015200961375723798,real20,analysis_outputs/visual_example_search/raw_results/best_model/real20/39/m_input.png,6.1594798124203685,0.9895378006193667,31.807335909607655,0.9008995901151501,analysis_outputs/visual_example_search/raw_results/best_model/real20/39/best_model.png,39,-3443.6234671587545,analysis_outputs/visual_example_search/raw_results/best_model/real20/39/t_label.png
39.73170127918263,0.9734218183417049,23.03349082949317,0.8981282027612582,analysis_outputs/visual_example_search/raw_results/baseline_model/objects/17-Focus-13-m/baseline_model.png,3.5125699277237032,0.00026665345509668814,-0.16109241409745323,-0.006115226044521971,objects,analysis_outputs/visual_example_search/raw_results/best_model/objects/17-Focus-13-m/m_input.png,43.24427120690633,0.9736884717968016,22.87239841539572,0.8920129767167362,analysis_outputs/visual_example_search/raw_results/best_model/objects/17-Focus-13-m/best_model.png,17-Focus-13-m,-3514.4419159112244,analysis_outputs/visual_example_search/raw_results/best_model/objects/17-Focus-13-m/t_label.png
9.995891123232711,0.9828191423933612,23.53748785598059,0.8519145799076021,analysis_outputs/visual_example_search/raw_results/baseline_model/objects/15-Focus-27-m/baseline_model.png,3.7341553151989526,0.0008717217186912096,-0.9969824298095347,-0.00670310999994328,objects,analysis_outputs/visual_example_search/raw_results/best_model/objects/15-Focus-27-m/m_input.png,13.730046438431664,0.9836908641120524,22.540505426171055,0.8452114699076588,analysis_outputs/visual_example_search/raw_results/best_model/objects/15-Focus-27-m/best_model.png,15-Focus-27-m,-3744.6702827806816,analysis_outputs/visual_example_search/raw_results/best_model/objects/15-Focus-27-m/t_label.png
7.706006799860526,0.9889911260423214,25.971457915672918,0.896844591131046,analysis_outputs/visual_example_search/raw_results/baseline_model/objects/15-Focus-16-m/baseline_model.png,3.755543500606012,0.0003986922988870045,-0.8466291407152013,-0.009516633401256747,objects,analysis_outputs/visual_example_search/raw_results/best_model/objects/15-Focus-16-m/m_input.png,11.461550300466538,0.9893898183412084,25.124828774957717,0.8873279577297892,analysis_outputs/visual_example_search/raw_results/best_model/objects/15-Focus-16-m/best_model.png,15-Focus-16-m,-3764.615116588308,analysis_outputs/visual_example_search/raw_results/best_model/objects/15-Focus-16-m/t_label.png
21.97885867405294,0.9912374511537188,28.888662035121275,0.9465420061128583,analysis_outputs/visual_example_search/raw_results/baseline_model/ceilnet_table2/2011_006853/baseline_model.png,3.985503466503502,-0.00010569872549726078,-0.1288691397580699,0.0046187324234694405,ceilnet_table2,analysis_outputs/visual_example_search/raw_results/best_model/ceilnet_table2/2011_006853/m_input.png,25.964362140556442,0.9911317524282215,28.759792895363205,0.9511607385363278,analysis_outputs/visual_example_search/raw_results/best_model/ceilnet_table2/2011_006853/best_model.png,2011_006853,-3986.7233454258076,analysis_outputs/visual_example_search/raw_results/best_model/ceilnet_table2/2011_006853/t_label.png
80.31531414800918,0.9871451354383706,28.05516286319288,0.9155003422178417,analysis_outputs/visual_example_search/raw_results/baseline_model/objects/2-Focus-32-m/baseline_model.png,4.0437965768288535,0.002464468982775969,0.46192327724750015,-0.0028990808554579806,objects,analysis_outputs/visual_example_search/raw_results/best_model/objects/2-Focus-32-m/m_input.png,84.35911072483803,0.9896096044211465,28.51708614044038,0.9126012613623837,analysis_outputs/visual_example_search/raw_results/best_model/objects/2-Focus-32-m/best_model.png,2-Focus-32-m,-4043.682458508476,analysis_outputs/visual_example_search/raw_results/best_model/objects/2-Focus-32-m/t_label.png
80.31531414800918,0.9871451354383706,28.05516286319288,0.9155003422178417,analysis_outputs/visual_example_search/raw_results/baseline_model/objects/2-Thick-5-m/baseline_model.png,4.0437965768288535,0.002464468982775969,0.46192327724750015,-0.0028990808554579806,objects,analysis_outputs/visual_example_search/raw_results/best_model/objects/2-Thick-5-m/m_input.png,84.35911072483803,0.9896096044211465,28.51708614044038,0.9126012613623837,analysis_outputs/visual_example_search/raw_results/best_model/objects/2-Thick-5-m/best_model.png,2-Thick-5-m,-4043.682458508476,analysis_outputs/visual_example_search/raw_results/best_model/objects/2-Thick-5-m/t_label.png
8.786297220439817,0.9765308932084995,28.452299444116004,0.9574455704419685,analysis_outputs/visual_example_search/raw_results/baseline_model/ceilnet_table2/2010_003806/baseline_model.png,4.0729802282505165,0.0016085710483388915,-0.5317290479287315,0.0027317916134668163,ceilnet_table2,analysis_outputs/visual_example_search/raw_results/best_model/ceilnet_table2/2010_003806/m_input.png,12.859277448690333,0.9781394642568384,27.920570396187273,0.9601773620554354,analysis_outputs/visual_example_search/raw_results/best_model/ceilnet_table2/2010_003806/best_model.png,2010_003806,-4078.366252679235,analysis_outputs/visual_example_search/raw_results/best_model/ceilnet_table2/2010_003806/t_label.png
10.703690438260605,0.9782311173956268,25.22172978900716,0.9406672928817178,analysis_outputs/visual_example_search/raw_results/baseline_model/wild/10-m/baseline_model.png,4.1238587739454164,0.006865998548521879,-0.18597446659507,-0.004593607229612107,wild,analysis_outputs/visual_example_search/raw_results/best_model/wild/10-m/m_input.png,14.827549212206021,0.9850971159441487,25.03575532241209,0.9360736856521057,analysis_outputs/visual_example_search/raw_results/best_model/wild/10-m/best_model.png,10-m,-4125.769636389555,analysis_outputs/visual_example_search/raw_results/best_model/wild/10-m/t_label.png
12.512321151461881,0.959172447833258,22.246818985599457,0.855656382397032,analysis_outputs/visual_example_search/raw_results/baseline_model/objects/7-Focus-11-m/baseline_model.png,4.190781004130022,0.004489143050198097,-0.7008920986333393,-0.014183948701111504,objects,analysis_outputs/visual_example_search/raw_results/best_model/objects/7-Focus-11-m/m_input.png,16.703102155591903,0.963661590883456,21.545926886966118,0.8414724336959205,analysis_outputs/visual_example_search/raw_results/best_model/objects/7-Focus-11-m/best_model.png,7-Focus-11-m,-4198.4077654441835,analysis_outputs/visual_example_search/raw_results/best_model/objects/7-Focus-11-m/t_label.png
16.85297420348409,0.9874724891508154,25.992948194127152,0.9216517253424445,analysis_outputs/visual_example_search/raw_results/baseline_model/objects/13-Focus-13-m/baseline_model.png,4.192087178493487,-0.0029969019079399972,-1.7433418376368337,-0.017564881047063552,objects,analysis_outputs/visual_example_search/raw_results/best_model/objects/13-Focus-13-m/m_input.png,21.04506138197758,0.9844755872428754,24.249606356490318,0.904086844295381,analysis_outputs/visual_example_search/raw_results/best_model/objects/13-Focus-13-m/best_model.png,13-Focus-13-m,-4210.82137321916,analysis_outputs/visual_example_search/raw_results/best_model/objects/13-Focus-13-m/t_label.png
18.83845974637264,0.9696393554219738,19.446537474491873,0.9039047224029279,analysis_outputs/visual_example_search/raw_results/baseline_model/objects/18-Focus-16-m/baseline_model.png,4.336066141193374,0.004079192438858903,0.7754247035464985,-0.0006132185989211614,objects,analysis_outputs/visual_example_search/raw_results/best_model/objects/18-Focus-16-m/m_input.png,23.174525887566013,0.9737185478608327,20.22196217803837,0.9032915038040067,analysis_outputs/visual_example_search/raw_results/best_model/objects/18-Focus-16-m/best_model.png,18-Focus-16-m,-4335.727149132183,analysis_outputs/visual_example_search/raw_results/best_model/objects/18-Focus-16-m/t_label.png
11.869740183654974,0.9600910585255154,22.454633427485447,0.8550255813182348,analysis_outputs/visual_example_search/raw_results/baseline_model/objects/7-Thick-5-m/baseline_model.png,4.375456093069884,0.004578443400872101,-0.6533762671864345,-0.012587948514820035,objects,analysis_outputs/visual_example_search/raw_results/best_model/objects/7-Thick-5-m/m_input.png,16.245196276724858,0.9646695019263875,21.801257160299013,0.8424376328034148,analysis_outputs/visual_example_search/raw_results/best_model/objects/7-Thick-5-m/best_model.png,7-Thick-5-m,-4382.533764943808,analysis_outputs/visual_example_search/raw_results/best_model/objects/7-Thick-5-m/t_label.png
8.392726809378045,0.9916125948826611,28.50501021534186,0.8646010275066894,analysis_outputs/visual_example_search/raw_results/baseline_model/ceilnet_table2/2008_000287/baseline_model.png,4.428953961033221,0.0013801155796916431,-0.1836847725807509,0.0050121830436355985,ceilnet_table2,analysis_outputs/visual_example_search/raw_results/best_model/ceilnet_table2/2008_000287/m_input.png,12.821680770411266,0.9929927104623527,28.321325442761108,0.869613210550325,analysis_outputs/visual_example_search/raw_results/best_model/ceilnet_table2/2008_000287/best_model.png,2008_000287,-4430.692229550972,analysis_outputs/visual_example_search/raw_results/best_model/ceilnet_table2/2008_000287/t_label.png
29.627577732651837,0.950637999085182,22.502987980660507,0.8040789333762915,analysis_outputs/visual_example_search/raw_results/baseline_model/postcard/bh-10-m-3/baseline_model.png,4.476850644369151,0.008489123311272273,-0.22364231460369055,0.01785652672600002,postcard,analysis_outputs/visual_example_search/raw_results/best_model/postcard/bh-10-m-3/m_input.png,34.10442837702099,0.9591271223964543,22.279345666056816,0.8219354601022916,analysis_outputs/visual_example_search/raw_results/best_model/postcard/bh-10-m-3/best_model.png,bh-10-m-3,-4478.502973702457,analysis_outputs/visual_example_search/raw_results/best_model/postcard/bh-10-m-3/t_label.png
8.027832548785257,0.9890556627446064,25.983788319000137,0.9001450369604044,analysis_outputs/visual_example_search/raw_results/baseline_model/objects/15-Focus-11-m/baseline_model.png,4.70325678100294,0.0008568242207220855,-0.5131629475417583,-0.0060801993954502365,objects,analysis_outputs/visual_example_search/raw_results/best_model/objects/15-Focus-11-m/m_input.png,12.731089329788198,0.9899124869653285,25.47062537145838,0.8940648375649541,analysis_outputs/visual_example_search/raw_results/best_model/objects/15-Focus-11-m/best_model.png,15-Focus-11-m,-4708.750851167529,analysis_outputs/visual_example_search/raw_results/best_model/objects/15-Focus-11-m/t_label.png
12.59606785211118,0.9595512373561192,22.16298792254803,0.8548670551980039,analysis_outputs/visual_example_search/raw_results/baseline_model/objects/7-Focus-16-m/baseline_model.png,4.746791697845197,0.004165005459414006,-0.7732455738251289,-0.015533954867628985,objects,analysis_outputs/visual_example_search/raw_results/best_model/objects/7-Focus-16-m/m_input.png,17.342859549956376,0.9637162428155333,21.3897423487229,0.8393331003303749,analysis_outputs/visual_example_search/raw_results/best_model/objects/7-Focus-16-m/best_model.png,7-Focus-16-m,-4755.221465391938,analysis_outputs/visual_example_search/raw_results/best_model/objects/7-Focus-16-m/t_label.png
22.396976017444747,0.9546192077246981,22.825185893002814,0.8025275112068989,analysis_outputs/visual_example_search/raw_results/baseline_model/postcard/bh-5-m-32/baseline_model.png,4.761736614930477,0.00551844781065558,-0.6844762206610895,0.014484500585506432,postcard,analysis_outputs/visual_example_search/raw_results/best_model/postcard/bh-5-m-32/m_input.png,27.158712632375224,0.9601376555353537,22.140709672341725,0.8170120117924053,analysis_outputs/visual_example_search/raw_results/best_model/postcard/bh-5-m-32/best_model.png,bh-5-m-32,-4768.309462167404,analysis_outputs/visual_example_search/raw_results/best_model/postcard/bh-5-m-32/t_label.png
12.130149694649417,0.9599793984527406,22.446346150381363,0.8553429707639703,analysis_outputs/visual_example_search/raw_results/baseline_model/objects/7-Focus-32-m/baseline_model.png,4.793403651973149,0.004839837332261121,-0.6265832518110557,-0.012491005855483683,objects,analysis_outputs/visual_example_search/raw_results/best_model/objects/7-Focus-32-m/m_input.png,16.923553346622565,0.9648192357850017,21.819762898570307,0.8428519649084866,analysis_outputs/visual_example_search/raw_results/best_model/objects/7-Focus-32-m/best_model.png,7-Focus-32-m,-4800.1945348468325,analysis_outputs/visual_example_search/raw_results/best_model/objects/7-Focus-32-m/t_label.png
51.42573615761522,0.9953174719171356,23.473836793135586,0.9312534898435129,analysis_outputs/visual_example_search/raw_results/baseline_model/wild/70-m/baseline_model.png,4.853580524867645,0.0004247506453971539,0.6978010044262035,0.011977547691045198,wild,analysis_outputs/visual_example_search/raw_results/best_model/wild/70-m/m_input.png,56.279316682482865,0.9957422225625328,24.17163779756179,0.9432310375345581,analysis_outputs/visual_example_search/raw_results/best_model/wild/70-m/best_model.png,70-m,-4853.037867074426,analysis_outputs/visual_example_search/raw_results/best_model/wild/70-m/t_label.png
5.605073907508641,0.9432526888482979,25.315361404474135,0.9333744199568076,analysis_outputs/visual_example_search/raw_results/baseline_model/ceilnet_table2/2008_007730/baseline_model.png,5.133971414615503,-0.0022005997974905434,-0.01803715729450417,0.005113462086705489,ceilnet_table2,analysis_outputs/visual_example_search/raw_results/best_model/ceilnet_table2/2008_007730/m_input.png,10.739045322124143,0.9410520890508074,25.29732424717963,0.9384878820435131,analysis_outputs/visual_example_search/raw_results/best_model/ceilnet_table2/2008_007730/best_model.png,2008_007730,-5134.106983014958,analysis_outputs/visual_example_search/raw_results/best_model/ceilnet_table2/2008_007730/t_label.png
11.098822390853819,0.981639973748339,23.60213066785269,0.8448359258771371,analysis_outputs/visual_example_search/raw_results/baseline_model/objects/15-Thick-5-m/baseline_model.png,5.323903455203741,0.0011322946513546706,-0.9022506050178372,-0.005624823019049985,objects,analysis_outputs/visual_example_search/raw_results/best_model/objects/15-Thick-5-m/m_input.png,16.42272584605756,0.9827722683996937,22.699880062834854,0.8392111028580871,analysis_outputs/visual_example_search/raw_results/best_model/objects/15-Thick-5-m/best_model.png,15-Thick-5-m,-5333.395272894975,analysis_outputs/visual_example_search/raw_results/best_model/objects/15-Thick-5-m/t_label.png
35.475795057984485,0.9635191424550861,22.921723386276625,0.9234044472781989,analysis_outputs/visual_example_search/raw_results/baseline_model/postcard/eh-5-m-22/baseline_model.png,5.366925105633314,0.010870596904038576,1.0250933233305943,0.00500063889285518,postcard,analysis_outputs/visual_example_search/raw_results/best_model/postcard/eh-5-m-22/m_input.png,40.8427201636178,0.9743897393591247,23.94681670960722,0.9284050861710541,analysis_outputs/visual_example_search/raw_results/best_model/postcard/eh-5-m-22/best_model.png,eh-5-m-22,-5366.186626963949,analysis_outputs/visual_example_search/raw_results/best_model/postcard/eh-5-m-22/t_label.png
10.527811457106324,0.9817812030231553,23.612843114144425,0.845859402538538,analysis_outputs/visual_example_search/raw_results/baseline_model/objects/15-Focus-32-m/baseline_model.png,5.59553375022783,0.0012527561017371402,-0.8574354714459957,-0.0051162899948188345,objects,analysis_outputs/visual_example_search/raw_results/best_model/objects/15-Focus-32-m/m_input.png,16.123345207334154,0.9830339591248924,22.75540764269843,0.8407431125437191,analysis_outputs/visual_example_search/raw_results/best_model/objects/15-Focus-32-m/best_model.png,15-Focus-32-m,-5604.54166801338,analysis_outputs/visual_example_search/raw_results/best_model/objects/15-Focus-32-m/t_label.png
10.444304195180838,0.9799658861141364,23.488513155708223,0.8417556259573198,analysis_outputs/visual_example_search/raw_results/baseline_model/objects/15-Thick-3-m/baseline_model.png,5.610518544624487,0.0032255824472945394,-0.3501839248167933,0.005999698449566382,objects,analysis_outputs/visual_example_search/raw_results/best_model/objects/15-Thick-3-m/m_input.png,16.054822739805324,0.9831914685614309,23.13832923089143,0.8477553244068862,analysis_outputs/visual_example_search/raw_results/best_model/objects/15-Thick-3-m/best_model.png,15-Thick-3-m,-5613.906479825172,analysis_outputs/visual_example_search/raw_results/best_model/objects/15-Thick-3-m/t_label.png
7.913186754240031,0.989304305713992,26.390263384571394,0.9132792130382072,analysis_outputs/visual_example_search/raw_results/baseline_model/objects/16-Focus-32-m/baseline_model.png,5.631266481290816,-0.0018220806229206632,-1.2010262025965766,-0.008020163131871816,objects,analysis_outputs/visual_example_search/raw_results/best_model/objects/16-Focus-32-m/m_input.png,13.544453235530847,0.9874822250910713,25.189237181974818,0.9052590499063354,analysis_outputs/visual_example_search/raw_results/best_model/objects/16-Focus-32-m/best_model.png,16-Focus-32-m,-5644.021563915732,analysis_outputs/visual_example_search/raw_results/best_model/objects/16-Focus-32-m/t_label.png
7.913186754240031,0.989304305713992,26.390263384571394,0.9132792130382072,analysis_outputs/visual_example_search/raw_results/baseline_model/objects/16-Thick-5-m/baseline_model.png,5.631266481290816,-0.0018220806229206632,-1.2010262025965766,-0.008020163131871816,objects,analysis_outputs/visual_example_search/raw_results/best_model/objects/16-Thick-5-m/m_input.png,13.544453235530847,0.9874822250910713,25.189237181974818,0.9052590499063354,analysis_outputs/visual_example_search/raw_results/best_model/objects/16-Thick-5-m/best_model.png,16-Thick-5-m,-5644.021563915732,analysis_outputs/visual_example_search/raw_results/best_model/objects/16-Thick-5-m/t_label.png
17.33812989795944,0.994846270246007,31.921269605334874,0.9634481509380425,analysis_outputs/visual_example_search/raw_results/baseline_model/ceilnet_table2/2007_009139/baseline_model.png,5.698724208281799,0.0016176871349938837,0.9770906942200135,0.0073183998069836775,ceilnet_table2,analysis_outputs/visual_example_search/raw_results/best_model/ceilnet_table2/2007_009139/m_input.png,23.03685410624124,0.9964639573810009,32.89836029955489,0.9707665507450262,analysis_outputs/visual_example_search/raw_results/best_model/ceilnet_table2/2007_009139/best_model.png,2007_009139,-5698.175109210177,analysis_outputs/visual_example_search/raw_results/best_model/ceilnet_table2/2007_009139/t_label.png
15.373242869164882,0.9832405586750511,24.30362472764746,0.8943469971981596,analysis_outputs/visual_example_search/raw_results/baseline_model/objects/10-Thick-10-m/baseline_model.png,5.998001483335665,0.0005342241879952025,-0.5055726277105776,-0.006086274557278393,objects,analysis_outputs/visual_example_search/raw_results/best_model/objects/10-Thick-10-m/m_input.png,21.371244352500547,0.9837747828630463,23.798052099936882,0.8882607226408812,analysis_outputs/visual_example_search/raw_results/best_model/objects/10-Thick-10-m/best_model.png,10-Thick-10-m,-6003.4253978268125,analysis_outputs/visual_example_search/raw_results/best_model/objects/10-Thick-10-m/t_label.png
20.588139329903537,0.9894841272294698,27.895520970641755,0.9260072427722931,analysis_outputs/visual_example_search/raw_results/baseline_model/objects/6-Thick-3-m/baseline_model.png,6.156617711331958,0.0008248453821391166,0.5636979941872937,0.0038418619984545987,objects,analysis_outputs/visual_example_search/raw_results/best_model/objects/6-Thick-3-m/m_input.png,26.744757041235495,0.9903089726116089,28.45921896482905,0.9298491047707477,analysis_outputs/visual_example_search/raw_results/best_model/objects/6-Thick-3-m/best_model.png,6-Thick-3-m,-6156.313144316046,analysis_outputs/visual_example_search/raw_results/best_model/objects/6-Thick-3-m/t_label.png
57.721227747341906,0.9035870527846533,22.373692205809036,0.9090242963997192,analysis_outputs/visual_example_search/raw_results/baseline_model/postcard/ih-5-m-32/baseline_model.png,6.429287802418692,-0.002453099204182685,-1.55629400332165,-0.004230488971143975,postcard,analysis_outputs/visual_example_search/raw_results/best_model/postcard/ih-5-m-32/m_input.png,64.1505155497606,0.9011339535804707,20.817398202487386,0.9047938074285752,analysis_outputs/visual_example_search/raw_results/best_model/postcard/ih-5-m-32/best_model.png,ih-5-m-32,-6445.60343270582,analysis_outputs/visual_example_search/raw_results/best_model/postcard/ih-5-m-32/t_label.png
17.584943348189082,0.9614550745029767,25.55431241427814,0.9518252462796836,analysis_outputs/visual_example_search/raw_results/baseline_model/ceilnet_table2/2010_005133/baseline_model.png,6.560332978369516,0.009739176582098552,-0.4446638246968426,-0.0007455917656218336,ceilnet_table2,analysis_outputs/visual_example_search/raw_results/best_model/ceilnet_table2/2010_005133/m_input.png,24.145276326558598,0.9711942510850753,25.109648589581298,0.9510796545140617,analysis_outputs/visual_example_search/raw_results/best_model/ceilnet_table2/2010_005133/best_model.png,2010_005133,-6564.710454188628,analysis_outputs/visual_example_search/raw_results/best_model/ceilnet_table2/2010_005133/t_label.png
47.870360331968264,0.9168365135811571,22.892468679757712,0.9165666366155528,analysis_outputs/visual_example_search/raw_results/baseline_model/postcard/ih-3-m-32/baseline_model.png,6.607183916686026,-0.0010950349183853625,-1.3506588186540789,-0.003179656425592148,postcard,analysis_outputs/visual_example_search/raw_results/best_model/postcard/ih-3-m-32/m_input.png,54.47754424865429,0.9157414786627718,21.541809861103633,0.9133869801899607,analysis_outputs/visual_example_search/raw_results/best_model/postcard/ih-3-m-32/best_model.png,ih-3-m-32,-6621.2903386758235,analysis_outputs/visual_example_search/raw_results/best_model/postcard/ih-3-m-32/t_label.png
8.768631503294102,0.9853955735851363,24.41576849725278,0.8639373124149161,analysis_outputs/visual_example_search/raw_results/baseline_model/objects/15-Focus-22-m/baseline_model.png,6.675842310232044,0.0002538064391942596,-1.101706825595663,-0.008591669274898739,objects,analysis_outputs/visual_example_search/raw_results/best_model/objects/15-Focus-22-m/m_input.png,15.444473813526146,0.9856493800243306,23.314061671657118,0.8553456431400174,analysis_outputs/visual_example_search/raw_results/best_model/objects/15-Focus-22-m/best_model.png,15-Focus-22-m,-6687.520977360175,analysis_outputs/visual_example_search/raw_results/best_model/objects/15-Focus-22-m/t_label.png
12.992974879725324,0.9877848219033079,25.622055571672433,0.9184162844894086,analysis_outputs/visual_example_search/raw_results/baseline_model/objects/12-Focus-11-m/baseline_model.png,6.797040668742351,0.0004266905575620594,-0.6067510491694925,-0.0029058931667437227,objects,analysis_outputs/visual_example_search/raw_results/best_model/objects/12-Focus-11-m/m_input.png,19.790015548467675,0.9882115124608699,25.01530452250294,0.9155103913226649,analysis_outputs/visual_example_search/raw_results/best_model/objects/12-Focus-11-m/best_model.png,12-Focus-11-m,-6803.401468580667,analysis_outputs/visual_example_search/raw_results/best_model/objects/12-Focus-11-m/t_label.png
10.61999394183653,0.9450778881767256,21.778439127362223,0.8594319278153519,analysis_outputs/visual_example_search/raw_results/baseline_model/real20/12/baseline_model.png,7.03616183567873,-0.011525042808203878,0.983323951263074,0.016161197623131618,real20,analysis_outputs/visual_example_search/raw_results/best_model/real20/12/m_input.png,17.65615577751526,0.9335528453685217,22.761763078625297,0.8755931254384836,analysis_outputs/visual_example_search/raw_results/best_model/real20/12/best_model.png,12,-7035.833407586017,analysis_outputs/visual_example_search/raw_results/best_model/real20/12/t_label.png
23.45283384682954,0.9563100899361124,23.001949753150793,0.8135646863156385,analysis_outputs/visual_example_search/raw_results/baseline_model/postcard/bh-5-m-27/baseline_model.png,7.064266211812598,0.00659518065804765,-0.4982246736506468,0.016132685245710543,postcard,analysis_outputs/visual_example_search/raw_results/best_model/postcard/bh-5-m-27/m_input.png,30.51710005864214,0.9629052705941601,22.503725079500146,0.829697371561349,analysis_outputs/visual_example_search/raw_results/best_model/postcard/bh-5-m-27/best_model.png,bh-5-m-27,-7068.846336792727,analysis_outputs/visual_example_search/raw_results/best_model/postcard/bh-5-m-27/t_label.png
10.874808079646396,0.9974818846554474,30.536664675147108,0.9786691798186279,analysis_outputs/visual_example_search/raw_results/baseline_model/ceilnet_table2/2007_003506/baseline_model.png,7.439224626217932,0.0012558662317981861,4.066459668208523,0.004807857516247904,ceilnet_table2,analysis_outputs/visual_example_search/raw_results/best_model/ceilnet_table2/2007_003506/m_input.png,18.314032705864328,0.9987377508872456,34.60312434335563,0.9834770373348758,analysis_outputs/visual_example_search/raw_results/best_model/ceilnet_table2/2007_003506/best_model.png,2007_003506,-7437.717546568162,analysis_outputs/visual_example_search/raw_results/best_model/ceilnet_table2/2007_003506/t_label.png
213.95319045879367,0.988119904169406,27.851719724912872,0.9285849427181331,analysis_outputs/visual_example_search/raw_results/baseline_model/objects/2-Focus-11-m/baseline_model.png,7.557911937039961,0.0023041682168584154,0.7423571380909166,-0.003033315755409993,objects,analysis_outputs/visual_example_search/raw_results/best_model/objects/2-Focus-11-m/m_input.png,221.51110239583363,0.9904240723862644,28.59407686300379,0.9255516269627231,analysis_outputs/visual_example_search/raw_results/best_model/objects/2-Focus-11-m/best_model.png,2-Focus-11-m,-7557.713046506616,analysis_outputs/visual_example_search/raw_results/best_model/objects/2-Focus-11-m/t_label.png
15.241142545179935,0.9870744910713031,25.9216550841338,0.9197356221318032,analysis_outputs/visual_example_search/raw_results/baseline_model/objects/13-Focus-16-m/baseline_model.png,8.346715662717484,-0.0035447141310036567,-1.7618568061345812,-0.01836749198901033,objects,analysis_outputs/visual_example_search/raw_results/best_model/objects/13-Focus-16-m/m_input.png,23.58785820789742,0.9835297769402994,24.15979827799922,0.9013681301427928,analysis_outputs/visual_example_search/raw_results/best_model/objects/13-Focus-16-m/best_model.png,13-Focus-16-m,-8365.688443595076,analysis_outputs/visual_example_search/raw_results/best_model/objects/13-Focus-16-m/t_label.png
34.23745969039586,0.9952969386721406,30.18951003768275,0.9704002137856499,analysis_outputs/visual_example_search/raw_results/baseline_model/wild/43-m/baseline_model.png,8.654517369215249,8.118875881146792e-05,-1.3764481397714547,0.00011219917694016424,wild,analysis_outputs/visual_example_search/raw_results/best_model/wild/43-m/m_input.png,42.89197705961111,0.9953781274309521,28.813061897911297,0.97051241296259,analysis_outputs/visual_example_search/raw_results/best_model/wild/43-m/best_model.png,43-m,-8668.735831961161,analysis_outputs/visual_example_search/raw_results/best_model/wild/43-m/t_label.png
12.96522486510807,0.985192586887567,25.220493004544057,0.9092000195487371,analysis_outputs/visual_example_search/raw_results/baseline_model/objects/13-Focus-32-m/baseline_model.png,8.773999118560916,-0.0037826795829021265,-1.6277323499960872,-0.01433551414241041,objects,analysis_outputs/visual_example_search/raw_results/best_model/objects/13-Focus-32-m/m_input.png,21.739223983668985,0.9814099073046648,23.59276065454797,0.8948645054063267,analysis_outputs/visual_example_search/raw_results/best_model/objects/13-Focus-32-m/best_model.png,13-Focus-32-m,-8791.453156291262,analysis_outputs/visual_example_search/raw_results/best_model/objects/13-Focus-32-m/t_label.png
12.96522486510807,0.985192586887567,25.220493004544057,0.9092000195487371,analysis_outputs/visual_example_search/raw_results/baseline_model/objects/13-Thick-5-m/baseline_model.png,8.773999118560916,-0.0037826795829021265,-1.6277323499960872,-0.01433551414241041,objects,analysis_outputs/visual_example_search/raw_results/best_model/objects/13-Thick-5-m/m_input.png,21.739223983668985,0.9814099073046648,23.59276065454797,0.8948645054063267,analysis_outputs/visual_example_search/raw_results/best_model/objects/13-Thick-5-m/best_model.png,13-Thick-5-m,-8791.453156291262,analysis_outputs/visual_example_search/raw_results/best_model/objects/13-Thick-5-m/t_label.png
37.23814428592408,0.9624460883168781,22.617412976074508,0.9272754405452582,analysis_outputs/visual_example_search/raw_results/baseline_model/postcard/eh-5-m-16/baseline_model.png,8.813198487413224,0.013530224558370052,1.907556441130847,0.007910013140756011,postcard,analysis_outputs/visual_example_search/raw_results/best_model/postcard/eh-5-m-16/m_input.png,46.0513427733373,0.9759763128752481,24.524969417205355,0.9351854536860142,analysis_outputs/visual_example_search/raw_results/best_model/postcard/eh-5-m-16/best_model.png,eh-5-m-16,-8812.026629323704,analysis_outputs/visual_example_search/raw_results/best_model/postcard/eh-5-m-16/t_label.png
13.408247069961183,0.9943075031400648,31.839621669431626,0.9314547275088293,analysis_outputs/visual_example_search/raw_results/baseline_model/ceilnet_table2/2010_005052/baseline_model.png,8.837020360070378,-0.0006806488824552259,-1.76802803672701,0.01086856381785073,ceilnet_table2,analysis_outputs/visual_example_search/raw_results/best_model/ceilnet_table2/2010_005052/m_input.png,22.24526743003156,0.9936268542576095,30.071593632704616,0.94232329132668,analysis_outputs/visual_example_search/raw_results/best_model/ceilnet_table2/2010_005052/best_model.png,2010_005052,-8855.042091731995,analysis_outputs/visual_example_search/raw_results/best_model/ceilnet_table2/2010_005052/t_label.png
11.577287885882805,0.98614823347329,25.449574794951094,0.9145481769797167,analysis_outputs/visual_example_search/raw_results/baseline_model/objects/13-Focus-27-m/baseline_model.png,9.133145986283266,-0.003703163779052221,-1.7140373543847787,-0.015235671678363816,objects,analysis_outputs/visual_example_search/raw_results/best_model/objects/13-Focus-27-m/m_input.png,20.71043387216607,0.9824450696942377,23.735537440566315,0.8993125053013529,analysis_outputs/visual_example_search/raw_results/best_model/objects/13-Focus-27-m/best_model.png,13-Focus-27-m,-9151.520564852917,analysis_outputs/visual_example_search/raw_results/best_model/objects/13-Focus-27-m/t_label.png
33.53791649726897,0.9632283526019921,23.086929276172995,0.8421133385090162,analysis_outputs/visual_example_search/raw_results/baseline_model/postcard/bh-5-m-19/baseline_model.png,9.873166452828585,0.007079525406972875,-0.8296995836154544,0.01859022554000289,postcard,analysis_outputs/visual_example_search/raw_results/best_model/postcard/bh-5-m-19/m_input.png,43.41108295009755,0.970307878008965,22.25722969255754,0.860703564049019,analysis_outputs/visual_example_search/raw_results/best_model/postcard/bh-5-m-19/best_model.png,bh-5-m-19,-9881.098271418936,analysis_outputs/visual_example_search/raw_results/best_model/postcard/bh-5-m-19/t_label.png
24.192794231328246,0.9940502829087694,28.170343757328922,0.9643414614026845,analysis_outputs/visual_example_search/raw_results/baseline_model/wild/57-m/baseline_model.png,10.237253596648362,-0.00014455200104956933,-0.6546235142971888,-0.0026061233336935885,wild,analysis_outputs/visual_example_search/raw_results/best_model/wild/57-m/m_input.png,34.43004782797661,0.9939057309077198,27.515720243031733,0.9617353380689909,analysis_outputs/visual_example_search/raw_results/best_model/wild/57-m/best_model.png,57-m,-10244.11431326615,analysis_outputs/visual_example_search/raw_results/best_model/wild/57-m/t_label.png
14.317920156485487,0.9808883836276607,24.11677067111133,0.8928945842948833,analysis_outputs/visual_example_search/raw_results/baseline_model/objects/10-Thick-3-m/baseline_model.png,10.481145411969399,-0.0002817384323102745,-0.6021035038779203,-0.006176533766554249,objects,analysis_outputs/visual_example_search/raw_results/best_model/objects/10-Thick-3-m/m_input.png,24.799065568454886,0.9806066451953505,23.51466716723341,0.8867180505283291,analysis_outputs/visual_example_search/raw_results/best_model/objects/10-Thick-3-m/best_model.png,10-Thick-3-m,-10487.593187703098,analysis_outputs/visual_example_search/raw_results/best_model/objects/10-Thick-3-m/t_label.png
109.47762316286133,0.9317493076506483,22.81440855790304,0.9231078434041358,analysis_outputs/visual_example_search/raw_results/baseline_model/postcard/ah-10-m-3/baseline_model.png,10.526899156404312,0.013296969867094055,0.08752773610611797,0.010568970057507343,postcard,analysis_outputs/visual_example_search/raw_results/best_model/postcard/ah-10-m-3/m_input.png,120.00452231926565,0.9450462775177424,22.901936294009158,0.9336768134616431,analysis_outputs/visual_example_search/raw_results/best_model/postcard/ah-10-m-3/best_model.png,ah-10-m-3,-10526.273331994162,analysis_outputs/visual_example_search/raw_results/best_model/postcard/ah-10-m-3/t_label.png
30.43329129635182,0.9691001040834416,23.918619113972074,0.9211285813005977,analysis_outputs/visual_example_search/raw_results/baseline_model/postcard/eh-5-m-32/baseline_model.png,10.641728124336922,0.008189055399627554,0.011382011542195869,0.0012449391944855392,postcard,analysis_outputs/visual_example_search/raw_results/best_model/postcard/eh-5-m-32/m_input.png,41.07501942068874,0.9772891594830692,23.93000112551427,0.9223735204950833,analysis_outputs/visual_example_search/raw_results/best_model/postcard/eh-5-m-32/best_model.png,eh-5-m-32,-10641.48848046822,analysis_outputs/visual_example_search/raw_results/best_model/postcard/eh-5-m-32/t_label.png
198.00259614564027,0.9930565048727626,28.103968428863965,0.9250534090994936,analysis_outputs/visual_example_search/raw_results/baseline_model/objects/9-Focus-22-m/baseline_model.png,10.79985722136837,0.002248492920015943,0.029816722312784094,-0.0052941032380990904,objects,analysis_outputs/visual_example_search/raw_results/best_model/objects/9-Focus-22-m/m_input.png,208.80245336700864,0.9953049977927786,28.13378515117675,0.9197593058613945,analysis_outputs/visual_example_search/raw_results/best_model/objects/9-Focus-22-m/best_model.png,9-Focus-22-m,-10799.976363751266,analysis_outputs/visual_example_search/raw_results/best_model/objects/9-Focus-22-m/t_label.png
41.69372291805598,0.9290622321037818,22.454618036445435,0.892964157446543,analysis_outputs/visual_example_search/raw_results/baseline_model/postcard/ih-5-m-22/baseline_model.png,11.189726018292681,0.007330119772315791,0.1517855421691685,0.0052660478055776005,postcard,analysis_outputs/visual_example_search/raw_results/best_model/postcard/ih-5-m-22/m_input.png,52.883448936348664,0.9363923518760976,22.606403578614604,0.8982302052521206,analysis_outputs/visual_example_search/raw_results/best_model/postcard/ih-5-m-22/best_model.png,ih-5-m-22,-11189.36051892251,analysis_outputs/visual_example_search/raw_results/best_model/postcard/ih-5-m-22/t_label.png
144.15011256292354,0.9626853890783816,21.165152604658488,0.8597135939832544,analysis_outputs/visual_example_search/raw_results/baseline_model/postcard/eb-5-m-16/baseline_model.png,11.440401081224024,0.002852165068034984,-0.03424362569365158,-0.018362048059540226,postcard,analysis_outputs/visual_example_search/raw_results/best_model/postcard/eb-5-m-16/m_input.png,155.59051364414756,0.9655375541464166,21.130908978964836,0.8413515459237142,analysis_outputs/visual_example_search/raw_results/best_model/postcard/eb-5-m-16/best_model.png,eb-5-m-16,-11441.326299578242,analysis_outputs/visual_example_search/raw_results/best_model/postcard/eb-5-m-16/t_label.png
12.254904299688459,0.9597498147540742,22.238161089707685,0.8539118303099182,analysis_outputs/visual_example_search/raw_results/baseline_model/objects/7-Focus-22-m/baseline_model.png,11.520303057557232,0.003995351264821978,-0.7071699454252425,-0.013937814262234727,objects,analysis_outputs/visual_example_search/raw_results/best_model/objects/7-Focus-22-m/m_input.png,23.77520735724569,0.9637451660188961,21.530991144282442,0.8399740160476835,analysis_outputs/visual_example_search/raw_results/best_model/objects/7-Focus-22-m/best_model.png,7-Focus-22-m,-11527.998420044183,analysis_outputs/visual_example_search/raw_results/best_model/objects/7-Focus-22-m/t_label.png
18.740423972831547,0.9628545847458779,24.56741623592124,0.8878620875810137,analysis_outputs/visual_example_search/raw_results/baseline_model/ceilnet_table2/2011_006998/baseline_model.png,11.591432388055463,0.012460926854494847,1.5456373750158505,0.01364504575790304,ceilnet_table2,analysis_outputs/visual_example_search/raw_results/best_model/ceilnet_table2/2011_006998/m_input.png,30.33185636088701,0.9753155116003728,26.11305361093709,0.9015071333389167,analysis_outputs/visual_example_search/raw_results/best_model/ceilnet_table2/2011_006998/best_model.png,2011_006998,-11590.264526281813,analysis_outputs/visual_example_search/raw_results/best_model/ceilnet_table2/2011_006998/t_label.png
39.11419416081107,0.9414675889171576,23.364466228141136,0.9259074604754728,analysis_outputs/visual_example_search/raw_results/baseline_model/postcard/ae-5-m-16/baseline_model.png,12.194783082781754,0.00040065206453965274,-0.40188468618969964,-0.0019081277874444247,postcard,analysis_outputs/visual_example_search/raw_results/best_model/postcard/ae-5-m-16/m_input.png,51.30897724359282,0.9418682409816973,22.962581541951437,0.9239993326880284,analysis_outputs/visual_example_search/raw_results/best_model/postcard/ae-5-m-16/best_model.png,ae-5-m-16,-12198.992659376661,analysis_outputs/visual_example_search/raw_results/best_model/postcard/ae-5-m-16/t_label.png
302.07415339766027,0.9130064734114288,20.480236670213966,0.8006324566087762,analysis_outputs/visual_example_search/raw_results/baseline_model/postcard/ib-3-m-32/baseline_model.png,12.258242194196214,0.0153889895772088,0.20966008619461718,0.0009221634758113106,postcard,analysis_outputs/visual_example_search/raw_results/best_model/postcard/ib-3-m-32/m_input.png,314.3323955918565,0.9283954629886376,20.689896756408583,0.8015546200845876,analysis_outputs/visual_example_search/raw_results/best_model/postcard/ib-3-m-32/best_model.png,ib-3-m-32,-12257.76452867449,analysis_outputs/visual_example_search/raw_results/best_model/postcard/ib-3-m-32/t_label.png
21.2076572044517,0.9616864903316539,21.43002862546341,0.86924197159085,analysis_outputs/visual_example_search/raw_results/baseline_model/objects/19-Thick-10-m/baseline_model.png,12.61382509885133,0.005599556389451421,0.5139452627327401,-0.006886767798770288,objects,analysis_outputs/visual_example_search/raw_results/best_model/objects/19-Thick-10-m/m_input.png,33.82148230330303,0.9672860467211053,21.94397388819615,0.8623552037920797,analysis_outputs/visual_example_search/raw_results/best_model/objects/19-Thick-10-m/best_model.png,19-Thick-10-m,-12613.754831726974,analysis_outputs/visual_example_search/raw_results/best_model/objects/19-Thick-10-m/t_label.png
39.18418571855202,0.9896606350560353,26.411050924214603,0.9428447500303238,analysis_outputs/visual_example_search/raw_results/baseline_model/objects/5-Focus-19-m/baseline_model.png,12.830658813884206,0.0018591787625611422,-0.9969186901556171,0.0012432023143590376,objects,analysis_outputs/visual_example_search/raw_results/best_model/objects/5-Focus-19-m/m_input.png,52.01484453243623,0.9915198138185964,25.414132234058986,0.9440879523446828,analysis_outputs/visual_example_search/raw_results/best_model/objects/5-Focus-19-m/best_model.png,5-Focus-19-m,-12840.882747488891,analysis_outputs/visual_example_search/raw_results/best_model/objects/5-Focus-19-m/t_label.png
35.82519988409312,0.9641707776479606,22.97215190499099,0.9306353817841938,analysis_outputs/visual_example_search/raw_results/baseline_model/postcard/eh-5-m-13/baseline_model.png,13.607989483462518,0.01388351797491294,1.9778230279111177,0.007893036127624486,postcard,analysis_outputs/visual_example_search/raw_results/best_model/postcard/eh-5-m-13/m_input.png,49.433189367555634,0.9780542956228735,24.94997493290211,0.9385284179118183,analysis_outputs/visual_example_search/raw_results/best_model/postcard/eh-5-m-13/best_model.png,eh-5-m-13,-13606.785795267317,analysis_outputs/visual_example_search/raw_results/best_model/postcard/eh-5-m-13/t_label.png
19.090548191796547,0.9910044644992326,27.704719160066727,0.9339587175997974,analysis_outputs/visual_example_search/raw_results/baseline_model/objects/11-Focus-32-m/baseline_model.png,14.942516079699015,0.0007795333857415487,-0.4242651761922609,-0.006404848706792254,objects,analysis_outputs/visual_example_search/raw_results/best_model/objects/11-Focus-32-m/m_input.png,34.03306427149556,0.9917839978849742,27.280453983874466,0.9275538688930052,analysis_outputs/visual_example_search/raw_results/best_model/objects/11-Focus-32-m/best_model.png,11-Focus-32-m,-14947.104834556429,analysis_outputs/visual_example_search/raw_results/best_model/objects/11-Focus-32-m/t_label.png
19.090548191796547,0.9910044644992326,27.704719160066727,0.9339587175997974,analysis_outputs/visual_example_search/raw_results/baseline_model/objects/11-Thick-5-m/baseline_model.png,14.942516079699015,0.0007795333857415487,-0.4242651761922609,-0.006404848706792254,objects,analysis_outputs/visual_example_search/raw_results/best_model/objects/11-Thick-5-m/m_input.png,34.03306427149556,0.9917839978849742,27.280453983874466,0.9275538688930052,analysis_outputs/visual_example_search/raw_results/best_model/objects/11-Thick-5-m/best_model.png,11-Thick-5-m,-14947.104834556429,analysis_outputs/visual_example_search/raw_results/best_model/objects/11-Thick-5-m/t_label.png
43.95007564328195,0.9711078809766985,25.880392761103582,0.86436347270878,analysis_outputs/visual_example_search/raw_results/baseline_model/objects/1-Focus-19-m/baseline_model.png,14.973492089758459,-0.0007218181486258191,-0.26039494676723507,-0.004020983342106543,objects,analysis_outputs/visual_example_search/raw_results/best_model/objects/1-Focus-19-m/m_input.png,58.92356773304041,0.9703860628280727,25.619997814336347,0.8603424893666735,analysis_outputs/visual_example_search/raw_results/best_model/objects/1-Focus-19-m/best_model.png,1-Focus-19-m,-14976.348835593895,analysis_outputs/visual_example_search/raw_results/best_model/objects/1-Focus-19-m/t_label.png
5.090256898707846,0.9918438282618584,29.713360781445914,0.9570563770316629,analysis_outputs/visual_example_search/raw_results/baseline_model/wild/63-m/baseline_model.png,15.22920488578185,6.834833436786258e-05,-2.319734660471614,-0.007124346923495728,wild,analysis_outputs/visual_example_search/raw_results/best_model/wild/63-m/m_input.png,20.319461784489697,0.9919121765962262,27.3936261209743,0.9499320301081672,analysis_outputs/visual_example_search/raw_results/best_model/wild/63-m/best_model.png,63-m,-15253.423120707354,analysis_outputs/visual_example_search/raw_results/best_model/wild/63-m/t_label.png
171.23469530883435,0.9182889492833528,17.715815859332245,0.8615103037145865,analysis_outputs/visual_example_search/raw_results/baseline_model/wild/38-m/baseline_model.png,15.322435860816341,0.011566452859211762,-0.178809265425798,0.0007667445710348719,wild,analysis_outputs/visual_example_search/raw_results/best_model/wild/38-m/m_input.png,186.5571311696507,0.9298554021425646,17.537006593906447,0.8622770482856214,analysis_outputs/visual_example_search/raw_results/best_model/wild/38-m/best_model.png,38-m,-15323.975226623319,analysis_outputs/visual_example_search/raw_results/best_model/wild/38-m/t_label.png
15.122122090748222,0.979659614279877,27.137345895894722,0.9761919903657975,analysis_outputs/visual_example_search/raw_results/baseline_model/ceilnet_table2/2007_003571/baseline_model.png,15.446377627814128,0.006498477823122184,1.6054992815764138,0.004774069615335885,ceilnet_table2,analysis_outputs/visual_example_search/raw_results/best_model/ceilnet_table2/2007_003571/m_input.png,30.56849971856235,0.9861580921029992,28.742845177471136,0.9809660599811334,analysis_outputs/visual_example_search/raw_results/best_model/ceilnet_table2/2007_003571/best_model.png,2007_003571,-15445.560647700975,analysis_outputs/visual_example_search/raw_results/best_model/ceilnet_table2/2007_003571/t_label.png
41.860456765718595,0.9607021665738936,22.56202180192385,0.9308840654912635,analysis_outputs/visual_example_search/raw_results/baseline_model/postcard/eh-5-m-11/baseline_model.png,15.532846923143573,0.015092399073243001,2.111869630190334,0.008835764598455143,postcard,analysis_outputs/visual_example_search/raw_results/best_model/postcard/eh-5-m-11/m_input.png,57.39330368886217,0.9757945656471366,24.673891432114186,0.9397198300897186,analysis_outputs/visual_example_search/raw_results/best_model/postcard/eh-5-m-11/best_model.png,eh-5-m-11,-15531.544762508385,analysis_outputs/visual_example_search/raw_results/best_model/postcard/eh-5-m-11/t_label.png
17.685282759759367,0.9857624979392359,27.776846464910424,0.9540747762783992,analysis_outputs/visual_example_search/raw_results/baseline_model/ceilnet_table2/2008_008180/baseline_model.png,15.626606006174548,0.00018625709315256422,2.066984808003589,0.008501735088636497,ceilnet_table2,analysis_outputs/visual_example_search/raw_results/best_model/ceilnet_table2/2008_008180/m_input.png,33.311888765933915,0.9859487550323884,29.843831272914013,0.9625765113670357,analysis_outputs/visual_example_search/raw_results/best_model/ceilnet_table2/2008_008180/best_model.png,2008_008180,-15625.699811434002,analysis_outputs/visual_example_search/raw_results/best_model/ceilnet_table2/2008_008180/t_label.png
6.396216243861547,0.9904327557980938,27.154753388358856,0.9231052662966724,analysis_outputs/visual_example_search/raw_results/baseline_model/objects/16-Thick-10-m/baseline_model.png,15.651028238073545,0.00045258722398278106,-0.6927999410799863,-0.005778908180658071,objects,analysis_outputs/visual_example_search/raw_results/best_model/objects/16-Thick-10-m/m_input.png,22.047244481935092,0.9908853430220765,26.46195344727887,0.9173263581160144,analysis_outputs/visual_example_search/raw_results/best_model/objects/16-Thick-10-m/best_model.png,16-Thick-10-m,-15658.37811790376,analysis_outputs/visual_example_search/raw_results/best_model/objects/16-Thick-10-m/t_label.png
5.716265788786089,0.9962507237349195,33.69272291162141,0.9912008100527342,analysis_outputs/visual_example_search/raw_results/baseline_model/ceilnet_table2/2009_000055/baseline_model.png,15.813409139084808,0.0010198500595622884,1.1813401958366825,0.0017560162377013855,ceilnet_table2,analysis_outputs/visual_example_search/raw_results/best_model/ceilnet_table2/2009_000055/m_input.png,21.529674927870897,0.9972705737944818,34.87406310745809,0.9929568262904356,analysis_outputs/visual_example_search/raw_results/best_model/ceilnet_table2/2009_000055/best_model.png,2009_000055,-15812.945962362097,analysis_outputs/visual_example_search/raw_results/best_model/ceilnet_table2/2009_000055/t_label.png
49.08694319803796,0.9374920034976798,22.798229598865948,0.9096653870068591,analysis_outputs/visual_example_search/raw_results/baseline_model/postcard/ih-5-m-13/baseline_model.png,15.828594035306395,0.008363874356579704,0.42463763836097357,0.005739042882117573,postcard,analysis_outputs/visual_example_search/raw_results/best_model/postcard/ih-5-m-13/m_input.png,64.91553723334435,0.9458558778542595,23.22286723722692,0.9154044298889766,analysis_outputs/visual_example_search/raw_results/best_model/postcard/ih-5-m-13/best_model.png,ih-5-m-13,-15828.099916495974,analysis_outputs/visual_example_search/raw_results/best_model/postcard/ih-5-m-13/t_label.png
44.123327924849626,0.9332317788578443,22.627375550639297,0.9020164730706729,analysis_outputs/visual_example_search/raw_results/baseline_model/postcard/ih-5-m-16/baseline_model.png,16.145228086778282,0.008745392698937704,0.21689495519476765,0.005683347661242455,postcard,analysis_outputs/visual_example_search/raw_results/best_model/postcard/ih-5-m-16/m_input.png,60.26855601162791,0.941977171556782,22.844270505834064,0.9076998207319154,analysis_outputs/visual_example_search/raw_results/best_model/postcard/ih-5-m-16/best_model.png,ih-5-m-16,-16144.795069950878,analysis_outputs/visual_example_search/raw_results/best_model/postcard/ih-5-m-16/t_label.png
10.168112873093161,0.9861663343594322,28.212620133773978,0.9412769183866057,analysis_outputs/visual_example_search/raw_results/baseline_model/ceilnet_table2/2009_000549/baseline_model.png,16.583731059594694,0.004605443846902646,1.3875670304128818,0.005794460402262058,ceilnet_table2,analysis_outputs/visual_example_search/raw_results/best_model/ceilnet_table2/2009_000549/m_input.png,26.751843932687855,0.9907717782063349,29.60018716418686,0.9470713787888677,analysis_outputs/visual_example_search/raw_results/best_model/ceilnet_table2/2009_000549/best_model.png,2009_000549,-16583.008539644994,analysis_outputs/visual_example_search/raw_results/best_model/ceilnet_table2/2009_000549/t_label.png
24.92191969844503,0.9598388113482313,21.439332977573077,0.8714072571433716,analysis_outputs/visual_example_search/raw_results/baseline_model/objects/19-Thick-3-m/baseline_model.png,16.828956481106516,0.005785082343660597,0.5134915318611881,-0.0028423068227723114,objects,analysis_outputs/visual_example_search/raw_results/best_model/objects/19-Thick-3-m/m_input.png,41.75087617955155,0.9656238936918919,21.952824509434265,0.8685649503205993,analysis_outputs/visual_example_search/raw_results/best_model/objects/19-Thick-3-m/best_model.png,19-Thick-3-m,-16828.74017094277,analysis_outputs/visual_example_search/raw_results/best_model/objects/19-Thick-3-m/t_label.png
121.2086355856632,0.9900256671572146,27.634318852379437,0.9519994265784173,analysis_outputs/visual_example_search/raw_results/baseline_model/objects/4-Focus-32-m/baseline_model.png,17.838829358333996,0.00118754347288752,-0.9538359698041354,-0.00423225008083028,objects,analysis_outputs/visual_example_search/raw_results/best_model/objects/4-Focus-32-m/m_input.png,139.0474649439972,0.9912132106301021,26.6804828825753,0.947767176497587,analysis_outputs/visual_example_search/raw_results/best_model/objects/4-Focus-32-m/best_model.png,4-Focus-32-m,-17848.80410352131,analysis_outputs/visual_example_search/raw_results/best_model/objects/4-Focus-32-m/t_label.png
121.2086355856632,0.9900256671572146,27.634318852379437,0.9519994265784173,analysis_outputs/visual_example_search/raw_results/baseline_model/objects/4-Thick-5-m/baseline_model.png,17.838829358333996,0.00118754347288752,-0.9538359698041354,-0.00423225008083028,objects,analysis_outputs/visual_example_search/raw_results/best_model/objects/4-Thick-5-m/m_input.png,139.0474649439972,0.9912132106301021,26.6804828825753,0.947767176497587,analysis_outputs/visual_example_search/raw_results/best_model/objects/4-Thick-5-m/best_model.png,4-Thick-5-m,-17848.80410352131,analysis_outputs/visual_example_search/raw_results/best_model/objects/4-Thick-5-m/t_label.png
2.9504002509567884,0.9864087621675148,24.247070785909912,0.8008757358160077,analysis_outputs/visual_example_search/raw_results/baseline_model/wild/94-m/baseline_model.png,18.302067968430553,0.00870864742179267,7.485847351462539,0.15453333101108502,wild,analysis_outputs/visual_example_search/raw_results/best_model/wild/94-m/m_input.png,21.252468219387342,0.9951174095893075,31.73291813737245,0.9554090668270927,analysis_outputs/visual_example_search/raw_results/best_model/wild/94-m/best_model.png,94-m,-18295.491636519244,analysis_outputs/visual_example_search/raw_results/best_model/wild/94-m/t_label.png
23.387255813354447,0.9583902974488836,21.47049955541642,0.8702885418906406,analysis_outputs/visual_example_search/raw_results/baseline_model/objects/19-Focus-27-m/baseline_model.png,18.42494861310244,0.005912224541643751,0.436570999745971,-0.007909825111515167,objects,analysis_outputs/visual_example_search/raw_results/best_model/objects/19-Focus-27-m/m_input.png,41.81220442645689,0.9643025219905274,21.90707055516239,0.8623787167791255,analysis_outputs/visual_example_search/raw_results/best_model/objects/19-Focus-27-m/best_model.png,19-Focus-27-m,-18424.932127701217,analysis_outputs/visual_example_search/raw_results/best_model/objects/19-Focus-27-m/t_label.png
41.03762130858605,0.9832032026952963,28.703904977135764,0.899363988521429,analysis_outputs/visual_example_search/raw_results/baseline_model/real20/29/baseline_model.png,19.186148253803033,-0.0013608387401505828,0.12704095830056872,0.0157656809577722,real20,analysis_outputs/visual_example_search/raw_results/best_model/real20/29/m_input.png,60.22376956238908,0.9818423639551457,28.830945935436333,0.9151296694792012,analysis_outputs/visual_example_search/raw_results/best_model/real20/29/best_model.png,29,-19185.759394148892,analysis_outputs/visual_example_search/raw_results/best_model/real20/29/t_label.png
11.952737034369163,0.9644794138624639,24.408298016242494,0.8493667083083385,analysis_outputs/visual_example_search/raw_results/baseline_model/objects/1-Focus-27-m/baseline_model.png,19.31098639596606,0.00021302895574504266,0.0037708415720629773,0.0012214779339227988,objects,analysis_outputs/visual_example_search/raw_results/best_model/objects/1-Focus-27-m/m_input.png,31.263723430335222,0.964692442818209,24.412068857814557,0.8505881862422613,analysis_outputs/visual_example_search/raw_results/best_model/objects/1-Focus-27-m/best_model.png,1-Focus-27-m,-19310.94927634663,analysis_outputs/visual_example_search/raw_results/best_model/objects/1-Focus-27-m/t_label.png
9.969271774578276,0.9961452164271396,30.191533426559474,0.95281255812453,analysis_outputs/visual_example_search/raw_results/baseline_model/ceilnet_table2/2010_002102/baseline_model.png,20.061900612162432,0.0009310419616921362,0.3531178667708197,0.010088235344789531,ceilnet_table2,analysis_outputs/visual_example_search/raw_results/best_model/ceilnet_table2/2010_002102/m_input.png,30.03117238674071,0.9970762583888317,30.544651293330293,0.9629007934693196,analysis_outputs/visual_example_search/raw_results/best_model/ceilnet_table2/2010_002102/best_model.png,2010_002102,-20061.50742427418,analysis_outputs/visual_example_search/raw_results/best_model/ceilnet_table2/2010_002102/t_label.png
34.71357168933913,0.9302140431648505,22.57579542223367,0.8884316622185925,analysis_outputs/visual_example_search/raw_results/baseline_model/postcard/ih-5-m-27/baseline_model.png,20.7815491973603,0.006621290383553857,0.04813517278682511,0.005353579832004685,postcard,analysis_outputs/visual_example_search/raw_results/best_model/postcard/ih-5-m-27/m_input.png,55.49512088669943,0.9368353335484043,22.623930595020497,0.8937852420505972,analysis_outputs/visual_example_search/raw_results/best_model/postcard/ih-5-m-27/best_model.png,ih-5-m-27,-20781.233780547314,analysis_outputs/visual_example_search/raw_results/best_model/postcard/ih-5-m-27/t_label.png
86.87808568330477,0.9382807048752492,23.30285101391961,0.9251821389999383,analysis_outputs/visual_example_search/raw_results/baseline_model/postcard/ah-5-m-27/baseline_model.png,21.36210042311872,0.011666058788905143,-0.6501102378765324,0.0068431490670548545,postcard,analysis_outputs/visual_example_search/raw_results/best_model/postcard/ah-5-m-27/m_input.png,108.2401861064235,0.9499467636641543,22.65274077604308,0.9320252880669931,analysis_outputs/visual_example_search/raw_results/best_model/postcard/ah-5-m-27/best_model.png,ah-5-m-27,-21368.35549871371,analysis_outputs/visual_example_search/raw_results/best_model/postcard/ah-5-m-27/t_label.png
42.509939657350536,0.9783513038251508,20.75148065202018,0.8955242019052552,analysis_outputs/visual_example_search/raw_results/baseline_model/objects/20-Focus-27-m/baseline_model.png,21.76516117127506,0.0011152595357161177,0.6233966433473768,-0.009200423461901752,objects,analysis_outputs/visual_example_search/raw_results/best_model/objects/20-Focus-27-m/m_input.png,64.2751008286256,0.9794665633608669,21.374877295367558,0.8863237784433534,analysis_outputs/visual_example_search/raw_results/best_model/objects/20-Focus-27-m/best_model.png,20-Focus-27-m,-21765.24750572672,analysis_outputs/visual_example_search/raw_results/best_model/objects/20-Focus-27-m/t_label.png
29.574655402002104,0.9282879163272105,23.11420527802999,0.8687874878698391,analysis_outputs/visual_example_search/raw_results/baseline_model/postcard/ie-5-m-27/baseline_model.png,23.1602995958529,-0.006598814172430245,-1.6469617875411942,-0.00237045985341533,postcard,analysis_outputs/visual_example_search/raw_results/best_model/postcard/ie-5-m-27/m_input.png,52.734954997855006,0.9216891021547803,21.467243490488794,0.8664170280164237,analysis_outputs/visual_example_search/raw_results/best_model/postcard/ie-5-m-27/best_model.png,ie-5-m-27,-23177.63212558173,analysis_outputs/visual_example_search/raw_results/best_model/postcard/ie-5-m-27/t_label.png
1686.420596076778,0.7373691688303214,17.574492408755063,0.802300899575615,analysis_outputs/visual_example_search/raw_results/baseline_model/wild/27-m/baseline_model.png,23.30154317440997,0.07959012394984688,2.4672140276056638,0.018886608707371466,wild,analysis_outputs/visual_example_search/raw_results/best_model/wild/27-m/m_input.png,1709.722139251188,0.8169592927801683,20.041706436360727,0.8211875082829865,analysis_outputs/visual_example_search/raw_results/best_model/wild/27-m/best_model.png,27-m,-23298.25885141767,analysis_outputs/visual_example_search/raw_results/best_model/wild/27-m/t_label.png
58.52503017428378,0.9025329597022702,22.32676610071013,0.9101325438803404,analysis_outputs/visual_example_search/raw_results/baseline_model/postcard/ih-10-m-3/baseline_model.png,23.471556118464086,-0.001169086700070765,-1.3003372140282146,-0.003358622918430365,postcard,analysis_outputs/visual_example_search/raw_results/best_model/postcard/ih-10-m-3/m_input.png,81.99658629274786,0.9013638730021994,21.026428886681916,0.90677392096191,analysis_outputs/visual_example_search/raw_results/best_model/postcard/ih-10-m-3/best_model.png,ih-10-m-3,-23485.151406179026,analysis_outputs/visual_example_search/raw_results/best_model/postcard/ih-10-m-3/t_label.png
40.4531110504584,0.9320199150538615,22.631221232478964,0.8969075239481162,analysis_outputs/visual_example_search/raw_results/baseline_model/postcard/ih-5-m-19/baseline_model.png,23.696592047336935,0.008010706821136582,0.26346370583277334,0.0060594151506626615,postcard,analysis_outputs/visual_example_search/raw_results/best_model/postcard/ih-5-m-19/m_input.png,64.14970309779534,0.9400306218749981,22.894684938311737,0.9029669390987789,analysis_outputs/visual_example_search/raw_results/best_model/postcard/ih-5-m-19/best_model.png,ih-5-m-19,-23696.15247305236,analysis_outputs/visual_example_search/raw_results/best_model/postcard/ih-5-m-19/t_label.png
19.03962161631402,0.9906113165142465,27.523743049431157,0.9328733757912189,analysis_outputs/visual_example_search/raw_results/baseline_model/objects/11-Focus-13-m/baseline_model.png,24.142837687740684,0.0009418491513553118,-0.4653241800370722,-0.006838086525277176,objects,analysis_outputs/visual_example_search/raw_results/best_model/objects/11-Focus-13-m/m_input.png,43.1824593040547,0.9915531656656018,27.058418869394085,0.9260352892659417,analysis_outputs/visual_example_search/raw_results/best_model/objects/11-Focus-13-m/best_model.png,11-Focus-13-m,-24147.86182440067,analysis_outputs/visual_example_search/raw_results/best_model/objects/11-Focus-13-m/t_label.png
17.911398384493012,0.977980269911042,28.99144568978808,0.9770775173450215,analysis_outputs/visual_example_search/raw_results/baseline_model/wild/11-m/baseline_model.png,24.40160164667271,0.005334022736055322,-7.463985675768342,-0.007249505503932885,wild,analysis_outputs/visual_example_search/raw_results/best_model/wild/11-m/m_input.png,42.31300003116572,0.9833142926470974,21.527460014019738,0.9698280118410886,analysis_outputs/visual_example_search/raw_results/best_model/wild/11-m/best_model.png,11-m,-24478.849880779886,analysis_outputs/visual_example_search/raw_results/best_model/wild/11-m/t_label.png
133.07344558670698,0.9908981906301273,27.244022156034962,0.9496756328046504,analysis_outputs/visual_example_search/raw_results/baseline_model/objects/4-Focus-13-m/baseline_model.png,24.62348899712157,-0.0020464527952990252,-0.801460817926344,-0.003940331049230306,objects,analysis_outputs/visual_example_search/raw_results/best_model/objects/4-Focus-13-m/m_input.png,157.69693458382855,0.9888517378348283,26.442561338108618,0.9457353017554201,analysis_outputs/visual_example_search/raw_results/best_model/objects/4-Focus-13-m/best_model.png,4-Focus-13-m,-24631.980296341368,analysis_outputs/visual_example_search/raw_results/best_model/objects/4-Focus-13-m/t_label.png
41.7022564498362,0.9602450635182564,21.622059436817,0.8887934218664509,analysis_outputs/visual_example_search/raw_results/baseline_model/objects/19-Focus-13-m/baseline_model.png,24.70025664764185,0.006942516472643878,0.47342532866682063,-0.0037367490050705943,objects,analysis_outputs/visual_example_search/raw_results/best_model/objects/19-Focus-13-m/m_input.png,66.40251309747805,0.9671875799909003,22.09548476548382,0.8850566728613803,analysis_outputs/visual_example_search/raw_results/best_model/objects/19-Focus-13-m/best_model.png,19-Focus-13-m,-24700.056062502324,analysis_outputs/visual_example_search/raw_results/best_model/objects/19-Focus-13-m/t_label.png
114.79724901050793,0.9868367175873544,24.96762041242248,0.8811870099322802,analysis_outputs/visual_example_search/raw_results/baseline_model/objects/14-Focus-22-m/baseline_model.png,25.75274559118708,0.0018153764880606271,-0.8862856731007724,-0.004803497816076363,objects,analysis_outputs/visual_example_search/raw_results/best_model/objects/14-Focus-22-m/m_input.png,140.549994601695,0.988652094075415,24.081334739321708,0.8763835121162038,analysis_outputs/visual_example_search/raw_results/best_model/objects/14-Focus-22-m/best_model.png,14-Focus-22-m,-25762.02661448715,analysis_outputs/visual_example_search/raw_results/best_model/objects/14-Focus-22-m/t_label.png
6.816589933060541,0.9771773404985711,27.6024331474281,0.7838125703038878,analysis_outputs/visual_example_search/raw_results/baseline_model/ceilnet_table2/2011_003601/baseline_model.png,26.007342665752482,0.012454425488199528,2.9735710228571044,0.05230413583615234,ceilnet_table2,analysis_outputs/visual_example_search/raw_results/best_model/ceilnet_table2/2011_003601/m_input.png,32.82393259881302,0.9896317659867706,30.576004170285206,0.8361167061400402,analysis_outputs/visual_example_search/raw_results/best_model/ceilnet_table2/2011_003601/best_model.png,2011_003601,-26004.73251137842,analysis_outputs/visual_example_search/raw_results/best_model/ceilnet_table2/2011_003601/t_label.png
50.16626345586886,0.9597677349578865,21.532149315476143,0.8883405491385566,analysis_outputs/visual_example_search/raw_results/baseline_model/objects/19-Focus-11-m/baseline_model.png,26.19561731780243,0.006092874527811376,0.34912881585801614,-0.007186041415400801,objects,analysis_outputs/visual_example_search/raw_results/best_model/objects/19-Focus-11-m/m_input.png,76.36188077367129,0.9658606094856979,21.88127813133416,0.8811545077231558,analysis_outputs/visual_example_search/raw_results/best_model/objects/19-Focus-11-m/best_model.png,19-Focus-11-m,-26195.600131116822,analysis_outputs/visual_example_search/raw_results/best_model/objects/19-Focus-11-m/t_label.png
64.38703587143065,0.941020769738152,22.830999496879357,0.9197678336889643,analysis_outputs/visual_example_search/raw_results/baseline_model/postcard/ih-5-m-11/baseline_model.png,26.416788130864504,0.007108585971211334,0.43263866516585026,0.0034200551126485346,postcard,analysis_outputs/visual_example_search/raw_results/best_model/postcard/ih-5-m-11/m_input.png,90.80382400229516,0.9481293557093633,23.263638162045208,0.9231878888016128,analysis_outputs/visual_example_search/raw_results/best_model/postcard/ih-5-m-11/best_model.png,ih-5-m-11,-26416.38070194902,analysis_outputs/visual_example_search/raw_results/best_model/postcard/ih-5-m-11/t_label.png
106.70143654472498,0.5994814974203692,17.94076227045598,0.8024802160662148,analysis_outputs/visual_example_search/raw_results/baseline_model/wild/56s-m/baseline_model.png,27.31504707198529,0.009542209268923352,0.029814895310849465,0.02219880740241964,wild,analysis_outputs/visual_example_search/raw_results/best_model/wild/56s-m/m_input.png,134.01648361671027,0.6090237066892925,17.97057716576683,0.8246790234686344,analysis_outputs/visual_example_search/raw_results/best_model/wild/56s-m/best_model.png,56s-m,-27314.24360827007,analysis_outputs/visual_example_search/raw_results/best_model/wild/56s-m/t_label.png
25.52531395196977,0.9918329891890713,28.290648251012623,0.9446023880377309,analysis_outputs/visual_example_search/raw_results/baseline_model/objects/11-Thick-10-m/baseline_model.png,28.083621806369685,0.0006729745799464171,-0.12452775690281825,-0.005443192869717062,objects,analysis_outputs/visual_example_search/raw_results/best_model/objects/11-Thick-10-m/m_input.png,53.608935758339456,0.9925059637690177,28.166120494109805,0.9391591951680138,analysis_outputs/visual_example_search/raw_results/best_model/objects/11-Thick-10-m/best_model.png,11-Thick-10-m,-28085.082280576953,analysis_outputs/visual_example_search/raw_results/best_model/objects/11-Thick-10-m/t_label.png
9.532284845894166,0.7867172704625462,20.698306725576987,0.6878473055750663,analysis_outputs/visual_example_search/raw_results/baseline_model/real20/23/baseline_model.png,28.50173564988757,0.034957677700965695,-0.21874659112111772,-0.004286816212605626,real20,analysis_outputs/visual_example_search/raw_results/best_model/real20/23/m_input.png,38.03402049578174,0.8216749481635119,20.47956013445587,0.6835604893624607,analysis_outputs/visual_example_search/raw_results/best_model/real20/23/best_model.png,23,-28503.272127954075,analysis_outputs/visual_example_search/raw_results/best_model/real20/23/t_label.png
10.977661044359632,0.9104860745439074,20.830705002107717,0.836642025714196,analysis_outputs/visual_example_search/raw_results/baseline_model/wild/82-m/baseline_model.png,28.650787293643067,0.03642004162278878,2.722659953951691,0.06623593367274172,wild,analysis_outputs/visual_example_search/raw_results/best_model/wild/82-m/m_input.png,39.6284483380027,0.9469061161666962,23.553364956059408,0.9028779593869377,analysis_outputs/visual_example_search/raw_results/best_model/wild/82-m/best_model.png,82-m,-28647.313340942692,analysis_outputs/visual_example_search/raw_results/best_model/wild/82-m/t_label.png
31.83641722053015,0.9616868311430646,21.624282337574417,0.88620597271065,analysis_outputs/visual_example_search/raw_results/baseline_model/objects/19-Focus-19-m/baseline_model.png,28.781022227027776,0.006317586444576917,0.505348172251999,-0.0042747025575959885,objects,analysis_outputs/visual_example_search/raw_results/best_model/objects/19-Focus-19-m/m_input.png,60.61743944755793,0.9680044175876416,22.129630509826416,0.8819312701530541,analysis_outputs/visual_example_search/raw_results/best_model/objects/19-Focus-19-m/best_model.png,19-Focus-19-m,-28780.845452565427,analysis_outputs/visual_example_search/raw_results/best_model/objects/19-Focus-19-m/t_label.png
22.291674128747033,0.937797372420737,27.848249647590492,0.9358271864609157,analysis_outputs/visual_example_search/raw_results/baseline_model/ceilnet_table2/2008_002399/baseline_model.png,29.37376683114092,-0.007587135340007989,-0.313717150668694,0.002001480966991487,ceilnet_table2,analysis_outputs/visual_example_search/raw_results/best_model/ceilnet_table2/2008_002399/m_input.png,51.66544095988795,0.930210237080729,27.5345324969218,0.9378286674279072,analysis_outputs/visual_example_search/raw_results/best_model/ceilnet_table2/2008_002399/best_model.png,2008_002399,-29377.224087743885,analysis_outputs/visual_example_search/raw_results/best_model/ceilnet_table2/2008_002399/t_label.png
28.36915632895097,0.9601302491256467,21.464322601069085,0.8691071755738661,analysis_outputs/visual_example_search/raw_results/baseline_model/objects/19-Focus-32-m/baseline_model.png,30.644507844576005,0.005543675618100097,0.45351277207687346,-0.007868371576365885,objects,analysis_outputs/visual_example_search/raw_results/best_model/objects/19-Focus-32-m/m_input.png,59.013664173526976,0.9656739247437468,21.91783537314596,0.8612388039975002,analysis_outputs/visual_example_search/raw_results/best_model/objects/19-Focus-32-m/best_model.png,19-Focus-32-m,-30644.4934747667,analysis_outputs/visual_example_search/raw_results/best_model/objects/19-Focus-32-m/t_label.png
28.36915632895097,0.9601302491256467,21.464322601069085,0.8691071755738661,analysis_outputs/visual_example_search/raw_results/baseline_model/objects/19-Thick-5-m/baseline_model.png,30.644507844576005,0.005543675618100097,0.45351277207687346,-0.007868371576365885,objects,analysis_outputs/visual_example_search/raw_results/best_model/objects/19-Thick-5-m/m_input.png,59.013664173526976,0.9656739247437468,21.91783537314596,0.8612388039975002,analysis_outputs/visual_example_search/raw_results/best_model/objects/19-Thick-5-m/best_model.png,19-Thick-5-m,-30644.4934747667,analysis_outputs/visual_example_search/raw_results/best_model/objects/19-Thick-5-m/t_label.png
74.96245787998555,0.9898728814576253,27.258797347818277,0.9498708265056263,analysis_outputs/visual_example_search/raw_results/baseline_model/objects/4-Focus-22-m/baseline_model.png,30.806170227852263,-1.694288090192675e-05,-0.9947840943046238,-0.004410160688273601,objects,analysis_outputs/visual_example_search/raw_results/best_model/objects/4-Focus-22-m/m_input.png,105.76862810783781,0.9898559385767234,26.264013253513653,0.9454606658173527,analysis_outputs/visual_example_search/raw_results/best_model/objects/4-Focus-22-m/best_model.png,4-Focus-22-m,-30816.604612118335,analysis_outputs/visual_example_search/raw_results/best_model/objects/4-Focus-22-m/t_label.png
126.6482539785644,0.9903261275199294,27.96415007767956,0.9120837397081925,analysis_outputs/visual_example_search/raw_results/baseline_model/wild/77-m/baseline_model.png,31.51357813731481,-8.139187478084509e-05,-1.286675194331039,0.01251844839795313,wild,analysis_outputs/visual_example_search/raw_results/best_model/wild/77-m/m_input.png,158.1618321158792,0.9902447356451486,26.67747488334852,0.9246021881061456,analysis_outputs/visual_example_search/raw_results/best_model/wild/77-m/best_model.png,77-m,-31526.563668495233,analysis_outputs/visual_example_search/raw_results/best_model/wild/77-m/t_label.png
30.647211350630865,0.9919747924850498,28.11752945519953,0.9379034354230384,analysis_outputs/visual_example_search/raw_results/baseline_model/objects/11-Thick-3-m/baseline_model.png,31.608166755823053,-3.542520487476164e-05,-0.5250468532809585,-0.008809783687810935,objects,analysis_outputs/visual_example_search/raw_results/best_model/objects/11-Thick-3-m/m_input.png,62.25537810645392,0.9919393672801751,27.592482601918572,0.9290936517352275,analysis_outputs/visual_example_search/raw_results/best_model/objects/11-Thick-3-m/best_model.png,11-Thick-3-m,-31613.901822284864,analysis_outputs/visual_example_search/raw_results/best_model/objects/11-Thick-3-m/t_label.png
19.679705272054946,0.9610262383687543,21.69851069620249,0.8802878649923556,analysis_outputs/visual_example_search/raw_results/baseline_model/objects/19-Focus-22-m/baseline_model.png,33.396613713552796,0.0056656058936084275,0.44844458356193684,-0.007154962474323123,objects,analysis_outputs/visual_example_search/raw_results/best_model/objects/19-Focus-22-m/m_input.png,53.07631898560774,0.9666918442623628,22.146955279764427,0.8731329025180324,analysis_outputs/visual_example_search/raw_results/best_model/objects/19-Focus-22-m/best_model.png,19-Focus-22-m,-33396.5730155642,analysis_outputs/visual_example_search/raw_results/best_model/objects/19-Focus-22-m/t_label.png
6.906510199569765,0.848342409911624,23.303734210122,0.756391923593745,analysis_outputs/visual_example_search/raw_results/baseline_model/wild/67s-m/baseline_model.png,34.0502840850226,0.06352832095083238,-0.6520546873046804,0.030952478602121358,wild,analysis_outputs/visual_example_search/raw_results/best_model/wild/67s-m/m_input.png,40.95679428459236,0.9118707308624564,22.651679522817318,0.7873444021958663,analysis_outputs/visual_example_search/raw_results/best_model/wild/67s-m/best_model.png,67s-m,-34054.65996346926,analysis_outputs/visual_example_search/raw_results/best_model/wild/67s-m/t_label.png
97.1791340443656,0.9890440364836959,26.794126699970942,0.9461453892801929,analysis_outputs/visual_example_search/raw_results/baseline_model/objects/4-Focus-11-m/baseline_model.png,34.68463077071134,-0.0009634577778536713,-0.5626615468988021,-0.0013805788197925883,objects,analysis_outputs/visual_example_search/raw_results/best_model/objects/4-Focus-11-m/m_input.png,131.86376481507693,0.9880805787058422,26.23146515307214,0.9447648104604003,analysis_outputs/visual_example_search/raw_results/best_model/objects/4-Focus-11-m/best_model.png,4-Focus-11-m,-34690.52698131021,analysis_outputs/visual_example_search/raw_results/best_model/objects/4-Focus-11-m/t_label.png
5.55283229041596,0.9873046100167919,29.3045022267122,0.8545830068478087,analysis_outputs/visual_example_search/raw_results/baseline_model/wild/85-m/baseline_model.png,35.53542331463902,0.002629215654878614,0.7385356462989741,0.015230160646398483,wild,analysis_outputs/visual_example_search/raw_results/best_model/wild/85-m/m_input.png,41.08825560505498,0.9899338256716705,30.043037873011173,0.8698131674942072,analysis_outputs/visual_example_search/raw_results/best_model/wild/85-m/best_model.png,85-m,-35534.73065168272,analysis_outputs/visual_example_search/raw_results/best_model/wild/85-m/t_label.png
74.06005686888567,0.9563238874808,20.99704154272511,0.8419719470016335,analysis_outputs/visual_example_search/raw_results/baseline_model/postcard/eb-5-m-22/baseline_model.png,35.588712770960356,0.013820369696573187,0.6992104339389797,0.006715639606184931,postcard,analysis_outputs/visual_example_search/raw_results/best_model/postcard/eb-5-m-22/m_input.png,109.64876963984602,0.9701442571773732,21.69625197666409,0.8486875866078184,analysis_outputs/visual_example_search/raw_results/best_model/postcard/eb-5-m-22/best_model.png,eb-5-m-22,-35587.966300583146,analysis_outputs/visual_example_search/raw_results/best_model/postcard/eb-5-m-22/t_label.png
32.864746275911415,0.9910311174053223,27.627171814240274,0.9342692584880782,analysis_outputs/visual_example_search/raw_results/baseline_model/objects/11-Focus-22-m/baseline_model.png,37.08135209884624,0.0007920349196387511,-0.4663716947403067,-0.006763982595789253,objects,analysis_outputs/visual_example_search/raw_results/best_model/objects/11-Focus-22-m/m_input.png,69.94609837475765,0.9918231523249611,27.160800119499967,0.9275052758922889,analysis_outputs/visual_example_search/raw_results/best_model/objects/11-Focus-22-m/best_model.png,11-Focus-22-m,-37086.38821154308,analysis_outputs/visual_example_search/raw_results/best_model/objects/11-Focus-22-m/t_label.png
557.2112696269745,0.9693832151337828,21.538279681493304,0.8695845809838733,analysis_outputs/visual_example_search/raw_results/baseline_model/wild/90-m/baseline_model.png,37.5351711020528,0.005681297822200393,0.9100749924211726,0.06101848424928891,wild,analysis_outputs/visual_example_search/raw_results/best_model/wild/90-m/m_input.png,594.7464407290273,0.9750645129559832,22.448354673914476,0.9306030652331622,analysis_outputs/visual_example_search/raw_results/best_model/wild/90-m/best_model.png,90-m,-37533.20024917021,analysis_outputs/visual_example_search/raw_results/best_model/wild/90-m/t_label.png
45.82487422216119,0.9795947544469321,20.914938200916882,0.9007969559409394,analysis_outputs/visual_example_search/raw_results/baseline_model/objects/20-Focus-22-m/baseline_model.png,38.74458931081937,0.0013388636592336356,0.6381395312026505,-0.008429420202277327,objects,analysis_outputs/visual_example_search/raw_results/best_model/objects/20-Focus-22-m/m_input.png,84.56946353298056,0.9809336181061658,21.553077732119533,0.8923675357386621,analysis_outputs/visual_example_search/raw_results/best_model/objects/20-Focus-22-m/best_model.png,20-Focus-22-m,-38744.6381557579,analysis_outputs/visual_example_search/raw_results/best_model/objects/20-Focus-22-m/t_label.png
40.7314840172631,0.9628667515501923,27.02983300226154,0.8684438956744538,analysis_outputs/visual_example_search/raw_results/baseline_model/ceilnet_table2/2011_001531/baseline_model.png,38.75712860021463,0.006299010838127228,1.0761459697011482,0.016761106376927182,ceilnet_table2,analysis_outputs/visual_example_search/raw_results/best_model/ceilnet_table2/2011_001531/m_input.png,79.48861261747773,0.9691657623883195,28.10597897196269,0.885205002051381,analysis_outputs/visual_example_search/raw_results/best_model/ceilnet_table2/2011_001531/best_model.png,2011_001531,-38756.19338196102,analysis_outputs/visual_example_search/raw_results/best_model/ceilnet_table2/2011_001531/t_label.png
38.97682196919936,0.9769726807926665,20.444910916120985,0.8841352177927096,analysis_outputs/visual_example_search/raw_results/baseline_model/objects/20-Thick-10-m/baseline_model.png,38.98460954899908,0.001405666742833045,0.5529136897535203,-0.008700882110962982,objects,analysis_outputs/visual_example_search/raw_results/best_model/objects/20-Thick-10-m/m_input.png,77.96143151819844,0.9783783475354996,20.997824605874506,0.8754343356817467,analysis_outputs/visual_example_search/raw_results/best_model/objects/20-Thick-10-m/best_model.png,20-Thick-10-m,-38984.69463364114,analysis_outputs/visual_example_search/raw_results/best_model/objects/20-Thick-10-m/t_label.png
2391.754330029486,0.9411062910181486,20.167406719978274,0.8862984408909763,analysis_outputs/visual_example_search/raw_results/baseline_model/postcard/ab-5-m-11/baseline_model.png,39.866231739265004,-0.016105815136555957,-1.2212661701063219,-0.03374572953067623,postcard,analysis_outputs/visual_example_search/raw_results/best_model/postcard/ab-5-m-11/m_input.png,2431.620561768751,0.9250004758815926,18.946140549871952,0.8525527113603001,analysis_outputs/visual_example_search/raw_results/best_model/postcard/ab-5-m-11/best_model.png,ab-5-m-11,-39880.59629375279,analysis_outputs/visual_example_search/raw_results/best_model/postcard/ab-5-m-11/t_label.png
40.82303152467874,0.9363053511461888,22.60577314480126,0.9111560943333562,analysis_outputs/visual_example_search/raw_results/baseline_model/postcard/ae-5-m-32/baseline_model.png,40.35026300568276,0.0020460954731751357,-1.0949434727102094,-2.485433657051228e-05,postcard,analysis_outputs/visual_example_search/raw_results/best_model/postcard/ae-5-m-32/m_input.png,81.1732945303615,0.938351446619364,21.510829672091052,0.9111312399967857,analysis_outputs/visual_example_search/raw_results/best_model/postcard/ae-5-m-32/best_model.png,ae-5-m-32,-40361.527139082384,analysis_outputs/visual_example_search/raw_results/best_model/postcard/ae-5-m-32/t_label.png
11.45298003275479,0.9880511940916671,26.551321037834455,0.9638506774733039,analysis_outputs/visual_example_search/raw_results/baseline_model/wild/5-m/baseline_model.png,42.14336222166481,-0.0031048837602678514,-1.8947598600320212,-0.013797101747282214,wild,analysis_outputs/visual_example_search/raw_results/best_model/wild/5-m/m_input.png,53.596342254419596,0.9849463103313992,24.656561177802434,0.9500535757260217,analysis_outputs/visual_example_search/raw_results/best_model/wild/5-m/best_model.png,5-m,-42163.5329763779,analysis_outputs/visual_example_search/raw_results/best_model/wild/5-m/t_label.png
120.59528521294246,0.9946914644795909,27.95499487313407,0.9582613750696582,analysis_outputs/visual_example_search/raw_results/baseline_model/wild/6-m/baseline_model.png,42.29303179804097,0.00015521970432896826,-0.25117293628946413,-0.0009865043153881592,wild,analysis_outputs/visual_example_search/raw_results/best_model/wild/6-m/m_input.png,162.88831701098343,0.9948466841839199,27.703821936844605,0.9572748707542701,analysis_outputs/visual_example_search/raw_results/best_model/wild/6-m/best_model.png,6-m,-42295.65789887439,analysis_outputs/visual_example_search/raw_results/best_model/wild/6-m/t_label.png
75.18506250311005,0.995186897320879,30.61221968576355,0.9598084129863352,analysis_outputs/visual_example_search/raw_results/baseline_model/ceilnet_table2/2011_002248/baseline_model.png,42.468817399909454,0.0009869567174408678,0.9487286017929399,0.0046345695686697,ceilnet_table2,analysis_outputs/visual_example_search/raw_results/best_model/ceilnet_table2/2011_002248/m_input.png,117.6538799030195,0.9961738540383198,31.56094828755649,0.9644429825550049,analysis_outputs/visual_example_search/raw_results/best_model/ceilnet_table2/2011_002248/best_model.png,2011_002248,-42468.36061888504,analysis_outputs/visual_example_search/raw_results/best_model/ceilnet_table2/2011_002248/t_label.png
108.28774698270844,0.9668089014219567,21.39395898395578,0.8672790481654521,analysis_outputs/visual_example_search/raw_results/baseline_model/postcard/eb-5-m-13/baseline_model.png,42.63316598212107,-0.0005129014993829895,-0.2391760144293258,-0.026587447191237512,postcard,analysis_outputs/visual_example_search/raw_results/best_model/postcard/eb-5-m-13/m_input.png,150.9209129648295,0.9662959999225738,21.154782969526455,0.8406916009742146,analysis_outputs/visual_example_search/raw_results/best_model/postcard/eb-5-m-13/best_model.png,eb-5-m-13,-42636.58597980768,analysis_outputs/visual_example_search/raw_results/best_model/postcard/eb-5-m-13/t_label.png
52.000031169082874,0.9792360665368728,20.905502177637825,0.9062116428664151,analysis_outputs/visual_example_search/raw_results/baseline_model/objects/20-Focus-19-m/baseline_model.png,46.31234959317422,0.0016611073535158782,0.5942998833794988,-0.008207800104109708,objects,analysis_outputs/visual_example_search/raw_results/best_model/objects/20-Focus-19-m/m_input.png,98.31238076225709,0.9808971738903887,21.499802061017323,0.8980038427623054,analysis_outputs/visual_example_search/raw_results/best_model/objects/20-Focus-19-m/best_model.png,20-Focus-19-m,-46312.3972385329,analysis_outputs/visual_example_search/raw_results/best_model/objects/20-Focus-19-m/t_label.png
10.895980395302566,0.907705326955159,23.472032957366395,0.8951024621436808,analysis_outputs/visual_example_search/raw_results/baseline_model/wild/18-m/baseline_model.png,47.1768382282401,0.03550348293509298,3.053237888325672,0.02324918289398603,wild,analysis_outputs/visual_example_search/raw_results/best_model/wild/18-m/m_input.png,58.072818623542666,0.943208809890252,26.525270845692067,0.9183516450376669,analysis_outputs/visual_example_search/raw_results/best_model/wild/18-m/best_model.png,18-m,-47174.3516656316,analysis_outputs/visual_example_search/raw_results/best_model/wild/18-m/t_label.png
68.58723907861427,0.9632969829602713,21.35645567315734,0.8529171830643226,analysis_outputs/visual_example_search/raw_results/baseline_model/postcard/eb-5-m-19/baseline_model.png,47.20038250146442,0.006609569153322115,0.09696188879685863,-0.00711051865977963,postcard,analysis_outputs/visual_example_search/raw_results/best_model/postcard/eb-5-m-19/m_input.png,115.78762158007869,0.9699065521135934,21.453417561954197,0.845806664404543,analysis_outputs/visual_example_search/raw_results/best_model/postcard/eb-5-m-19/best_model.png,eb-5-m-19,-47200.43380975907,analysis_outputs/visual_example_search/raw_results/best_model/postcard/eb-5-m-19/t_label.png
48.178884109818306,0.9587626370821275,21.47210147412407,0.8863600593723634,analysis_outputs/visual_example_search/raw_results/baseline_model/objects/19-Focus-16-m/baseline_model.png,48.55909547236738,0.006789651162682708,0.47679217195384993,-0.004516416246057031,objects,analysis_outputs/visual_example_search/raw_results/best_model/objects/19-Focus-16-m/m_input.png,96.73797958218569,0.9655522882448102,21.94889364607792,0.8818436431263064,analysis_outputs/visual_example_search/raw_results/best_model/objects/19-Focus-16-m/best_model.png,19-Focus-16-m,-48558.92487493294,analysis_outputs/visual_example_search/raw_results/best_model/objects/19-Focus-16-m/t_label.png
65.29784500954655,0.9551457261532186,20.776371570446134,0.8146202998403677,analysis_outputs/visual_example_search/raw_results/baseline_model/postcard/eb-5-m-32/baseline_model.png,51.743273133576366,0.014620331054641333,1.6314127305523982,0.01277149054358051,postcard,analysis_outputs/visual_example_search/raw_results/best_model/postcard/eb-5-m-32/m_input.png,117.04111814312292,0.9697660572078599,22.407784300998532,0.8273917903839482,analysis_outputs/visual_example_search/raw_results/best_model/postcard/eb-5-m-32/best_model.png,eb-5-m-32,-51742.0445337929,analysis_outputs/visual_example_search/raw_results/best_model/postcard/eb-5-m-32/t_label.png
45.76335182337933,0.988936237192627,27.793294612268227,0.9617854752044833,analysis_outputs/visual_example_search/raw_results/baseline_model/ceilnet_table2/2008_002009/baseline_model.png,52.56625539870324,0.0028863527801232802,0.8569434100915068,0.005321962554529769,ceilnet_table2,analysis_outputs/visual_example_search/raw_results/best_model/ceilnet_table2/2008_002009/m_input.png,98.32960722208257,0.9918225899727503,28.650238022359733,0.9671074377590131,analysis_outputs/visual_example_search/raw_results/best_model/ceilnet_table2/2008_002009/best_model.png,2008_002009,-52565.764543016514,analysis_outputs/visual_example_search/raw_results/best_model/ceilnet_table2/2008_002009/t_label.png
33.258508841832786,0.9898777556566104,27.00390326710647,0.9533679479063396,analysis_outputs/visual_example_search/raw_results/baseline_model/wild/68-m/baseline_model.png,53.642610697165516,-0.0013396895572556078,-2.012699769837063,-0.0056794085895307544,wild,analysis_outputs/visual_example_search/raw_results/best_model/wild/68-m/m_input.png,86.9011195389983,0.9885380660993548,24.991203497269407,0.9476885393168089,analysis_outputs/visual_example_search/raw_results/best_model/wild/68-m/best_model.png,68-m,-53663.654263222306,analysis_outputs/visual_example_search/raw_results/best_model/wild/68-m/t_label.png
175.06154301671026,0.9068202380856063,20.32323666534553,0.7953337323670091,analysis_outputs/visual_example_search/raw_results/baseline_model/postcard/ib-5-m-32/baseline_model.png,54.28137327712619,0.02147617825030046,0.631296901143763,0.021023527751841686,postcard,analysis_outputs/visual_example_search/raw_results/best_model/postcard/ib-5-m-32/m_input.png,229.34291629383645,0.9282964163359068,20.954533566489292,0.8163572601188508,analysis_outputs/visual_example_search/raw_results/best_model/postcard/ib-5-m-32/best_model.png,ib-5-m-32,-54280.10035217576,analysis_outputs/visual_example_search/raw_results/best_model/postcard/ib-5-m-32/t_label.png
78.28910684814156,0.9786198699014681,20.911717989447087,0.9096709856121347,analysis_outputs/visual_example_search/raw_results/baseline_model/objects/20-Focus-16-m/baseline_model.png,55.19385203924361,0.0018275934028793017,0.5471267664880202,-0.00723326852038253,objects,analysis_outputs/visual_example_search/raw_results/best_model/objects/20-Focus-16-m/m_input.png,133.48295888738517,0.9804474633043474,21.458844755935107,0.9024377170917521,analysis_outputs/visual_example_search/raw_results/best_model/objects/20-Focus-16-m/best_model.png,20-Focus-16-m,-55193.87713821792,analysis_outputs/visual_example_search/raw_results/best_model/objects/20-Focus-16-m/t_label.png
47.71991893118788,0.9198280489446973,17.96719956640128,0.8087949644399292,analysis_outputs/visual_example_search/raw_results/baseline_model/real20/87/baseline_model.png,56.64159988574778,0.03765465039057192,2.3390468565581735,-0.008900564946964673,real20,analysis_outputs/visual_example_search/raw_results/best_model/real20/87/m_input.png,104.36151881693566,0.9574826993352692,20.306246422959454,0.7998943994929645,analysis_outputs/visual_example_search/raw_results/best_model/real20/87/best_model.png,87,-56640.19035697564,analysis_outputs/visual_example_search/raw_results/best_model/real20/87/t_label.png
108.82986340762962,0.9523372324124851,18.481132608263774,0.8538317806475689,analysis_outputs/visual_example_search/raw_results/baseline_model/postcard/ha-3-m-32/baseline_model.png,59.45158543318975,0.007858992687928223,5.956433698046723,0.04432940838238042,postcard,analysis_outputs/visual_example_search/raw_results/best_model/postcard/ha-3-m-32/m_input.png,168.28144884081937,0.9601962251004134,24.437566306310497,0.8981611890299493,analysis_outputs/visual_example_search/raw_results/best_model/postcard/ha-3-m-32/best_model.png,ha-3-m-32,-59448.295245263645,analysis_outputs/visual_example_search/raw_results/best_model/postcard/ha-3-m-32/t_label.png
43.10424688519826,0.9712618171389236,24.441187704034814,0.8718700285767683,analysis_outputs/visual_example_search/raw_results/baseline_model/postcard/bh-5-m-16/baseline_model.png,61.441122723802685,0.007213779177715263,0.47362455819144955,0.028178039971947788,postcard,analysis_outputs/visual_example_search/raw_results/best_model/postcard/bh-5-m-16/m_input.png,104.54536960900094,0.9784755963166388,24.914812262226263,0.9000480685487161,analysis_outputs/visual_example_search/raw_results/best_model/postcard/bh-5-m-16/best_model.png,bh-5-m-16,-61440.08005347121,analysis_outputs/visual_example_search/raw_results/best_model/postcard/bh-5-m-16/t_label.png
20.871796639135543,0.9971673150521432,31.517386797514177,0.9585740517722039,analysis_outputs/visual_example_search/raw_results/baseline_model/ceilnet_table2/2009_003032/baseline_model.png,61.48472634747564,0.00047213771565957074,0.8070685618699045,0.006872437321609581,ceilnet_table2,analysis_outputs/visual_example_search/raw_results/best_model/ceilnet_table2/2009_003032/m_input.png,82.35652298661118,0.9976394527678027,32.32445535938408,0.9654464890938135,analysis_outputs/visual_example_search/raw_results/best_model/ceilnet_table2/2009_003032/best_model.png,2009_003032,-61484.273710245754,analysis_outputs/visual_example_search/raw_results/best_model/ceilnet_table2/2009_003032/t_label.png
35.1570962827023,0.9576259264356521,16.69057919072402,0.9196478567359357,analysis_outputs/visual_example_search/raw_results/baseline_model/wild/108-m/baseline_model.png,63.261274159768945,0.011147376955240484,5.391948138886196,0.035562221998059806,wild,analysis_outputs/visual_example_search/raw_results/best_model/wild/108-m/m_input.png,98.41837044247124,0.9687733033908926,22.082527329610215,0.9552100787339955,analysis_outputs/visual_example_search/raw_results/best_model/wild/108-m/best_model.png,108-m,-63258.30910374882,analysis_outputs/visual_example_search/raw_results/best_model/wild/108-m/t_label.png
166.2825827069385,0.9341766650164075,22.498597035916713,0.8904901187945087,analysis_outputs/visual_example_search/raw_results/baseline_model/postcard/hi-5-m-19/baseline_model.png,63.47343017607042,0.020103618702904114,-0.0746414885216744,0.018288215218521198,postcard,analysis_outputs/visual_example_search/raw_results/best_model/postcard/hi-5-m-19/m_input.png,229.75601288300894,0.9542802837193116,22.42395554739504,0.9087783340130299,analysis_outputs/visual_example_search/raw_results/best_model/postcard/hi-5-m-19/best_model.png,hi-5-m-19,-63473.24167560378,analysis_outputs/visual_example_search/raw_results/best_model/postcard/hi-5-m-19/t_label.png
134.20838542969142,0.9794563733865351,23.294358560947824,0.8890544409576253,analysis_outputs/visual_example_search/raw_results/baseline_model/objects/10-Focus-13-m/baseline_model.png,64.11528225854332,0.0014759846584602165,-0.26710942074140576,-0.004052274603901673,objects,analysis_outputs/visual_example_search/raw_results/best_model/objects/10-Focus-13-m/m_input.png,198.32366768823474,0.9809323580449953,23.02724914020642,0.8850021663537236,analysis_outputs/visual_example_search/raw_results/best_model/objects/10-Focus-13-m/best_model.png,10-Focus-13-m,-64118.14731921899,analysis_outputs/visual_example_search/raw_results/best_model/objects/10-Focus-13-m/t_label.png
99.14323409605856,0.9314418434070857,18.611549310915265,0.8745208093917244,analysis_outputs/visual_example_search/raw_results/baseline_model/ceilnet_table2/2012_002515/baseline_model.png,69.0004863401144,0.034894472028665136,3.070362752219964,0.026192060195771694,ceilnet_table2,analysis_outputs/visual_example_search/raw_results/best_model/ceilnet_table2/2012_002515/m_input.png,168.14372043617297,0.9663363154357508,21.68191206313523,0.9007128695874961,analysis_outputs/visual_example_search/raw_results/best_model/ceilnet_table2/2012_002515/best_model.png,2012_002515,-68997.93572255806,analysis_outputs/visual_example_search/raw_results/best_model/ceilnet_table2/2012_002515/t_label.png
225.08031624059393,0.9777269280930843,20.80301334579725,0.9154534846429243,analysis_outputs/visual_example_search/raw_results/baseline_model/objects/20-Focus-11-m/baseline_model.png,69.04421894367786,0.0017406875779832909,0.5056238989710913,-0.006293702441380944,objects,analysis_outputs/visual_example_search/raw_results/best_model/objects/20-Focus-11-m/m_input.png,294.1245351842718,0.9794676156710675,21.30863724476834,0.9091597822015434,analysis_outputs/visual_example_search/raw_results/best_model/objects/20-Focus-11-m/best_model.png,20-Focus-11-m,-69044.2271647742,analysis_outputs/visual_example_search/raw_results/best_model/objects/20-Focus-11-m/t_label.png
99.98968557526572,0.9897848276765456,27.887726965820406,0.9523205054947085,analysis_outputs/visual_example_search/raw_results/baseline_model/objects/4-Thick-3-m/baseline_model.png,69.53913577202852,0.0011438992723117325,-0.95295494718793,-0.003989584574275007,objects,analysis_outputs/visual_example_search/raw_results/best_model/objects/4-Thick-3-m/m_input.png,169.52882134729424,0.9909287269488574,26.934772018632476,0.9483309209204335,analysis_outputs/visual_example_search/raw_results/best_model/objects/4-Thick-3-m/best_model.png,4-Thick-3-m,-69549.09401112776,analysis_outputs/visual_example_search/raw_results/best_model/objects/4-Thick-3-m/t_label.png
222.39384966212302,0.9337323051419524,22.585495458207344,0.9011036083308911,analysis_outputs/visual_example_search/raw_results/baseline_model/postcard/he-5-m-27/baseline_model.png,71.71636638364967,-0.011807691706198886,-1.656409443325007,-0.005882767013853263,postcard,analysis_outputs/visual_example_search/raw_results/best_model/postcard/he-5-m-27/m_input.png,294.1102160457727,0.9219246134357535,20.929086014882337,0.8952208413170378,analysis_outputs/visual_example_search/raw_results/best_model/postcard/he-5-m-27/best_model.png,he-5-m-27,-71734.10178061922,analysis_outputs/visual_example_search/raw_results/best_model/postcard/he-5-m-27/t_label.png
176.41517384635617,0.9072680387208106,20.268566847457464,0.7872386314731884,analysis_outputs/visual_example_search/raw_results/baseline_model/postcard/ib-10-m-3/baseline_model.png,75.38628575152933,0.016973346663458178,0.548677326146489,0.017237262967725542,postcard,analysis_outputs/visual_example_search/raw_results/best_model/postcard/ib-10-m-3/m_input.png,251.8014595978855,0.9242413853842688,20.817244173603953,0.8044758944409139,analysis_outputs/visual_example_search/raw_results/best_model/postcard/ib-10-m-3/best_model.png,ib-10-m-3,-75385.2475938465,analysis_outputs/visual_example_search/raw_results/best_model/postcard/ib-10-m-3/t_label.png
289.6045274895356,0.9951427340865708,27.809083602640754,0.8991743276315997,analysis_outputs/visual_example_search/raw_results/baseline_model/wild/7s-m/baseline_model.png,75.77062040114606,0.00029055516509590706,0.6197325616343115,0.04454723116081449,wild,analysis_outputs/visual_example_search/raw_results/best_model/wild/7s-m/m_input.png,365.37514789068166,0.9954332892516667,28.428816164275066,0.9437215587924142,analysis_outputs/visual_example_search/raw_results/best_model/wild/7s-m/best_model.png,7s-m,-75769.29287896738,analysis_outputs/visual_example_search/raw_results/best_model/wild/7s-m/t_label.png
12.183457007353878,0.9610958534886622,18.19392918164661,0.8605699143872215,analysis_outputs/visual_example_search/raw_results/baseline_model/postcard/ha-10-m-3/baseline_model.png,78.80454415079937,0.005211530004136544,6.409567522944769,0.04315310470432365,postcard,analysis_outputs/visual_example_search/raw_results/best_model/postcard/ha-10-m-3/m_input.png,90.98800115815325,0.9663073834927988,24.60349670459138,0.9037230190915452,analysis_outputs/visual_example_search/raw_results/best_model/postcard/ha-10-m-3/best_model.png,ha-10-m-3,-78801.198512424,analysis_outputs/visual_example_search/raw_results/best_model/postcard/ha-10-m-3/t_label.png
111.97435741670299,0.9363438116436259,23.063918158684704,0.7913331176128243,analysis_outputs/visual_example_search/raw_results/baseline_model/postcard/be-3-m-32/baseline_model.png,79.34079020715365,-0.021749378461316304,-0.9786942008458226,-0.001815875684407442,postcard,analysis_outputs/visual_example_search/raw_results/best_model/postcard/be-3-m-32/m_input.png,191.31514762385663,0.9145944331823096,22.08522395783888,0.7895172419284169,analysis_outputs/visual_example_search/raw_results/best_model/postcard/be-3-m-32/best_model.png,be-3-m-32,-79351.72816445748,analysis_outputs/visual_example_search/raw_results/best_model/postcard/be-3-m-32/t_label.png
90.01396254874845,0.9743911461947586,25.0113399452468,0.900864157622864,analysis_outputs/visual_example_search/raw_results/baseline_model/postcard/bh-5-m-13/baseline_model.png,80.57722177139792,0.005550635907624946,0.7719283773275478,0.016012769518453762,postcard,analysis_outputs/visual_example_search/raw_results/best_model/postcard/bh-5-m-13/m_input.png,170.59118432014637,0.9799417821023836,25.783268322574347,0.9168769271413177,analysis_outputs/visual_example_search/raw_results/best_model/postcard/bh-5-m-13/best_model.png,bh-5-m-13,-80576.42537680316,analysis_outputs/visual_example_search/raw_results/best_model/postcard/bh-5-m-13/t_label.png
50.24261939816034,0.9613588902730001,21.282602100758208,0.8310131899961064,analysis_outputs/visual_example_search/raw_results/baseline_model/postcard/eb-10-m-3/baseline_model.png,80.95477623120857,0.01111967225361965,-0.509018033808065,-0.0077303957078557195,postcard,analysis_outputs/visual_example_search/raw_results/best_model/postcard/eb-10-m-3/m_input.png,131.1973956293689,0.9724785625266198,20.773584066950143,0.8232827942882507,analysis_outputs/visual_example_search/raw_results/best_model/postcard/eb-10-m-3/best_model.png,eb-10-m-3,-80960.02865626803,analysis_outputs/visual_example_search/raw_results/best_model/postcard/eb-10-m-3/t_label.png
70.95723934633266,0.9123249756323325,21.120254104714345,0.8613474974612898,analysis_outputs/visual_example_search/raw_results/baseline_model/wild/37-m/baseline_model.png,81.28177982946436,0.021811234455779815,0.9780699810215125,-0.00718362061644473,wild,analysis_outputs/visual_example_search/raw_results/best_model/wild/37-m/m_input.png,152.239019175797,0.9341362100881123,22.098324085735857,0.8541638768448451,analysis_outputs/visual_example_search/raw_results/best_model/wild/37-m/best_model.png,37-m,-81281.15995199753,analysis_outputs/visual_example_search/raw_results/best_model/wild/37-m/t_label.png
45.533044905711606,0.9362805358768848,22.345327303967697,0.7638131789032198,analysis_outputs/visual_example_search/raw_results/baseline_model/postcard/be-10-m-3/baseline_model.png,82.05707137538921,-0.021283968502973316,-0.2348034618009649,0.0029456224315960178,postcard,analysis_outputs/visual_example_search/raw_results/best_model/postcard/be-10-m-3/m_input.png,127.59011628110082,0.9149965673739114,22.11052384216673,0.7667588013348158,analysis_outputs/visual_example_search/raw_results/best_model/postcard/be-10-m-3/best_model.png,be-10-m-3,-82060.16897616466,analysis_outputs/visual_example_search/raw_results/best_model/postcard/be-10-m-3/t_label.png
157.4663576823416,0.9400881153576609,21.234783744987176,0.8458073738204411,analysis_outputs/visual_example_search/raw_results/baseline_model/postcard/hb-5-m-27/baseline_model.png,82.68646158695168,-0.0015619719157476952,-1.1100308622385313,-0.020267365651903013,postcard,analysis_outputs/visual_example_search/raw_results/best_model/postcard/hb-5-m-27/m_input.png,240.15281926929327,0.9385261434419132,20.124752882748645,0.8255400081685381,analysis_outputs/visual_example_search/raw_results/best_model/postcard/hb-5-m-27/best_model.png,hb-5-m-27,-82698.69593267636,analysis_outputs/visual_example_search/raw_results/best_model/postcard/hb-5-m-27/t_label.png
45.93485041769431,0.9744822891195328,22.782172363294308,0.8826920051109651,analysis_outputs/visual_example_search/raw_results/baseline_model/objects/17-Thick-3-m/baseline_model.png,83.51769625472842,-0.0006626195308272465,-2.012111673384535,-0.021427511671658128,objects,analysis_outputs/visual_example_search/raw_results/best_model/objects/17-Thick-3-m/m_input.png,129.45254667242273,0.9738196695887056,20.770060689909773,0.861264493439307,analysis_outputs/visual_example_search/raw_results/best_model/objects/17-Thick-3-m/best_model.png,17-Thick-3-m,-83539.26122994548,analysis_outputs/visual_example_search/raw_results/best_model/objects/17-Thick-3-m/t_label.png
146.50564405009897,0.9453126315788495,21.413916181733214,0.8197388557791604,analysis_outputs/visual_example_search/raw_results/baseline_model/postcard/hb-3-m-32rs1/baseline_model.png,86.26591494580265,0.0011713850368120227,-0.5337789385832998,0.0007333478144936345,postcard,analysis_outputs/visual_example_search/raw_results/best_model/postcard/hb-3-m-32rs1/m_input.png,232.77155899590161,0.9464840166156615,20.880137243149914,0.820472203593654,analysis_outputs/visual_example_search/raw_results/best_model/postcard/hb-3-m-32rs1/best_model.png,hb-3-m-32rs1,-86271.38304318006,analysis_outputs/visual_example_search/raw_results/best_model/postcard/hb-3-m-32rs1/t_label.png
98.96445450186606,0.9343196310438154,22.566113793060776,0.8885287493454431,analysis_outputs/visual_example_search/raw_results/baseline_model/postcard/hi-5-m-27/baseline_model.png,87.64130407004275,0.01938447983770919,-0.23571061693637319,0.017610662132471422,postcard,analysis_outputs/visual_example_search/raw_results/best_model/postcard/hi-5-m-27/m_input.png,186.6057585719088,0.9537041108815246,22.330403176124403,0.9061394114779145,analysis_outputs/visual_example_search/raw_results/best_model/postcard/hi-5-m-27/best_model.png,hi-5-m-27,-87642.81486786851,analysis_outputs/visual_example_search/raw_results/best_model/postcard/hi-5-m-27/t_label.png
85.82075423322016,0.9933607687292495,27.331387575990465,0.9216499248413291,analysis_outputs/visual_example_search/raw_results/baseline_model/wild/12-m/baseline_model.png,88.84037602215315,0.0017069068119888176,0.5266176910642564,0.0036461388052090316,wild,analysis_outputs/visual_example_search/raw_results/best_model/wild/12-m/m_input.png,174.6611302553733,0.9950676755412383,27.858005267054722,0.9252960636465382,analysis_outputs/visual_example_search/raw_results/best_model/wild/12-m/best_model.png,12-m,-88840.06665678236,analysis_outputs/visual_example_search/raw_results/best_model/wild/12-m/t_label.png
23.10089370514973,0.9756298173158978,23.045631258991083,0.8894008314394813,analysis_outputs/visual_example_search/raw_results/baseline_model/objects/17-Thick-10-m/baseline_model.png,89.91000173404525,0.00022188486493557313,-2.096525335064804,-0.022701259420035758,objects,analysis_outputs/visual_example_search/raw_results/best_model/objects/17-Thick-10-m/m_input.png,113.01089543919498,0.9758517021808334,20.94910592392628,0.8666995720194456,analysis_outputs/visual_example_search/raw_results/best_model/objects/17-Thick-10-m/best_model.png,17-Thick-10-m,-89932.45482613232,analysis_outputs/visual_example_search/raw_results/best_model/objects/17-Thick-10-m/t_label.png
63.192025346129654,0.9796342478399634,20.38605364364098,0.8945533318829292,analysis_outputs/visual_example_search/raw_results/baseline_model/objects/20-Focus-32-m/baseline_model.png,90.84179855883765,0.0011849095743992066,0.7881419954987443,-0.007772257395045723,objects,analysis_outputs/visual_example_search/raw_results/best_model/objects/20-Focus-32-m/m_input.png,154.0338239049673,0.9808191574143627,21.174195639139725,0.8867810744878835,analysis_outputs/visual_example_search/raw_results/best_model/objects/20-Focus-32-m/best_model.png,20-Focus-32-m,-90841.77825110861,analysis_outputs/visual_example_search/raw_results/best_model/objects/20-Focus-32-m/t_label.png
63.192025346129654,0.9796342478399634,20.38605364364098,0.8945533318829292,analysis_outputs/visual_example_search/raw_results/baseline_model/objects/20-Thick-5-m/baseline_model.png,90.84179855883765,0.0011849095743992066,0.7881419954987443,-0.007772257395045723,objects,analysis_outputs/visual_example_search/raw_results/best_model/objects/20-Thick-5-m/m_input.png,154.0338239049673,0.9808191574143627,21.174195639139725,0.8867810744878835,analysis_outputs/visual_example_search/raw_results/best_model/objects/20-Thick-5-m/best_model.png,20-Thick-5-m,-90841.77825110861,analysis_outputs/visual_example_search/raw_results/best_model/objects/20-Thick-5-m/t_label.png
126.22233409668966,0.9784903990663271,20.877271334203638,0.9132211450380207,analysis_outputs/visual_example_search/raw_results/baseline_model/objects/20-Focus-13-m/baseline_model.png,95.3042851517826,0.0017192761373678866,0.5075055836488715,-0.006923198423329335,objects,analysis_outputs/visual_example_search/raw_results/best_model/objects/20-Focus-13-m/m_input.png,221.52661924847226,0.980209675203695,21.38477691785251,0.9062979466146913,analysis_outputs/visual_example_search/raw_results/best_model/objects/20-Focus-13-m/best_model.png,20-Focus-13-m,-95304.31531329609,analysis_outputs/visual_example_search/raw_results/best_model/objects/20-Focus-13-m/t_label.png
118.5164904803794,0.9656743764249323,27.8009002441654,0.9515683764233366,analysis_outputs/visual_example_search/raw_results/baseline_model/ceilnet_table2/2011_001167/baseline_model.png,95.67037507302668,0.015547058844527784,2.3777371512941983,0.010826069754255263,ceilnet_table2,analysis_outputs/visual_example_search/raw_results/best_model/ceilnet_table2/2011_001167/m_input.png,214.18686555340608,0.98122143526946,30.1786373954596,0.9623944461775918,analysis_outputs/visual_example_search/raw_results/best_model/ceilnet_table2/2011_001167/best_model.png,2011_001167,-95668.92316576127,analysis_outputs/visual_example_search/raw_results/best_model/ceilnet_table2/2011_001167/t_label.png
585.3154200223458,0.9600379069258097,22.268807058912813,0.9425046847733783,analysis_outputs/visual_example_search/raw_results/baseline_model/wild/98-m/baseline_model.png,96.7434358344002,-0.0023476191752035414,-0.43002153593000614,-0.004290120193789604,wild,analysis_outputs/visual_example_search/raw_results/best_model/wild/98-m/m_input.png,682.058855856746,0.9576902877506062,21.838785522982807,0.9382145645795887,analysis_outputs/visual_example_search/raw_results/best_model/wild/98-m/best_model.png,98-m,-96748.1117111494,analysis_outputs/visual_example_search/raw_results/best_model/wild/98-m/t_label.png
132.52230598239942,0.9735898208832358,24.58987161939592,0.9110772727612896,analysis_outputs/visual_example_search/raw_results/baseline_model/postcard/bh-5-m-11/baseline_model.png,97.23653374693106,0.006109094927434167,0.8070334948910975,0.00922588421022097,postcard,analysis_outputs/visual_example_search/raw_results/best_model/postcard/bh-5-m-11/m_input.png,229.75883972933048,0.9796989158106699,25.39690511428702,0.9203031569715105,analysis_outputs/visual_example_search/raw_results/best_model/postcard/bh-5-m-11/best_model.png,bh-5-m-11,-97235.88136128765,analysis_outputs/visual_example_search/raw_results/best_model/postcard/bh-5-m-11/t_label.png
58.15446022559334,0.9883139806084826,27.490638330886867,0.9492972868595908,analysis_outputs/visual_example_search/raw_results/baseline_model/ceilnet_table2/2011_006381/baseline_model.png,99.91652217114284,0.0040624172243727275,1.9855024897840678,0.004162247594535984,ceilnet_table2,analysis_outputs/visual_example_search/raw_results/best_model/ceilnet_table2/2011_006381/m_input.png,158.07098239673618,0.9923763978328554,29.476140820670935,0.9534595344541268,analysis_outputs/visual_example_search/raw_results/best_model/ceilnet_table2/2011_006381/best_model.png,2011_006381,-99915.65472035912,analysis_outputs/visual_example_search/raw_results/best_model/ceilnet_table2/2011_006381/t_label.png
23.512056720689937,0.9950514630306379,30.40410232342269,0.9356132177262843,analysis_outputs/visual_example_search/raw_results/baseline_model/wild/62-m/baseline_model.png,105.62559854016689,-0.00019664751906656175,-1.2124477745899327,-0.016617448562971093,wild,analysis_outputs/visual_example_search/raw_results/best_model/wild/62-m/m_input.png,129.13765526085683,0.9948548155115713,29.19165454883276,0.9189957691633132,analysis_outputs/visual_example_search/raw_results/best_model/wild/62-m/best_model.png,62-m,-105638.71566053385,analysis_outputs/visual_example_search/raw_results/best_model/wild/62-m/t_label.png
306.66950982920986,0.9495461684218189,21.355076313197788,0.8705637910158862,analysis_outputs/visual_example_search/raw_results/baseline_model/postcard/hb-5-m-13/baseline_model.png,107.38367129088579,-0.020084937910760048,-1.4264932349594126,-0.05245644650094139,postcard,analysis_outputs/visual_example_search/raw_results/best_model/postcard/hb-5-m-13/m_input.png,414.05318112009564,0.9294612305110589,19.928583078238375,0.8181073445149448,analysis_outputs/visual_example_search/raw_results/best_model/postcard/hb-5-m-13/best_model.png,hb-5-m-13,-107400.95066943478,analysis_outputs/visual_example_search/raw_results/best_model/postcard/hb-5-m-13/t_label.png
121.02631476158234,0.993809213587817,29.719589966542728,0.9214901998522494,analysis_outputs/visual_example_search/raw_results/baseline_model/objects/9-Thick-3-m/baseline_model.png,108.42513797726025,0.002280214328427399,0.045759377022662306,-0.0036287421309324497,objects,analysis_outputs/visual_example_search/raw_results/best_model/objects/9-Thick-3-m/m_input.png,229.4514527388426,0.9960894279162444,29.76534934356539,0.917861457721317,analysis_outputs/visual_example_search/raw_results/best_model/objects/9-Thick-3-m/best_model.png,9-Thick-3-m,-108425.19272475094,analysis_outputs/visual_example_search/raw_results/best_model/objects/9-Thick-3-m/t_label.png
53.5945108105994,0.9271800995040012,22.912950564423294,0.8645922888804204,analysis_outputs/visual_example_search/raw_results/baseline_model/postcard/ie-5-m-32/baseline_model.png,112.29013114884712,-0.0071060164814560345,-1.0706742413365689,0.0009996517799302218,postcard,analysis_outputs/visual_example_search/raw_results/best_model/postcard/ie-5-m-32/m_input.png,165.88464195944653,0.9200740830225451,21.842276323086725,0.8655919406603506,analysis_outputs/visual_example_search/raw_results/best_model/postcard/ie-5-m-32/best_model.png,ie-5-m-32,-112301.41850195662,analysis_outputs/visual_example_search/raw_results/best_model/postcard/ie-5-m-32/t_label.png
289.36955244999166,0.9880899480783718,25.71109832389313,0.8891010465437744,analysis_outputs/visual_example_search/raw_results/baseline_model/objects/14-Focus-19-m/baseline_model.png,113.42329141620058,0.0013894425335913008,-0.9807591931382262,-0.006247058299302499,objects,analysis_outputs/visual_example_search/raw_results/best_model/objects/14-Focus-19-m/m_input.png,402.79284386619224,0.9894793906119631,24.730339130754903,0.8828539882444719,analysis_outputs/visual_example_search/raw_results/best_model/objects/14-Focus-19-m/best_model.png,14-Focus-19-m,-113433.60983884014,analysis_outputs/visual_example_search/raw_results/best_model/objects/14-Focus-19-m/t_label.png
60.358109900275515,0.9950270637023971,30.7596890885706,0.9678141721594656,analysis_outputs/visual_example_search/raw_results/baseline_model/wild/4-m/baseline_model.png,113.9121463459671,0.0016701798876859186,2.8153586073333408,0.003691423670441507,wild,analysis_outputs/visual_example_search/raw_results/best_model/wild/4-m/m_input.png,174.2702562462426,0.996697243590083,33.57504769590394,0.9715055958299071,analysis_outputs/visual_example_search/raw_results/best_model/wild/4-m/best_model.png,4-m,-113911.07385300905,analysis_outputs/visual_example_search/raw_results/best_model/wild/4-m/t_label.png
42.554933757042825,0.9752798906194208,24.802624012252647,0.8833916150175741,analysis_outputs/visual_example_search/raw_results/baseline_model/postcard/bi-5-m-22/baseline_model.png,113.91380211731712,0.0046260123731124425,1.2078417924731184,0.03943730770756093,postcard,analysis_outputs/visual_example_search/raw_results/best_model/postcard/bi-5-m-22/m_input.png,156.46873587435994,0.9799059029925332,26.010465804725765,0.9228289227251351,analysis_outputs/visual_example_search/raw_results/best_model/postcard/bi-5-m-22/best_model.png,bi-5-m-22,-113912.29792038427,analysis_outputs/visual_example_search/raw_results/best_model/postcard/bi-5-m-22/t_label.png
94.14597481239144,0.9758342752322151,19.92294434844737,0.8855923272988075,analysis_outputs/visual_example_search/raw_results/baseline_model/objects/20-Thick-3-m/baseline_model.png,115.65088871701923,0.0034508825052592673,1.1051890291797726,-0.002757334306790482,objects,analysis_outputs/visual_example_search/raw_results/best_model/objects/20-Thick-3-m/m_input.png,209.79686352941067,0.9792851577374744,21.028133377627142,0.8828349929920171,analysis_outputs/visual_example_search/raw_results/best_model/objects/20-Thick-3-m/best_model.png,20-Thick-3-m,-115650.53055531427,analysis_outputs/visual_example_search/raw_results/best_model/objects/20-Thick-3-m/t_label.png
23.655861834473384,0.9329573743096506,21.527204072686008,0.9067638470870368,analysis_outputs/visual_example_search/raw_results/baseline_model/postcard/ai-5-m-27/baseline_model.png,116.21096941732539,0.01495193084823987,1.1404915667897875,0.021360783512227033,postcard,analysis_outputs/visual_example_search/raw_results/best_model/postcard/ai-5-m-27/m_input.png,139.86683125179877,0.9479093051578905,22.667695639475795,0.9281246305992639,analysis_outputs/visual_example_search/raw_results/best_model/postcard/ai-5-m-27/best_model.png,ai-5-m-27,-116209.68143561078,analysis_outputs/visual_example_search/raw_results/best_model/postcard/ai-5-m-27/t_label.png
260.03950329153696,0.9375983760631448,21.23376236073516,0.859157541662396,analysis_outputs/visual_example_search/raw_results/baseline_model/postcard/ib-5-m-13/baseline_model.png,116.58826497335349,0.002816912304990038,0.671170823728442,-0.009727506284164633,postcard,analysis_outputs/visual_example_search/raw_results/best_model/postcard/ib-5-m-13/m_input.png,376.62776826489045,0.9404152883681348,21.9049331844636,0.8494300353782314,analysis_outputs/visual_example_search/raw_results/best_model/postcard/ib-5-m-13/best_model.png,ib-5-m-13,-116588.31128965791,analysis_outputs/visual_example_search/raw_results/best_model/postcard/ib-5-m-13/t_label.png
24.614003173128015,0.9232890810858265,19.241968193752612,0.8928998667485201,analysis_outputs/visual_example_search/raw_results/baseline_model/postcard/ai-3-m-32/baseline_model.png,118.95406279220198,0.017652592100712905,4.198032194648686,0.02825881565247046,postcard,analysis_outputs/visual_example_search/raw_results/best_model/postcard/ai-3-m-32/m_input.png,143.56806596533,0.9409416731865394,23.440000388401298,0.9211586824009905,analysis_outputs/visual_example_search/raw_results/best_model/postcard/ai-3-m-32/best_model.png,ai-3-m-32,-118951.51566294326,analysis_outputs/visual_example_search/raw_results/best_model/postcard/ai-3-m-32/t_label.png
51.70281283466841,0.9255207567864041,22.6514089704693,0.8617691564765394,analysis_outputs/visual_example_search/raw_results/baseline_model/postcard/ie-3-m-32/baseline_model.png,123.13904252665535,-0.008865077685754064,-0.8099528552058146,-0.0012169910691368635,postcard,analysis_outputs/visual_example_search/raw_results/best_model/postcard/ie-3-m-32/m_input.png,174.84185536132375,0.91665567910065,21.841456115263487,0.8605521654074025,analysis_outputs/visual_example_search/raw_results/best_model/postcard/ie-3-m-32/best_model.png,ie-3-m-32,-123147.76491189889,analysis_outputs/visual_example_search/raw_results/best_model/postcard/ie-3-m-32/t_label.png
102.48215599197052,0.7760021748383252,16.113550105061133,0.7895574289714927,analysis_outputs/visual_example_search/raw_results/baseline_model/wild/42-m/baseline_model.png,125.0222053940219,0.1290762528639785,3.7279978999447536,0.014319205966728532,wild,analysis_outputs/visual_example_search/raw_results/best_model/wild/42-m/m_input.png,227.5043613859924,0.9050784277023037,19.841548005005887,0.8038766349382213,analysis_outputs/visual_example_search/raw_results/best_model/wild/42-m/best_model.png,42-m,-125017.37784158447,analysis_outputs/visual_example_search/raw_results/best_model/wild/42-m/t_label.png
61.78447656453237,0.9797242349350642,22.221934642795194,0.9257757465064627,analysis_outputs/visual_example_search/raw_results/baseline_model/wild/36-m/baseline_model.png,145.08025154398433,0.009354650924803476,2.787509486262124,0.017690095717421195,wild,analysis_outputs/visual_example_search/raw_results/best_model/wild/36-m/m_input.png,206.8647281085167,0.9890788858598677,25.009444129057318,0.9434658422238839,analysis_outputs/visual_example_search/raw_results/best_model/wild/36-m/best_model.png,36-m,-145078.64625548953,analysis_outputs/visual_example_search/raw_results/best_model/wild/36-m/t_label.png
46.24056558416056,0.9673083701884275,24.24864628990581,0.8668012274389176,analysis_outputs/visual_example_search/raw_results/baseline_model/postcard/bi-3-m-32/baseline_model.png,149.97361172191734,0.006389642254622241,-0.4715614990533439,0.04388731682368707,postcard,analysis_outputs/visual_example_search/raw_results/best_model/postcard/bi-3-m-32/m_input.png,196.2141773060779,0.9736980124430498,23.777084790852467,0.9106885442626047,analysis_outputs/visual_example_search/raw_results/best_model/postcard/bi-3-m-32/best_model.png,bi-3-m-32,-149977.22760009728,analysis_outputs/visual_example_search/raw_results/best_model/postcard/bi-3-m-32/t_label.png
55.605530963409485,0.923037787230132,20.18134948218866,0.9337986823324124,analysis_outputs/visual_example_search/raw_results/baseline_model/wild/59-m/baseline_model.png,153.77254489672418,0.007714848685575815,-1.4785238471683861,-0.001760661834604993,wild,analysis_outputs/visual_example_search/raw_results/best_model/wild/59-m/m_input.png,209.37807586013366,0.9307526359157078,18.702825635020275,0.9320380204978074,analysis_outputs/visual_example_search/raw_results/best_model/wild/59-m/best_model.png,59-m,-153787.69172842533,analysis_outputs/visual_example_search/raw_results/best_model/wild/59-m/t_label.png
313.87317160215974,0.9371995700340228,20.421007271697963,0.8721714820990893,analysis_outputs/visual_example_search/raw_results/baseline_model/postcard/ab-5-m-19/baseline_model.png,154.16130946696512,-0.005311308138041704,-1.3103718650080545,-0.01498185034912225,postcard,analysis_outputs/visual_example_search/raw_results/best_model/postcard/ab-5-m-19/m_input.png,468.03448106912487,0.9318882618959811,19.11063540668991,0.8571896317499671,analysis_outputs/visual_example_search/raw_results/best_model/postcard/ab-5-m-19/best_model.png,ab-5-m-19,-154175.5602367839,analysis_outputs/visual_example_search/raw_results/best_model/postcard/ab-5-m-19/t_label.png
138.47219101206616,0.9939013266086779,29.30296350514995,0.9234927295779835,analysis_outputs/visual_example_search/raw_results/baseline_model/objects/9-Focus-16-m/baseline_model.png,155.37420314374629,0.0020612924049470127,-0.2827468836821687,-0.008183774079208339,objects,analysis_outputs/visual_example_search/raw_results/best_model/objects/9-Focus-16-m/m_input.png,293.84639415581245,0.9959626190136249,29.02021662146778,0.9153089554987751,analysis_outputs/visual_example_search/raw_results/best_model/objects/9-Focus-16-m/best_model.png,9-Focus-16-m,-155377.35976132695,analysis_outputs/visual_example_search/raw_results/best_model/objects/9-Focus-16-m/t_label.png
103.90042388881936,0.9936431532699893,29.33098182776834,0.9257603630934937,analysis_outputs/visual_example_search/raw_results/baseline_model/objects/9-Thick-10-m/baseline_model.png,155.5775575118032,0.0023338973474853475,0.2516762159638084,-0.0036089910408418913,objects,analysis_outputs/visual_example_search/raw_results/best_model/objects/9-Thick-10-m/m_input.png,259.4779814006226,0.9959770506174747,29.58265804373215,0.9221513720526519,analysis_outputs/visual_example_search/raw_results/best_model/objects/9-Thick-10-m/best_model.png,9-Thick-10-m,-155577.54158698395,analysis_outputs/visual_example_search/raw_results/best_model/objects/9-Thick-10-m/t_label.png
225.0499740907371,0.9455827648841701,21.52252917271136,0.8787618613226119,analysis_outputs/visual_example_search/raw_results/baseline_model/postcard/ib-5-m-11/baseline_model.png,157.37886532533466,-0.0017990851292331023,0.4006808225205276,-0.02133130813750861,postcard,analysis_outputs/visual_example_search/raw_results/best_model/postcard/ib-5-m-11/m_input.png,382.42883941607175,0.943783679754937,21.923209995231886,0.8574305531851033,analysis_outputs/visual_example_search/raw_results/best_model/postcard/ib-5-m-11/best_model.png,ib-5-m-11,-157379.54132882482,analysis_outputs/visual_example_search/raw_results/best_model/postcard/ib-5-m-11/t_label.png
40.08975361359187,0.9334823227994217,22.234767467016823,0.8902965560131854,analysis_outputs/visual_example_search/raw_results/baseline_model/postcard/ei-5-m-27/baseline_model.png,163.2320656254215,0.02455863513370604,-0.6677183542740899,0.012149608207594031,postcard,analysis_outputs/visual_example_search/raw_results/best_model/postcard/ei-5-m-27/m_input.png,203.32181923901337,0.9580409579331277,21.567049112742733,0.9024461642207794,analysis_outputs/visual_example_search/raw_results/best_model/postcard/ei-5-m-27/best_model.png,ei-5-m-27,-163238.04767566547,analysis_outputs/visual_example_search/raw_results/best_model/postcard/ei-5-m-27/t_label.png
241.91691992634608,0.9937386616658596,28.85251588380579,0.9269248130409357,analysis_outputs/visual_example_search/raw_results/baseline_model/objects/9-Focus-11-m/baseline_model.png,168.18966699874588,0.002156080871211441,-0.044408123517165166,-0.008292764224059113,objects,analysis_outputs/visual_example_search/raw_results/best_model/objects/9-Focus-11-m/m_input.png,410.10658692509196,0.995894742537071,28.808107760288625,0.9186320488168765,analysis_outputs/visual_example_search/raw_results/best_model/objects/9-Focus-11-m/best_model.png,9-Focus-11-m,-168190.36222741494,analysis_outputs/visual_example_search/raw_results/best_model/objects/9-Focus-11-m/t_label.png
199.48182432889269,0.9901988086429787,27.73080564924385,0.9525045860549932,analysis_outputs/visual_example_search/raw_results/baseline_model/objects/4-Thick-10-m/baseline_model.png,169.84634780991706,0.0011541634016138946,-0.6960431129001137,-0.0027718949245766344,objects,analysis_outputs/visual_example_search/raw_results/best_model/objects/4-Thick-10-m/m_input.png,369.32817213880975,0.9913529720445926,27.034762536343738,0.9497326911304166,analysis_outputs/visual_example_search/raw_results/best_model/objects/4-Thick-10-m/best_model.png,4-Thick-10-m,-169853.60841765435,analysis_outputs/visual_example_search/raw_results/best_model/objects/4-Thick-10-m/t_label.png
175.36798017182002,0.9395863783402565,21.067852920369248,0.8473854273844393,analysis_outputs/visual_example_search/raw_results/baseline_model/postcard/hb-5-m-22/baseline_model.png,179.0169752333971,0.00035259968940748454,-1.049665296275137,-0.021808328994007087,postcard,analysis_outputs/visual_example_search/raw_results/best_model/postcard/hb-5-m-22/m_input.png,354.3849554052171,0.939938978029664,20.01818762409411,0.8255770983904323,analysis_outputs/visual_example_search/raw_results/best_model/postcard/hb-5-m-22/best_model.png,hb-5-m-22,-179028.57625131452,analysis_outputs/visual_example_search/raw_results/best_model/postcard/hb-5-m-22/t_label.png
24.65354042957594,0.9935373624556606,28.7975182606634,0.9184343040073797,analysis_outputs/visual_example_search/raw_results/baseline_model/objects/9-Focus-27-m/baseline_model.png,179.03365355889005,0.002176533985010942,-0.2729229083940723,-0.006489079383507845,objects,analysis_outputs/visual_example_search/raw_results/best_model/objects/9-Focus-27-m/m_input.png,203.687193988466,0.9957138964406715,28.524595352269326,0.9119452246238718,analysis_outputs/visual_example_search/raw_results/best_model/objects/9-Focus-27-m/best_model.png,9-Focus-27-m,-179036.64646670557,analysis_outputs/visual_example_search/raw_results/best_model/objects/9-Focus-27-m/t_label.png
23.705738414736764,0.9321448559981194,21.39150027747444,0.9068163719060753,analysis_outputs/visual_example_search/raw_results/baseline_model/postcard/ai-5-m-19/baseline_model.png,180.62022587538814,0.015649942653509386,1.3110723448460533,0.022753813159818503,postcard,analysis_outputs/visual_example_search/raw_results/best_model/postcard/ai-5-m-19/m_input.png,204.32596429012492,0.9477947986516287,22.702572622320492,0.9295701850658938,analysis_outputs/visual_example_search/raw_results/best_model/postcard/ai-5-m-19/best_model.png,ai-5-m-19,-180618.82875737784,analysis_outputs/visual_example_search/raw_results/best_model/postcard/ai-5-m-19/t_label.png
395.10972716830753,0.9942083572455006,30.647430212774495,0.9214342687447061,analysis_outputs/visual_example_search/raw_results/baseline_model/ceilnet_table2/2007_008567/baseline_model.png,181.68816654112783,0.0013039797958600552,0.6470077523081521,0.004158875291172426,ceilnet_table2,analysis_outputs/visual_example_search/raw_results/best_model/ceilnet_table2/2007_008567/m_input.png,576.7978937094354,0.9955123370413607,31.294437965082647,0.9255931440358786,analysis_outputs/visual_example_search/raw_results/best_model/ceilnet_table2/2007_008567/best_model.png,2007_008567,-181687.8143004999,analysis_outputs/visual_example_search/raw_results/best_model/ceilnet_table2/2007_008567/t_label.png
49.23061999511472,0.9290326061323272,23.10145886653945,0.8756789850380159,analysis_outputs/visual_example_search/raw_results/baseline_model/postcard/ie-5-m-22/baseline_model.png,189.95541347957572,-0.007082376005856705,-1.5948363474383385,-0.003965900474429795,postcard,analysis_outputs/visual_example_search/raw_results/best_model/postcard/ie-5-m-22/m_input.png,239.18603347469045,0.9219502301264705,21.50662251910111,0.8717130845635861,analysis_outputs/visual_example_search/raw_results/best_model/postcard/ie-5-m-22/best_model.png,ie-5-m-22,-189972.28014484272,analysis_outputs/visual_example_search/raw_results/best_model/postcard/ie-5-m-22/t_label.png
202.06464120476176,0.9038913840676995,19.129647416277347,0.8684711537789699,analysis_outputs/visual_example_search/raw_results/baseline_model/wild/41-m/baseline_model.png,191.0159233584264,0.06789896221044056,4.033915547265238,0.01714968376089676,wild,analysis_outputs/visual_example_search/raw_results/best_model/wild/41-m/m_input.png,393.08056456318815,0.9717903462781401,23.163562963542585,0.8856208375398666,analysis_outputs/visual_example_search/raw_results/best_model/wild/41-m/best_model.png,41-m,-191012.45250376136,analysis_outputs/visual_example_search/raw_results/best_model/wild/41-m/t_label.png
239.5191538867389,0.9629541203250622,20.118837844983517,0.868081408837276,analysis_outputs/visual_example_search/raw_results/baseline_model/postcard/ha-5-m-19/baseline_model.png,199.7087611183657,0.003834308526123542,4.390662834478544,0.03510440383895397,postcard,analysis_outputs/visual_example_search/raw_results/best_model/postcard/ha-5-m-19/m_input.png,439.2279150051046,0.9667884288511858,24.50950067946206,0.90318581267623,analysis_outputs/visual_example_search/raw_results/best_model/postcard/ha-5-m-19/best_model.png,ha-5-m-19,-199706.3240962784,analysis_outputs/visual_example_search/raw_results/best_model/postcard/ha-5-m-19/t_label.png
157.15320038245537,0.9591533726436868,23.51774116305499,0.924152000348882,analysis_outputs/visual_example_search/raw_results/baseline_model/postcard/ei-5-m-11/baseline_model.png,203.12880293639674,0.003907107641065388,-1.8622509796261184,-0.010100511950828395,postcard,analysis_outputs/visual_example_search/raw_results/best_model/postcard/ei-5-m-11/m_input.png,360.2820033188521,0.9630604802847522,21.65549018342887,0.9140514883980536,analysis_outputs/visual_example_search/raw_results/best_model/postcard/ei-5-m-11/best_model.png,ei-5-m-11,-203148.30203674678,analysis_outputs/visual_example_search/raw_results/best_model/postcard/ei-5-m-11/t_label.png
63.62713659943818,0.8973555339657932,19.733136171527054,0.8442532166419868,analysis_outputs/visual_example_search/raw_results/baseline_model/postcard/ei-3-m-32/baseline_model.png,210.71396608398908,0.05322938287980883,2.2919956272675392,0.03000424651528899,postcard,analysis_outputs/visual_example_search/raw_results/best_model/postcard/ei-3-m-32/m_input.png,274.34110268342727,0.950584916845602,22.025131798794593,0.8742574631572758,analysis_outputs/visual_example_search/raw_results/best_model/postcard/ei-3-m-32/best_model.png,ei-3-m-32,-210711.12124471177,analysis_outputs/visual_example_search/raw_results/best_model/postcard/ei-3-m-32/t_label.png
43.72599662241839,0.9139673802990127,20.16247139390282,0.8604918474072784,analysis_outputs/visual_example_search/raw_results/baseline_model/postcard/ei-10-m-3/baseline_model.png,211.1513939496136,0.044357941870191486,2.568956122897081,0.03642713084599891,postcard,analysis_outputs/visual_example_search/raw_results/best_model/postcard/ei-10-m-3/m_input.png,254.877390572032,0.9583253221692042,22.7314275167999,0.8969189782532773,analysis_outputs/visual_example_search/raw_results/best_model/postcard/ei-10-m-3/best_model.png,ei-10-m-3,-211148.51800408808,analysis_outputs/visual_example_search/raw_results/best_model/postcard/ei-10-m-3/t_label.png
78.68241502969467,0.9772798045260995,24.433756092907092,0.9001413106757931,analysis_outputs/visual_example_search/raw_results/baseline_model/postcard/bi-5-m-19/baseline_model.png,220.92499404887178,0.0028928699575379024,1.9085133403772332,0.02898421699912901,postcard,analysis_outputs/visual_example_search/raw_results/best_model/postcard/bi-5-m-19/m_input.png,299.60740907856643,0.9801726744836374,26.342269433284326,0.9291255276749221,analysis_outputs/visual_example_search/raw_results/best_model/postcard/bi-5-m-19/best_model.png,bi-5-m-19,-220923.5609505844,analysis_outputs/visual_example_search/raw_results/best_model/postcard/bi-5-m-19/t_label.png
104.53436356112337,0.9347701144590908,22.5946539252059,0.8896304726306553,analysis_outputs/visual_example_search/raw_results/baseline_model/postcard/hi-5-m-32/baseline_model.png,227.41866602840184,0.017867338898245433,-0.3777205965509509,0.014150859353523004,postcard,analysis_outputs/visual_example_search/raw_results/best_model/postcard/hi-5-m-32/m_input.png,331.9530295895252,0.9526374533573362,22.21693332865495,0.9037813319841783,analysis_outputs/visual_example_search/raw_results/best_model/postcard/hi-5-m-32/best_model.png,hi-5-m-32,-227421.76868627657,analysis_outputs/visual_example_search/raw_results/best_model/postcard/hi-5-m-32/t_label.png
1356.094637315211,0.9894211788035473,25.4498706981514,0.8967662212012376,analysis_outputs/visual_example_search/raw_results/baseline_model/objects/3-Focus-19-m/baseline_model.png,229.03188899418296,0.00040177562057419625,-1.120664552017228,-0.006281276248691681,objects,analysis_outputs/visual_example_search/raw_results/best_model/objects/3-Focus-19-m/m_input.png,1585.126526309394,0.9898229544241215,24.329206146134172,0.8904849449525459,analysis_outputs/visual_example_search/raw_results/best_model/objects/3-Focus-19-m/best_model.png,3-Focus-19-m,-229043.67899483198,analysis_outputs/visual_example_search/raw_results/best_model/objects/3-Focus-19-m/t_label.png
156.56026776708728,0.930783854366867,22.406245279515684,0.8987937975891773,analysis_outputs/visual_example_search/raw_results/baseline_model/postcard/he-5-m-32/baseline_model.png,238.46589985308725,-0.008884832956517541,-1.7072879504002039,-0.003708295052885391,postcard,analysis_outputs/visual_example_search/raw_results/best_model/postcard/he-5-m-32/m_input.png,395.02616762017453,0.9218990214103494,20.69895732911548,0.8950855025362919,analysis_outputs/visual_example_search/raw_results/best_model/postcard/he-5-m-32/best_model.png,he-5-m-32,-238483.98258805505,analysis_outputs/visual_example_search/raw_results/best_model/postcard/he-5-m-32/t_label.png
133.29730980793963,0.9420030689901878,22.894277732560507,0.9028840222763835,analysis_outputs/visual_example_search/raw_results/baseline_model/postcard/ei-5-m-22/baseline_model.png,238.71961293360178,0.017240251178593957,-1.606117083343797,0.0018462905489854409,postcard,analysis_outputs/visual_example_search/raw_results/best_model/postcard/ei-5-m-22/m_input.png,372.0169227415414,0.9592433201687818,21.28816064921671,0.904730312825369,analysis_outputs/visual_example_search/raw_results/best_model/postcard/ei-5-m-22/best_model.png,ei-5-m-22,-238735.73231325316,analysis_outputs/visual_example_search/raw_results/best_model/postcard/ei-5-m-22/t_label.png
18.052621229885776,0.9348968521006294,20.053007406163164,0.9017416468884156,analysis_outputs/visual_example_search/raw_results/baseline_model/postcard/ai-5-m-32/baseline_model.png,240.7406811656509,0.012074906802239549,3.651463598772093,0.027950970281537924,postcard,analysis_outputs/visual_example_search/raw_results/best_model/postcard/ai-5-m-32/m_input.png,258.79330239553667,0.946971758902869,23.704471004935257,0.9296926171699536,analysis_outputs/visual_example_search/raw_results/best_model/postcard/ai-5-m-32/best_model.png,ai-5-m-32,-240738.4633641909,analysis_outputs/visual_example_search/raw_results/best_model/postcard/ai-5-m-32/t_label.png
278.1207498262515,0.9423842284761801,20.667870821737306,0.7990584024317654,analysis_outputs/visual_example_search/raw_results/baseline_model/postcard/ba-5-m-32/baseline_model.png,242.12112760868587,0.029131276897881087,4.80086729901457,0.06692954531869322,postcard,analysis_outputs/visual_example_search/raw_results/best_model/postcard/ba-5-m-32/m_input.png,520.2418774349374,0.9715155053740612,25.468738120751876,0.8659879477504586,analysis_outputs/visual_example_search/raw_results/best_model/postcard/ba-5-m-32/best_model.png,ba-5-m-32,-242117.1257990308,analysis_outputs/visual_example_search/raw_results/best_model/postcard/ba-5-m-32/t_label.png
395.2392195214204,0.8229853780593097,19.22233077753576,0.8059319405786031,analysis_outputs/visual_example_search/raw_results/baseline_model/wild/26-m/baseline_model.png,243.000807550815,-0.03276882401811598,0.08850055151034297,0.003873835265057246,wild,analysis_outputs/visual_example_search/raw_results/best_model/wild/26-m/m_input.png,638.2400270722354,0.7902165540411937,19.310831329046103,0.8098057758436603,analysis_outputs/visual_example_search/raw_results/best_model/wild/26-m/best_model.png,26-m,-243001.8281135902,analysis_outputs/visual_example_search/raw_results/best_model/wild/26-m/t_label.png
24.762317815133073,0.9763029796438762,22.873183671887972,0.8839745274393968,analysis_outputs/visual_example_search/raw_results/baseline_model/objects/17-Thick-5-m/baseline_model.png,244.63556925479537,-3.501011777606866e-05,-1.7451699616822474,-0.016424613921656728,objects,analysis_outputs/visual_example_search/raw_results/best_model/objects/17-Thick-5-m/m_input.png,269.39788706992846,0.9762679695261002,21.128013710205725,0.86754991351774,analysis_outputs/visual_example_search/raw_results/best_model/objects/17-Thick-5-m/best_model.png,17-Thick-5-m,-244654.17876457414,analysis_outputs/visual_example_search/raw_results/best_model/objects/17-Thick-5-m/t_label.png
21.226314468303915,0.9700726601764793,23.40733238965059,0.8579985529342888,analysis_outputs/visual_example_search/raw_results/baseline_model/postcard/bi-5-m-27/baseline_model.png,247.89061768264978,0.008572240694520783,2.5115763948221144,0.06189576647216988,postcard,analysis_outputs/visual_example_search/raw_results/best_model/postcard/bi-5-m-27/m_input.png,269.1169321509537,0.9786449008710001,25.918908784472706,0.9198943194064587,analysis_outputs/visual_example_search/raw_results/best_model/postcard/bi-5-m-27/best_model.png,bi-5-m-27,-247888.018790339,analysis_outputs/visual_example_search/raw_results/best_model/postcard/bi-5-m-27/t_label.png
171.3358473365844,0.9980242293211391,34.59363733869372,0.9859548440844011,analysis_outputs/visual_example_search/raw_results/baseline_model/ceilnet_table2/2009_003705/baseline_model.png,257.3727420532965,0.00042559978137735044,1.0822804065558458,0.002975975107541995,ceilnet_table2,analysis_outputs/visual_example_search/raw_results/best_model/ceilnet_table2/2009_003705/m_input.png,428.7085893898809,0.9984498291025165,35.67591774524956,0.9889308191919431,analysis_outputs/visual_example_search/raw_results/best_model/ceilnet_table2/2009_003705/best_model.png,2009_003705,-257372.29625378878,analysis_outputs/visual_example_search/raw_results/best_model/ceilnet_table2/2009_003705/t_label.png
17.201237546345503,0.9697342513655186,19.60951143407732,0.9094626928410544,analysis_outputs/visual_example_search/raw_results/baseline_model/objects/18-Focus-11-m/baseline_model.png,259.9499998993551,0.0042523897846686864,0.6545225172145592,-5.329986669955211e-05,objects,analysis_outputs/visual_example_search/raw_results/best_model/objects/18-Focus-11-m/m_input.png,277.1512374457006,0.9739866411501873,20.26403395129188,0.9094093929743549,analysis_outputs/visual_example_search/raw_results/best_model/objects/18-Focus-11-m/best_model.png,18-Focus-11-m,-259949.6772809334,analysis_outputs/visual_example_search/raw_results/best_model/objects/18-Focus-11-m/t_label.png
1109.1760514743626,0.9620790472688744,25.59565255206247,0.9173733735225723,analysis_outputs/visual_example_search/raw_results/baseline_model/postcard/be-5-m-13/baseline_model.png,260.880553056654,-0.006035070349052041,0.07454505547842771,-0.002079867218771958,postcard,analysis_outputs/visual_example_search/raw_results/best_model/postcard/be-5-m-13/m_input.png,1370.0566045310165,0.9560439769198223,25.6701976075409,0.9152935063038004,analysis_outputs/visual_example_search/raw_results/best_model/postcard/be-5-m-13/best_model.png,be-5-m-13,-260880.81223111702,analysis_outputs/visual_example_search/raw_results/best_model/postcard/be-5-m-13/t_label.png
37.8694614043233,0.9409885670018947,22.793975212667718,0.9012231175788924,analysis_outputs/visual_example_search/raw_results/baseline_model/postcard/ei-5-m-19/baseline_model.png,266.49133838411876,0.02037996809988385,-1.1338994038947057,0.007975524293020508,postcard,analysis_outputs/visual_example_search/raw_results/best_model/postcard/ei-5-m-19/m_input.png,304.3607997884421,0.9613685351017786,21.660075808773012,0.9091986418719129,analysis_outputs/visual_example_search/raw_results/best_model/postcard/ei-5-m-19/best_model.png,ei-5-m-19,-266502.34645731584,analysis_outputs/visual_example_search/raw_results/best_model/postcard/ei-5-m-19/t_label.png
157.23058750078943,0.9344679968492967,22.53636973893764,0.9155745074976466,analysis_outputs/visual_example_search/raw_results/baseline_model/postcard/he-5-m-16/baseline_model.png,268.7348690229919,-0.01251824430836146,-1.302944062150317,-0.0066687677065573325,postcard,analysis_outputs/visual_example_search/raw_results/best_model/postcard/he-5-m-16/m_input.png,425.96545652378137,0.9219497525409353,21.233425676787324,0.9089057397910892,analysis_outputs/visual_example_search/raw_results/best_model/postcard/he-5-m-16/best_model.png,he-5-m-16,-268749.00432372134,analysis_outputs/visual_example_search/raw_results/best_model/postcard/he-5-m-16/t_label.png
81.46341989176842,0.9376627273631633,22.599643667863003,0.8951593322007937,analysis_outputs/visual_example_search/raw_results/baseline_model/postcard/hi-5-m-22/baseline_model.png,275.95825103695705,0.015614139595486298,-0.07870457920668272,0.012188052065194022,postcard,analysis_outputs/visual_example_search/raw_results/best_model/postcard/hi-5-m-22/m_input.png,357.42167092872546,0.9532768669586495,22.52093908865632,0.9073473842659877,analysis_outputs/visual_example_search/raw_results/best_model/postcard/hi-5-m-22/best_model.png,hi-5-m-22,-275958.3692628173,analysis_outputs/visual_example_search/raw_results/best_model/postcard/hi-5-m-22/t_label.png
13.21066636775045,0.8596980141007738,20.61831890621538,0.7932780317931719,analysis_outputs/visual_example_search/raw_results/baseline_model/wild/79s-m/baseline_model.png,276.6002838803984,0.11182649102572073,6.837894952146431,0.10397797715322765,wild,analysis_outputs/visual_example_search/raw_results/best_model/wild/79s-m/m_input.png,289.81095024814886,0.9715245051264946,27.45621385836181,0.8972560089463996,analysis_outputs/visual_example_search/raw_results/best_model/wild/79s-m/best_model.png,79s-m,-276592.60947037657,analysis_outputs/visual_example_search/raw_results/best_model/wild/79s-m/t_label.png
80.94216131809155,0.9410771393453669,23.7033285853601,0.9041974287252567,analysis_outputs/visual_example_search/raw_results/baseline_model/postcard/ie-5-m-16/baseline_model.png,279.2231983799472,-0.0014104926359949088,-1.1145222822773277,-0.008751595783961563,postcard,analysis_outputs/visual_example_search/raw_results/best_model/postcard/ie-5-m-16/m_input.png,360.16535969803874,0.9396666467093719,22.588806303082773,0.8954458329412951,analysis_outputs/visual_example_search/raw_results/best_model/postcard/ie-5-m-16/best_model.png,ie-5-m-16,-279235.07078329206,analysis_outputs/visual_example_search/raw_results/best_model/postcard/ie-5-m-16/t_label.png
108.49544079913217,0.9524411350955756,23.411783480861818,0.9191661709538782,analysis_outputs/visual_example_search/raw_results/baseline_model/postcard/ei-5-m-13/baseline_model.png,280.2928196253232,0.010399680706661973,-1.6594949683388336,-0.004826795331721145,postcard,analysis_outputs/visual_example_search/raw_results/best_model/postcard/ei-5-m-13/m_input.png,388.78826042445536,0.9628408158022376,21.752288512522984,0.9143393756221571,analysis_outputs/visual_example_search/raw_results/best_model/postcard/ei-5-m-13/best_model.png,ei-5-m-13,-280309.876685815,analysis_outputs/visual_example_search/raw_results/best_model/postcard/ei-5-m-13/t_label.png
1007.7968083683502,0.9808516939555972,26.348958328872126,0.9223072762584327,analysis_outputs/visual_example_search/raw_results/baseline_model/real20/47/baseline_model.png,302.0282836600463,-0.017452761384736837,-1.3083107995467245,-0.007126868651650686,real20,analysis_outputs/visual_example_search/raw_results/best_model/real20/47/m_input.png,1309.8250920283965,0.9633989325708604,25.0406475293254,0.915180407606782,analysis_outputs/visual_example_search/raw_results/best_model/real20/47/best_model.png,47,-302042.6631586929,analysis_outputs/visual_example_search/raw_results/best_model/real20/47/t_label.png
105.89685849719707,0.995404275347081,30.36226439220712,0.9476915481613298,analysis_outputs/visual_example_search/raw_results/baseline_model/wild/106-m/baseline_model.png,302.4230853050269,0.0012322003259994663,1.6938930335133016,0.011848494529876685,wild,analysis_outputs/visual_example_search/raw_results/best_model/wild/106-m/m_input.png,408.319943802224,0.9966364756730804,32.05615742572042,0.9595400426912065,analysis_outputs/visual_example_search/raw_results/best_model/wild/106-m/best_model.png,106-m,-302422.1936566443,analysis_outputs/visual_example_search/raw_results/best_model/wild/106-m/t_label.png
210.08777452084522,0.9928402528487775,29.121267957979665,0.9226416305670163,analysis_outputs/visual_example_search/raw_results/baseline_model/ceilnet_table2/2010_001979/baseline_model.png,314.5513164592759,0.0024774953629506102,3.230888954144792,0.03907793218623912,ceilnet_table2,analysis_outputs/visual_example_search/raw_results/best_model/ceilnet_table2/2010_001979/m_input.png,524.6390909801211,0.9953177482117281,32.35215691212446,0.9617195627532554,analysis_outputs/visual_example_search/raw_results/best_model/ceilnet_table2/2010_001979/best_model.png,2010_001979,-314549.20061060245,analysis_outputs/visual_example_search/raw_results/best_model/ceilnet_table2/2010_001979/t_label.png
10.625853516922371,0.9665184785031186,24.9155212219223,0.8512708563029138,analysis_outputs/visual_example_search/raw_results/baseline_model/objects/1-Focus-32-m/baseline_model.png,315.82736732109413,0.00028705011048257845,0.017838630824918766,0.0016217748296962764,objects,analysis_outputs/visual_example_search/raw_results/best_model/objects/1-Focus-32-m/m_input.png,326.4532208380165,0.9668055286136011,24.93335985274722,0.85289263113261,analysis_outputs/visual_example_search/raw_results/best_model/objects/1-Focus-32-m/best_model.png,1-Focus-32-m,-315827.31365426036,analysis_outputs/visual_example_search/raw_results/best_model/objects/1-Focus-32-m/t_label.png
10.625853516922371,0.9665184785031186,24.9155212219223,0.8512708563029138,analysis_outputs/visual_example_search/raw_results/baseline_model/objects/1-Thick-5-m/baseline_model.png,315.82736732109413,0.00028705011048257845,0.017838630824918766,0.0016217748296962764,objects,analysis_outputs/visual_example_search/raw_results/best_model/objects/1-Thick-5-m/m_input.png,326.4532208380165,0.9668055286136011,24.93335985274722,0.85289263113261,analysis_outputs/visual_example_search/raw_results/best_model/objects/1-Thick-5-m/best_model.png,1-Thick-5-m,-315827.31365426036,analysis_outputs/visual_example_search/raw_results/best_model/objects/1-Thick-5-m/t_label.png
145.4279318913267,0.9312244479185767,22.308945827280482,0.9053828413877429,analysis_outputs/visual_example_search/raw_results/baseline_model/postcard/he-5-m-22/baseline_model.png,328.98358174212314,-0.011046712237286815,-1.5126037322572294,-0.005989622712155196,postcard,analysis_outputs/visual_example_search/raw_results/best_model/postcard/he-5-m-22/m_input.png,474.41151363344983,0.9201777356812899,20.796342095023252,0.8993932186755877,analysis_outputs/visual_example_search/raw_results/best_model/postcard/he-5-m-22/best_model.png,he-5-m-22,-328999.808252413,analysis_outputs/visual_example_search/raw_results/best_model/postcard/he-5-m-22/t_label.png
204.82306567419258,0.9383329035180757,22.754204966520536,0.920076405531716,analysis_outputs/visual_example_search/raw_results/baseline_model/postcard/he-5-m-13/baseline_model.png,331.5840299278499,-0.013185130767067066,-1.3974154659305498,-0.00937688743035714,postcard,analysis_outputs/visual_example_search/raw_results/best_model/postcard/he-5-m-13/m_input.png,536.4070956020424,0.9251477727510087,21.356789500589986,0.9106995181013589,analysis_outputs/visual_example_search/raw_results/best_model/postcard/he-5-m-13/best_model.png,he-5-m-13,-331599.25955830136,analysis_outputs/visual_example_search/raw_results/best_model/postcard/he-5-m-13/t_label.png
15.641313182466371,0.9629383898732026,19.915917141035525,0.8276532352704585,analysis_outputs/visual_example_search/raw_results/baseline_model/postcard/bi-5-m-32/baseline_model.png,336.7134197279523,0.014892278588446994,5.462683985882489,0.08199546928979584,postcard,analysis_outputs/visual_example_search/raw_results/best_model/postcard/bi-5-m-32/m_input.png,352.3547329104187,0.9778306684616496,25.378601126918014,0.9096487045602544,analysis_outputs/visual_example_search/raw_results/best_model/postcard/bi-5-m-32/best_model.png,bi-5-m-32,-336709.17663959344,analysis_outputs/visual_example_search/raw_results/best_model/postcard/bi-5-m-32/t_label.png
113.359816299246,0.9517311912913953,22.421976851677428,0.9148680809293044,analysis_outputs/visual_example_search/raw_results/baseline_model/postcard/hi-5-m-11/baseline_model.png,338.66997892010096,0.002927978340817039,0.08277710558830265,-0.0008768854690818229,postcard,analysis_outputs/visual_example_search/raw_results/best_model/postcard/hi-5-m-11/m_input.png,452.02979521934697,0.9546591696322123,22.50475395726573,0.9139911954602226,analysis_outputs/visual_example_search/raw_results/best_model/postcard/hi-5-m-11/best_model.png,hi-5-m-11,-338669.9088192653,analysis_outputs/visual_example_search/raw_results/best_model/postcard/hi-5-m-11/t_label.png
408.5917274834404,0.9194554364288725,22.218536946779732,0.844846892507241,analysis_outputs/visual_example_search/raw_results/baseline_model/postcard/he-3-m-32/baseline_model.png,343.47949729249035,-0.01254184530469793,-1.031121991024058,-0.005831596105806303,postcard,analysis_outputs/visual_example_search/raw_results/best_model/postcard/he-3-m-32/m_input.png,752.0712247759308,0.9069135911241746,21.187414955755674,0.8390152964014347,analysis_outputs/visual_example_search/raw_results/best_model/postcard/he-3-m-32/best_model.png,he-3-m-32,-343490.79529018025,analysis_outputs/visual_example_search/raw_results/best_model/postcard/he-3-m-32/t_label.png
22.258144848744106,0.9626566214518761,21.585084945737936,0.8305292742250083,analysis_outputs/visual_example_search/raw_results/baseline_model/postcard/bi-10-m-3/baseline_model.png,349.01598562805503,0.015509877978267528,4.172523553806524,0.07849349025354935,postcard,analysis_outputs/visual_example_search/raw_results/best_model/postcard/bi-10-m-3/m_input.png,371.27413047679914,0.9781664994301437,25.75760849954446,0.9090227644785577,analysis_outputs/visual_example_search/raw_results/best_model/postcard/bi-10-m-3/best_model.png,bi-10-m-3,-349012.24470266467,analysis_outputs/visual_example_search/raw_results/best_model/postcard/bi-10-m-3/t_label.png
221.8188167634329,0.9358927775092578,22.612684848121773,0.908142299524311,analysis_outputs/visual_example_search/raw_results/baseline_model/postcard/he-5-m-19/baseline_model.png,349.78345925599046,-0.014545563650343873,-1.3342885089616026,-0.0067235680874135895,postcard,analysis_outputs/visual_example_search/raw_results/best_model/postcard/he-5-m-19/m_input.png,571.6022760194234,0.9213472138589139,21.27839633916017,0.9014187314368974,analysis_outputs/visual_example_search/raw_results/best_model/postcard/he-5-m-19/best_model.png,he-5-m-19,-349797.99132352724,analysis_outputs/visual_example_search/raw_results/best_model/postcard/he-5-m-19/t_label.png
77.37174249626588,0.9384470532536003,21.383615863093354,0.8718168498329022,analysis_outputs/visual_example_search/raw_results/baseline_model/postcard/ab-5-m-27/baseline_model.png,351.2574818974451,-0.007042223011767268,-2.2806678145969066,-0.017435425215030942,postcard,analysis_outputs/visual_example_search/raw_results/best_model/postcard/ab-5-m-27/m_input.png,428.62922439371096,0.9314048302418331,19.102948048496447,0.8543814246178713,analysis_outputs/visual_example_search/raw_results/best_model/postcard/ab-5-m-27/best_model.png,ab-5-m-27,-351281.9055158838,analysis_outputs/visual_example_search/raw_results/best_model/postcard/ab-5-m-27/t_label.png
82.89823423072266,0.9430427144378487,22.67930406659258,0.906078884623505,analysis_outputs/visual_example_search/raw_results/baseline_model/postcard/hi-5-m-13/baseline_model.png,353.82208049825,0.012038259655416383,-0.16251795359974608,0.006012926630963977,postcard,analysis_outputs/visual_example_search/raw_results/best_model/postcard/hi-5-m-13/m_input.png,436.72031472897265,0.9550809740932651,22.516786112992833,0.912091811254469,analysis_outputs/visual_example_search/raw_results/best_model/postcard/hi-5-m-13/best_model.png,hi-5-m-13,-353823.30857078003,analysis_outputs/visual_example_search/raw_results/best_model/postcard/hi-5-m-13/t_label.png
42.98753373750425,0.9759636421875608,28.628164050474428,0.8825975547018342,analysis_outputs/visual_example_search/raw_results/baseline_model/wild/105-m/baseline_model.png,357.30548025631975,0.008458527773530289,1.9439706921732878,0.039987645458066545,wild,analysis_outputs/visual_example_search/raw_results/best_model/wild/105-m/m_input.png,400.293013993824,0.9844221699610911,30.572134742647716,0.9225852001599008,analysis_outputs/visual_example_search/raw_results/best_model/wild/105-m/best_model.png,105-m,-357303.6211117582,analysis_outputs/visual_example_search/raw_results/best_model/wild/105-m/t_label.png
83.08623901556369,0.9172258115063147,19.999837955400704,0.8374161589564562,analysis_outputs/visual_example_search/raw_results/baseline_model/postcard/hb-10-m-3/baseline_model.png,361.5819588950553,0.0150309187826565,0.10883175086264885,0.011878326921417881,postcard,analysis_outputs/visual_example_search/raw_results/best_model/postcard/hb-10-m-3/m_input.png,444.668197910619,0.9322567302889712,20.108669706263353,0.849294485877874,analysis_outputs/visual_example_search/raw_results/best_model/postcard/hb-10-m-3/best_model.png,hb-10-m-3,-361581.24988666247,analysis_outputs/visual_example_search/raw_results/best_model/postcard/hb-10-m-3/t_label.png
79.78411580243608,0.9494840151109609,24.13091251413969,0.9286335448680788,analysis_outputs/visual_example_search/raw_results/baseline_model/postcard/ie-5-m-11/baseline_model.png,363.8074565568381,0.005282183597724144,-0.45241482293811686,-0.004989145615907575,postcard,analysis_outputs/visual_example_search/raw_results/best_model/postcard/ie-5-m-11/m_input.png,443.59157235927415,0.9547661987086851,23.678497691201574,0.9236443992521712,analysis_outputs/visual_example_search/raw_results/best_model/postcard/ie-5-m-11/best_model.png,ie-5-m-11,-363812.174075515,analysis_outputs/visual_example_search/raw_results/best_model/postcard/ie-5-m-11/t_label.png
22.282964464554606,0.9629019115371503,24.513466013273568,0.8428048619522887,analysis_outputs/visual_example_search/raw_results/baseline_model/objects/1-Thick-10-m/baseline_model.png,370.6463430203482,-0.004611136203080735,-0.4981363647095165,-0.005377701530914769,objects,analysis_outputs/visual_example_search/raw_results/best_model/objects/1-Thick-10-m/m_input.png,392.9293074849028,0.9582907753340696,24.01532964856405,0.8374271604213739,analysis_outputs/visual_example_search/raw_results/best_model/objects/1-Thick-10-m/best_model.png,1-Thick-10-m,-370651.84003877087,analysis_outputs/visual_example_search/raw_results/best_model/objects/1-Thick-10-m/t_label.png
24.00496695155969,0.9335068347796842,21.452889770139908,0.902321029489622,analysis_outputs/visual_example_search/raw_results/baseline_model/postcard/ai-10-m-3/baseline_model.png,377.09024914868553,0.011913071663592456,1.2748320852451762,0.020712459649560366,postcard,analysis_outputs/visual_example_search/raw_results/best_model/postcard/ai-10-m-3/m_input.png,401.09521610024524,0.9454199064432767,22.727721855385084,0.9230334891391824,analysis_outputs/visual_example_search/raw_results/best_model/postcard/ai-10-m-3/best_model.png,ai-10-m-3,-377089.0085663743,analysis_outputs/visual_example_search/raw_results/best_model/postcard/ai-10-m-3/t_label.png
85.51581590068236,0.9167743059588008,21.250648710995033,0.8731595929814461,analysis_outputs/visual_example_search/raw_results/baseline_model/postcard/hi-3-m-32/baseline_model.png,378.2547556201881,0.028798607987322145,1.0069708591872057,0.020385067472969087,postcard,analysis_outputs/visual_example_search/raw_results/best_model/postcard/hi-3-m-32/m_input.png,463.7705715208705,0.945572913946123,22.25761957018224,0.8935446604544152,analysis_outputs/visual_example_search/raw_results/best_model/postcard/hi-3-m-32/best_model.png,hi-3-m-32,-378253.1903713486,analysis_outputs/visual_example_search/raw_results/best_model/postcard/hi-3-m-32/t_label.png
74.02272032590484,0.976959254255718,24.517744083619224,0.9301238961498127,analysis_outputs/visual_example_search/raw_results/baseline_model/postcard/bi-5-m-13/baseline_model.png,383.8598079912485,0.0024083416545548353,1.6520450831619158,0.008502212133608467,postcard,analysis_outputs/visual_example_search/raw_results/best_model/postcard/bi-5-m-13/m_input.png,457.88252831715334,0.9793675959102728,26.16978916678114,0.9386261082834212,analysis_outputs/visual_example_search/raw_results/best_model/postcard/bi-5-m-13/best_model.png,bi-5-m-13,-383858.9845457094,analysis_outputs/visual_example_search/raw_results/best_model/postcard/bi-5-m-13/t_label.png
20.649554993135375,0.9295993092021524,21.155967512925596,0.9053632336379236,analysis_outputs/visual_example_search/raw_results/baseline_model/postcard/ai-5-m-13/baseline_model.png,386.0549295426244,0.01661680839214752,1.3710707120915941,0.0226745606125629,postcard,analysis_outputs/visual_example_search/raw_results/best_model/postcard/ai-5-m-13/m_input.png,406.7044845357598,0.9462161175942999,22.52703822501719,0.9280377942504865,analysis_outputs/visual_example_search/raw_results/best_model/postcard/ai-5-m-13/best_model.png,ai-5-m-13,-386053.49023482855,analysis_outputs/visual_example_search/raw_results/best_model/postcard/ai-5-m-13/t_label.png
158.2520119103433,0.953069761723538,23.46180913302366,0.9195983361070837,analysis_outputs/visual_example_search/raw_results/baseline_model/postcard/ei-5-m-16/baseline_model.png,401.6690112998309,0.008152922228798931,-1.9920395465747944,-0.0081932992860555,postcard,analysis_outputs/visual_example_search/raw_results/best_model/postcard/ei-5-m-16/m_input.png,559.9210232101742,0.9612226839523369,21.469769586448866,0.9114050368210282,analysis_outputs/visual_example_search/raw_results/best_model/postcard/ei-5-m-16/best_model.png,ei-5-m-16,-401689.67865089816,analysis_outputs/visual_example_search/raw_results/best_model/postcard/ei-5-m-16/t_label.png
95.89283212113166,0.9749198904816988,23.79969193498182,0.9306949954008124,analysis_outputs/visual_example_search/raw_results/baseline_model/postcard/bi-5-m-11/baseline_model.png,403.4735551618393,0.0015837683583721507,1.8658447735970647,0.007690196505316216,postcard,analysis_outputs/visual_example_search/raw_results/best_model/postcard/bi-5-m-11/m_input.png,499.36638728297095,0.976503658840071,25.665536708578884,0.9383851919061286,analysis_outputs/visual_example_search/raw_results/best_model/postcard/bi-5-m-11/best_model.png,bi-5-m-11,-403472.7013644598,analysis_outputs/visual_example_search/raw_results/best_model/postcard/bi-5-m-11/t_label.png
97.78646265804193,0.9383065795077135,21.029358593235735,0.8352771496840532,analysis_outputs/visual_example_search/raw_results/baseline_model/postcard/hb-5-m-32/baseline_model.png,405.8703181523672,0.001229196708619984,-1.083485540504487,-0.02241286161884337,postcard,analysis_outputs/visual_example_search/raw_results/best_model/postcard/hb-5-m-32/m_input.png,503.6567808104091,0.9395357762163334,19.945873052731248,0.8128642880652098,analysis_outputs/visual_example_search/raw_results/best_model/postcard/hb-5-m-32/best_model.png,hb-5-m-32,-405882.26788985805,analysis_outputs/visual_example_search/raw_results/best_model/postcard/hb-5-m-32/t_label.png
236.35295644320854,0.9877808574272967,24.5359317574303,0.8911260520570474,analysis_outputs/visual_example_search/raw_results/baseline_model/objects/3-Focus-27-m/baseline_model.png,412.2665406077739,0.0005027024816350867,-1.2372534086244542,-0.0074666544555118675,objects,analysis_outputs/visual_example_search/raw_results/best_model/objects/3-Focus-27-m/m_input.png,648.6194970509824,0.9882835599089318,23.298678348805847,0.8836593976015356,analysis_outputs/visual_example_search/raw_results/best_model/objects/3-Focus-27-m/best_model.png,3-Focus-27-m,-412279.57432500686,analysis_outputs/visual_example_search/raw_results/best_model/objects/3-Focus-27-m/t_label.png
100.27131557883595,0.9613092283382906,19.16953340049763,0.865570927827992,analysis_outputs/visual_example_search/raw_results/baseline_model/postcard/ha-5-m-13/baseline_model.png,414.00478206489765,0.005323004381055818,4.698621836099562,0.040354664932851225,postcard,analysis_outputs/visual_example_search/raw_results/best_model/postcard/ha-5-m-13/m_input.png,514.2760976437336,0.9666322327193464,23.868155236597193,0.9059255927608433,analysis_outputs/visual_example_search/raw_results/best_model/postcard/ha-5-m-13/best_model.png,ha-5-m-13,-414002.0739158861,analysis_outputs/visual_example_search/raw_results/best_model/postcard/ha-5-m-13/t_label.png
58.85796400817125,0.925796994507812,21.83483351360323,0.8772073871998338,analysis_outputs/visual_example_search/raw_results/baseline_model/postcard/hi-10-m-3/baseline_model.png,424.591478410014,0.023900022786939035,0.7798015585232783,0.033902843355093526,postcard,analysis_outputs/visual_example_search/raw_results/best_model/postcard/hi-10-m-3/m_input.png,483.4494424181853,0.9496970172947511,22.614635072126507,0.9111102305549273,analysis_outputs/visual_example_search/raw_results/best_model/postcard/hi-10-m-3/best_model.png,hi-10-m-3,-424589.7734045076,analysis_outputs/visual_example_search/raw_results/best_model/postcard/hi-10-m-3/t_label.png
146.262108849716,0.9442337026289187,20.87293075390768,0.8567732357703551,analysis_outputs/visual_example_search/raw_results/baseline_model/postcard/hb-5-m-16/baseline_model.png,467.47633479049966,-0.02031770955838963,-1.193513045460623,-0.06068279874758509,postcard,analysis_outputs/visual_example_search/raw_results/best_model/postcard/hb-5-m-16/m_input.png,613.7384436402157,0.9239159930705291,19.67941770844706,0.79609043702277,analysis_outputs/visual_example_search/raw_results/best_model/postcard/hb-5-m-16/best_model.png,hb-5-m-16,-467491.5027764267,analysis_outputs/visual_example_search/raw_results/best_model/postcard/hb-5-m-16/t_label.png
229.62299598077286,0.9792892923680987,24.876605429857307,0.8308517610113567,analysis_outputs/visual_example_search/raw_results/baseline_model/wild/99s-m/baseline_model.png,468.6566758040128,-0.0066917381583506685,-3.4132551536736067,0.004850246874591013,wild,analysis_outputs/visual_example_search/raw_results/best_model/wild/99s-m/m_input.png,698.2796717847857,0.972597554209748,21.4633502761837,0.8357020078859477,analysis_outputs/visual_example_search/raw_results/best_model/wild/99s-m/best_model.png,99s-m,-468692.0590619311,analysis_outputs/visual_example_search/raw_results/best_model/wild/99s-m/t_label.png
123.01585882225545,0.9488775478034015,23.163242717075065,0.9129840995241852,analysis_outputs/visual_example_search/raw_results/baseline_model/postcard/hi-5-m-16/baseline_model.png,503.09353564141765,0.004794475632346029,-0.9963220098364189,-0.0020009850866418155,postcard,analysis_outputs/visual_example_search/raw_results/best_model/postcard/hi-5-m-16/m_input.png,626.1093944636731,0.9536720234357475,22.166920707238646,0.9109831144375434,analysis_outputs/visual_example_search/raw_results/best_model/postcard/hi-5-m-16/best_model.png,hi-5-m-16,-503103.78114143986,analysis_outputs/visual_example_search/raw_results/best_model/postcard/hi-5-m-16/t_label.png
525.0709558576258,0.9884226371316174,24.679232187621277,0.8960062696280567,analysis_outputs/visual_example_search/raw_results/baseline_model/objects/3-Focus-11-m/baseline_model.png,506.45079313159033,0.0005014376505916296,-1.0200166884225936,-0.006534201299143172,objects,analysis_outputs/visual_example_search/raw_results/best_model/objects/3-Focus-11-m/m_input.png,1031.5217489892161,0.988924074782209,23.659215499198684,0.8894720683289136,analysis_outputs/visual_example_search/raw_results/best_model/objects/3-Focus-11-m/best_model.png,3-Focus-11-m,-506461.54946514155,analysis_outputs/visual_example_search/raw_results/best_model/objects/3-Focus-11-m/t_label.png
10.36357792069328,0.9692151603478181,25.294118244606334,0.865624742262006,analysis_outputs/visual_example_search/raw_results/baseline_model/objects/1-Focus-16-m/baseline_model.png,506.53871203738004,-0.001725801203251276,-0.4470971440221092,-0.007804940144823469,objects,analysis_outputs/visual_example_search/raw_results/best_model/objects/1-Focus-16-m/m_input.png,516.9022899580733,0.9674893591445668,24.847021100584225,0.8578198021171826,analysis_outputs/visual_example_search/raw_results/best_model/objects/1-Focus-16-m/best_model.png,1-Focus-16-m,-506543.66561714874,analysis_outputs/visual_example_search/raw_results/best_model/objects/1-Focus-16-m/t_label.png
295.19731443804636,0.9445403871737815,20.843340575453,0.8034373804307778,analysis_outputs/visual_example_search/raw_results/baseline_model/postcard/ba-10-m-3/baseline_model.png,526.5776068676184,0.02618442429321821,4.446763947747158,0.07150791902633713,postcard,analysis_outputs/visual_example_search/raw_results/best_model/postcard/ba-10-m-3/m_input.png,821.7749213056649,0.9707248114669997,25.290104523200156,0.874945299457115,analysis_outputs/visual_example_search/raw_results/best_model/postcard/ba-10-m-3/best_model.png,ba-10-m-3,-526573.6823043862,analysis_outputs/visual_example_search/raw_results/best_model/postcard/ba-10-m-3/t_label.png
19.40470427957159,0.9358488762590522,21.82323932158719,0.9114906115536128,analysis_outputs/visual_example_search/raw_results/baseline_model/postcard/ai-5-m-22/baseline_model.png,527.2280448185178,0.01116492684887449,0.6778653255132667,0.016561383695027687,postcard,analysis_outputs/visual_example_search/raw_results/best_model/postcard/ai-5-m-22/m_input.png,546.6327490980893,0.9470138031079267,22.50110464710046,0.9280519952486405,analysis_outputs/visual_example_search/raw_results/best_model/postcard/ai-5-m-22/best_model.png,ai-5-m-22,-527227.1257056457,analysis_outputs/visual_example_search/raw_results/best_model/postcard/ai-5-m-22/t_label.png
157.3352578225383,0.9870037224449031,25.06305250225834,0.9324640640278493,analysis_outputs/visual_example_search/raw_results/baseline_model/objects/5-Focus-27-m/baseline_model.png,527.4475001552804,0.0024535880149214595,-0.8816139272036523,0.0044085202456736194,objects,analysis_outputs/visual_example_search/raw_results/best_model/objects/5-Focus-27-m/m_input.png,684.7827579778187,0.9894573104598245,24.18143857505469,0.9368725842735229,analysis_outputs/visual_example_search/raw_results/best_model/objects/5-Focus-27-m/best_model.png,5-Focus-27-m,-527456.438613155,analysis_outputs/visual_example_search/raw_results/best_model/objects/5-Focus-27-m/t_label.png
137.61552601295932,0.9367468642705733,22.65599305370542,0.9276913714021472,analysis_outputs/visual_example_search/raw_results/baseline_model/postcard/he-5-m-11/baseline_model.png,535.474794513701,-0.010931963221999963,-1.4012194100263073,-0.010902740045578563,postcard,analysis_outputs/visual_example_search/raw_results/best_model/postcard/he-5-m-11/m_input.png,673.0903205266603,0.9258149010485733,21.254773643679112,0.9167886313565686,analysis_outputs/visual_example_search/raw_results/best_model/postcard/he-5-m-11/best_model.png,he-5-m-11,-535490.0379955523,analysis_outputs/visual_example_search/raw_results/best_model/postcard/he-5-m-11/t_label.png
569.1420197706275,0.9368723427078108,20.786572708435738,0.8712726796351798,analysis_outputs/visual_example_search/raw_results/baseline_model/postcard/ab-5-m-22/baseline_model.png,567.3426338597428,-0.005539722401834646,-1.772792029180831,-0.014264891207829367,postcard,analysis_outputs/visual_example_search/raw_results/best_model/postcard/ab-5-m-22/m_input.png,1136.4846536303703,0.9313326203059762,19.013780679254907,0.8570077884273505,analysis_outputs/visual_example_search/raw_results/best_model/postcard/ab-5-m-22/best_model.png,ab-5-m-22,-567361.6458721873,analysis_outputs/visual_example_search/raw_results/best_model/postcard/ab-5-m-22/t_label.png
11.160031802014153,0.9694709502150375,25.280978662878805,0.8600715819597822,analysis_outputs/visual_example_search/raw_results/baseline_model/objects/1-Focus-22-m/baseline_model.png,590.3638994872797,-0.00011990122210070453,-0.11433898753724492,-0.0008927017296808115,objects,analysis_outputs/visual_example_search/raw_results/best_model/objects/1-Focus-22-m/m_input.png,601.5239312892938,0.9693510489929368,25.16663967534156,0.8591788802301014,analysis_outputs/visual_example_search/raw_results/best_model/objects/1-Focus-22-m/best_model.png,1-Focus-22-m,-590365.1164312543,analysis_outputs/visual_example_search/raw_results/best_model/objects/1-Focus-22-m/t_label.png
21.975240878884176,0.9643524673260714,24.558542186459203,0.8429871929918624,analysis_outputs/visual_example_search/raw_results/baseline_model/objects/1-Thick-3-m/baseline_model.png,639.7318898031501,-0.0012183127407808803,-0.13675061841726333,-0.0010481099965250484,objects,analysis_outputs/visual_example_search/raw_results/best_model/objects/1-Thick-3-m/m_input.png,661.7071306820343,0.9631341545852905,24.42179156804194,0.8419390829953374,analysis_outputs/visual_example_search/raw_results/best_model/objects/1-Thick-3-m/best_model.png,1-Thick-3-m,-639733.3822176695,analysis_outputs/visual_example_search/raw_results/best_model/objects/1-Thick-3-m/t_label.png
223.14741514852935,0.99047334855322,27.697221670934866,0.9512108537670124,analysis_outputs/visual_example_search/raw_results/baseline_model/objects/4-Focus-19-m/baseline_model.png,642.6238978966927,-0.0003933480780810017,-0.8568845031276631,-0.004220199874019226,objects,analysis_outputs/visual_example_search/raw_results/best_model/objects/4-Focus-19-m/m_input.png,865.7713130452221,0.990080000475139,26.840337167807203,0.9469906538929932,analysis_outputs/visual_example_search/raw_results/best_model/objects/4-Focus-19-m/best_model.png,4-Focus-19-m,-642632.91384407,analysis_outputs/visual_example_search/raw_results/best_model/objects/4-Focus-19-m/t_label.png
597.1645146730986,0.988664618698921,24.78903563402834,0.8949905119226412,analysis_outputs/visual_example_search/raw_results/baseline_model/objects/3-Focus-16-m/baseline_model.png,663.6909045101555,0.0001711073029708743,-1.2097758726287324,-0.007309090205064317,objects,analysis_outputs/visual_example_search/raw_results/best_model/objects/3-Focus-16-m/m_input.png,1260.855419183254,0.9888357260018918,23.57925976139961,0.8876814217175769,analysis_outputs/visual_example_search/raw_results/best_model/objects/3-Focus-16-m/best_model.png,3-Focus-16-m,-663703.6570679806,analysis_outputs/visual_example_search/raw_results/best_model/objects/3-Focus-16-m/t_label.png
561.885389116441,0.9891766950972972,25.318197834227345,0.8970361808051885,analysis_outputs/visual_example_search/raw_results/baseline_model/objects/3-Focus-22-m/baseline_model.png,670.5865879285855,0.00041205029069957266,-1.2649627565768746,-0.007100326057369544,objects,analysis_outputs/visual_example_search/raw_results/best_model/objects/3-Focus-22-m/m_input.png,1232.4719770450265,0.9895887453879968,24.05323507765047,0.889935854747819,analysis_outputs/visual_example_search/raw_results/best_model/objects/3-Focus-22-m/best_model.png,3-Focus-22-m,-670599.8974205581,analysis_outputs/visual_example_search/raw_results/best_model/objects/3-Focus-22-m/t_label.png
74.72994270148367,0.9602077272707132,20.653827152756552,0.8652371240572087,analysis_outputs/visual_example_search/raw_results/baseline_model/postcard/ha-5-m-22/baseline_model.png,694.1003872135802,0.004345111414194469,3.732623818344308,0.02921602628885478,postcard,analysis_outputs/visual_example_search/raw_results/best_model/postcard/ha-5-m-22/m_input.png,768.8303299150639,0.9645528386849077,24.38645097110086,0.8944531503460634,analysis_outputs/visual_example_search/raw_results/best_model/postcard/ha-5-m-22/best_model.png,ha-5-m-22,-694098.3039771982,analysis_outputs/visual_example_search/raw_results/best_model/postcard/ha-5-m-22/t_label.png
58.21135622944633,0.9379902164098283,21.78373685539476,0.8717839209405683,analysis_outputs/visual_example_search/raw_results/baseline_model/postcard/ab-5-m-32/baseline_model.png,695.7016434571084,-0.006281159720145757,-2.70732044745672,-0.018582442717430148,postcard,analysis_outputs/visual_example_search/raw_results/best_model/postcard/ab-5-m-32/m_input.png,753.9129996865547,0.9317090566896825,19.07641640793804,0.8532014782231382,analysis_outputs/visual_example_search/raw_results/best_model/postcard/ab-5-m-32/best_model.png,ab-5-m-32,-695730.4893278175,analysis_outputs/visual_example_search/raw_results/best_model/postcard/ab-5-m-32/t_label.png
949.7806348521977,0.939299518485659,20.247905379849794,0.8786092568056302,analysis_outputs/visual_example_search/raw_results/baseline_model/postcard/ab-5-m-13/baseline_model.png,696.3234902143671,-0.014288923321857827,-0.9971627439952613,-0.029905203837236494,postcard,analysis_outputs/visual_example_search/raw_results/best_model/postcard/ab-5-m-13/m_input.png,1646.1041250665648,0.9250105951638011,19.250742635854532,0.8487040529683937,analysis_outputs/visual_example_search/raw_results/best_model/postcard/ab-5-m-13/best_model.png,ab-5-m-13,-696335.3410238388,analysis_outputs/visual_example_search/raw_results/best_model/postcard/ab-5-m-13/t_label.png
119.34538139564043,0.9461750815796798,24.1518128788518,0.8166839387755399,analysis_outputs/visual_example_search/raw_results/baseline_model/postcard/be-5-m-22/baseline_model.png,733.5689370892397,0.0013297022163529792,0.0324647066470618,0.02885192906303735,postcard,analysis_outputs/visual_example_search/raw_results/best_model/postcard/be-5-m-22/m_input.png,852.9143184848801,0.9475047837960328,24.18427758549886,0.8455358678385773,analysis_outputs/visual_example_search/raw_results/best_model/postcard/be-5-m-22/best_model.png,be-5-m-22,-733568.1717268889,analysis_outputs/visual_example_search/raw_results/best_model/postcard/be-5-m-22/t_label.png
1327.8045667715112,0.9491824858665008,19.75409998760865,0.9217516115137715,analysis_outputs/visual_example_search/raw_results/baseline_model/wild/50-m/baseline_model.png,735.3216277687236,0.01657923311177012,-0.5203317275775667,0.004132272667976555,wild,analysis_outputs/visual_example_search/raw_results/best_model/wild/50-m/m_input.png,2063.126194540235,0.9657617189782709,19.233768260031084,0.925883884181748,analysis_outputs/visual_example_search/raw_results/best_model/wild/50-m/best_model.png,50-m,-735326.4867422641,analysis_outputs/visual_example_search/raw_results/best_model/wild/50-m/t_label.png
404.8699365321056,0.9497489529507722,20.646870607875314,0.8123824047941143,analysis_outputs/visual_example_search/raw_results/baseline_model/postcard/ba-5-m-27/baseline_model.png,776.0771975943569,0.026952273364071355,4.737561545339943,0.08001579364858713,postcard,analysis_outputs/visual_example_search/raw_results/best_model/postcard/ba-5-m-27/m_input.png,1180.9471341264625,0.9767012263148436,25.384432153215258,0.8923981984427014,analysis_outputs/visual_example_search/raw_results/best_model/postcard/ba-5-m-27/best_model.png,ba-5-m-27,-776072.9442054998,analysis_outputs/visual_example_search/raw_results/best_model/postcard/ba-5-m-27/t_label.png
21.81541408516831,0.9288160483970239,21.215568645045565,0.907466384467054,analysis_outputs/visual_example_search/raw_results/baseline_model/postcard/ai-5-m-11/baseline_model.png,780.010309125263,0.015754482939968173,1.200321627232885,0.020522966008667543,postcard,analysis_outputs/visual_example_search/raw_results/best_model/postcard/ai-5-m-11/m_input.png,801.8257232104313,0.9445705313369921,22.41589027227845,0.9279893504757215,analysis_outputs/visual_example_search/raw_results/best_model/postcard/ai-5-m-11/best_model.png,ai-5-m-11,-780009.0020818302,analysis_outputs/visual_example_search/raw_results/best_model/postcard/ai-5-m-11/t_label.png
22.81626117163131,0.9329776001414488,21.510787384282537,0.9103060152078918,analysis_outputs/visual_example_search/raw_results/baseline_model/postcard/ai-5-m-16/baseline_model.png,828.8708873372095,0.01310887699349439,1.0622740889810807,0.019361126782077465,postcard,analysis_outputs/visual_example_search/raw_results/best_model/postcard/ai-5-m-16/m_input.png,851.6871485088409,0.9460864771349432,22.573061473263618,0.9296671419899692,analysis_outputs/visual_example_search/raw_results/best_model/postcard/ai-5-m-16/best_model.png,ai-5-m-16,-828869.7214957521,analysis_outputs/visual_example_search/raw_results/best_model/postcard/ai-5-m-16/t_label.png
1882.1920165056815,0.9896454058763317,30.90459028789275,0.9689429537580564,analysis_outputs/visual_example_search/raw_results/baseline_model/wild/25s-m/baseline_model.png,873.8055482927182,0.0021981321687200017,0.17771329428355642,-0.0023154663081164095,wild,analysis_outputs/visual_example_search/raw_results/best_model/wild/25s-m/m_input.png,2755.9975647983997,0.9918435380450517,31.082303582176305,0.96662748744994,analysis_outputs/visual_example_search/raw_results/best_model/wild/25s-m/best_model.png,25s-m,-873805.5151429699,analysis_outputs/visual_example_search/raw_results/best_model/wild/25s-m/t_label.png
561.7657901783587,0.9921421899021221,28.487305872681258,0.9589357571418903,analysis_outputs/visual_example_search/raw_results/baseline_model/wild/24-m/baseline_model.png,875.7014647176707,-0.0011529556588931733,0.28545149458820873,0.0024926152428355053,wild,analysis_outputs/visual_example_search/raw_results/best_model/wild/24-m/m_input.png,1437.4672548960293,0.9909892342432289,28.772757367269467,0.9614283723847258,analysis_outputs/visual_example_search/raw_results/best_model/wild/24-m/best_model.png,24-m,-875701.3476052395,analysis_outputs/visual_example_search/raw_results/best_model/wild/24-m/t_label.png
172.77655345661617,0.9506998733120801,23.703015838660416,0.8446009983850061,analysis_outputs/visual_example_search/raw_results/baseline_model/postcard/be-5-m-19/baseline_model.png,900.0197489236454,0.003066086557308001,1.1576659929192985,0.03817714401760419,postcard,analysis_outputs/visual_example_search/raw_results/best_model/postcard/be-5-m-19/m_input.png,1072.7963023802615,0.9537659598693881,24.860681831579715,0.8827781424026103,analysis_outputs/visual_example_search/raw_results/best_model/postcard/be-5-m-19/best_model.png,be-5-m-19,-900018.3319542167,analysis_outputs/visual_example_search/raw_results/best_model/postcard/be-5-m-19/t_label.png
69.74068575290927,0.9373760835891968,21.296626181820063,0.8607974943077853,analysis_outputs/visual_example_search/raw_results/baseline_model/postcard/ab-10-m-3/baseline_model.png,903.4792037306983,-0.012160134496699504,-3.804100195911012,-0.026167007821447097,postcard,analysis_outputs/visual_example_search/raw_results/best_model/postcard/ab-10-m-3/m_input.png,973.2198894836075,0.9252159490924973,17.49252598590905,0.8346304864863382,analysis_outputs/visual_example_search/raw_results/best_model/postcard/ab-10-m-3/best_model.png,ab-10-m-3,-903519.8542160371,analysis_outputs/visual_example_search/raw_results/best_model/postcard/ab-10-m-3/t_label.png
52.78996027443123,0.959075002312486,18.327551767231043,0.8621302293397806,analysis_outputs/visual_example_search/raw_results/baseline_model/postcard/ha-5-m-11/baseline_model.png,949.8590730025703,0.006647294696982775,4.819919316078156,0.04393888183910699,postcard,analysis_outputs/visual_example_search/raw_results/best_model/postcard/ha-5-m-11/m_input.png,1002.6490332770015,0.9657222970094688,23.1474710833092,0.9060691111788876,analysis_outputs/visual_example_search/raw_results/best_model/postcard/ha-5-m-11/best_model.png,ha-5-m-11,-949856.2017083849,analysis_outputs/visual_example_search/raw_results/best_model/postcard/ha-5-m-11/t_label.png
273.7554568985914,0.9549204482912386,22.739251235269062,0.9334310924911154,analysis_outputs/visual_example_search/raw_results/baseline_model/wild/35-m/baseline_model.png,956.5973054557633,0.013481135350220108,2.036072223909457,0.010356275773671264,wild,analysis_outputs/visual_example_search/raw_results/best_model/wild/35-m/m_input.png,1230.3527623543546,0.9684015836414587,24.77532345917852,0.9437873682647867,analysis_outputs/visual_example_search/raw_results/best_model/wild/35-m/best_model.png,35-m,-956596.0308297438,analysis_outputs/visual_example_search/raw_results/best_model/wild/35-m/t_label.png
1160.1175376351407,0.9884866467513019,29.195887484947693,0.9736997750532211,analysis_outputs/visual_example_search/raw_results/baseline_model/wild/23s-m/baseline_model.png,979.551843407754,0.0037986939057977898,1.2876286082433346,0.004435034976399854,wild,analysis_outputs/visual_example_search/raw_results/best_model/wild/23s-m/m_input.png,2139.6693810428947,0.9922853406570997,30.483516093191028,0.978134810029621,analysis_outputs/visual_example_search/raw_results/best_model/wild/23s-m/best_model.png,23s-m,-979551.2083549958,analysis_outputs/visual_example_search/raw_results/best_model/wild/23s-m/t_label.png
133.7269017578409,0.9495372204709156,20.72125944828876,0.8171078254563261,analysis_outputs/visual_example_search/raw_results/baseline_model/postcard/ba-3-m-32/baseline_model.png,989.9062027153542,0.025302551005490503,4.825377412636346,0.06403451261289361,postcard,analysis_outputs/visual_example_search/raw_results/best_model/postcard/ba-3-m-32/m_input.png,1123.633104473195,0.9748397714764061,25.546636860925105,0.8811423380692197,analysis_outputs/visual_example_search/raw_results/best_model/postcard/ba-3-m-32/best_model.png,ba-3-m-32,-989902.3608296261,analysis_outputs/visual_example_search/raw_results/best_model/postcard/ba-3-m-32/t_label.png
72.00201931450272,0.9595539326755064,19.190437433345522,0.8627662145817352,analysis_outputs/visual_example_search/raw_results/baseline_model/postcard/ha-5-m-16/baseline_model.png,1031.6759356666753,0.005325102799558001,4.6009724176105244,0.03753398626058857,postcard,analysis_outputs/visual_example_search/raw_results/best_model/postcard/ha-5-m-16/m_input.png,1103.677954981178,0.9648790354750644,23.791409850956047,0.9003002008423238,analysis_outputs/visual_example_search/raw_results/best_model/postcard/ha-5-m-16/best_model.png,ha-5-m-16,-1031673.3305319763,analysis_outputs/visual_example_search/raw_results/best_model/postcard/ha-5-m-16/t_label.png
54.16695482994406,0.9356528788059181,21.69386337098273,0.871824174309373,analysis_outputs/visual_example_search/raw_results/baseline_model/postcard/ab-3-m-32/baseline_model.png,1246.1563704921978,-0.007905215045678982,-2.594825205197427,-0.020772189793617835,postcard,analysis_outputs/visual_example_search/raw_results/best_model/postcard/ab-3-m-32/m_input.png,1300.3233253221417,0.9277476637602391,19.099038165785302,0.8510519845157551,analysis_outputs/visual_example_search/raw_results/best_model/postcard/ab-3-m-32/best_model.png,ab-3-m-32,-1246184.1873951543,analysis_outputs/visual_example_search/raw_results/best_model/postcard/ab-3-m-32/t_label.png
94.41742534283699,0.9653245379847404,24.643499475016696,0.938652274524476,analysis_outputs/visual_example_search/raw_results/baseline_model/wild/96-m/baseline_model.png,1252.7583750759502,-0.015351333662042776,0.21351157569603174,0.0006780067142962976,wild,analysis_outputs/visual_example_search/raw_results/best_model/wild/96-m/m_input.png,1347.1758004187873,0.9499732043226976,24.857011050712728,0.9393302812387723,analysis_outputs/visual_example_search/raw_results/best_model/wild/96-m/best_model.png,96-m,-1252758.8242519354,analysis_outputs/visual_example_search/raw_results/best_model/wild/96-m/t_label.png
256.4599730893755,0.9571127992023405,24.206957204742547,0.887939326139183,analysis_outputs/visual_example_search/raw_results/baseline_model/postcard/be-5-m-16/baseline_model.png,1265.1843795151665,-0.004412525918543131,0.9039995227335069,0.010815888163311915,postcard,analysis_outputs/visual_example_search/raw_results/best_model/postcard/be-5-m-16/m_input.png,1521.644352604542,0.9527002732837974,25.110956727476054,0.8987552143024949,analysis_outputs/visual_example_search/raw_results/best_model/postcard/be-5-m-16/best_model.png,be-5-m-16,-1265183.9622231952,analysis_outputs/visual_example_search/raw_results/best_model/postcard/be-5-m-16/t_label.png
142.65758919136826,0.9549253009601567,20.280780528822216,0.8330433401030651,analysis_outputs/visual_example_search/raw_results/baseline_model/postcard/ia-10-m-3/baseline_model.png,1468.6109771421727,0.006872407801478464,4.425653461464783,0.04609328787141287,postcard,analysis_outputs/visual_example_search/raw_results/best_model/postcard/ia-10-m-3/m_input.png,1611.268566333541,0.9617977087616352,24.706433990287,0.879136627974478,analysis_outputs/visual_example_search/raw_results/best_model/postcard/ia-10-m-3/best_model.png,ia-10-m-3,-1468608.1777819602,analysis_outputs/visual_example_search/raw_results/best_model/postcard/ia-10-m-3/t_label.png
1353.5285036631926,0.9947339122301422,30.199958914737454,0.9718315823869306,analysis_outputs/visual_example_search/raw_results/baseline_model/wild/45-m/baseline_model.png,1620.8824806366883,0.0009447022261838134,-0.687689630610766,-0.00014942128644845898,wild,analysis_outputs/visual_example_search/raw_results/best_model/wild/45-m/m_input.png,2974.410984299881,0.995678614456326,29.51226928412669,0.9716821611004821,analysis_outputs/visual_example_search/raw_results/best_model/wild/45-m/best_model.png,45-m,-1620889.5683750608,analysis_outputs/visual_example_search/raw_results/best_model/wild/45-m/t_label.png
67.0068802692023,0.9617826127730071,21.122802781777164,0.8331488974222679,analysis_outputs/visual_example_search/raw_results/baseline_model/postcard/ia-5-m-19/baseline_model.png,1826.6295108020922,0.0038870503979061555,3.9639302066186453,0.06839791469160217,postcard,analysis_outputs/visual_example_search/raw_results/best_model/postcard/ia-5-m-19/m_input.png,1893.6363910712946,0.9656696631709133,25.08673298839581,0.9015468121138701,analysis_outputs/visual_example_search/raw_results/best_model/postcard/ia-5-m-19/best_model.png,ia-5-m-19,-1826626.3823678961,analysis_outputs/visual_example_search/raw_results/best_model/postcard/ia-5-m-19/t_label.png
52.73256091853948,0.9595378296343752,20.02136652066219,0.8280974441647689,analysis_outputs/visual_example_search/raw_results/baseline_model/postcard/ia-5-m-32/baseline_model.png,1975.8086848747141,0.0033492633253419113,4.79140914946877,0.06094777409303642,postcard,analysis_outputs/visual_example_search/raw_results/best_model/postcard/ia-5-m-32/m_input.png,2028.5412457932537,0.9628870929597171,24.81277567013096,0.8890452182578054,analysis_outputs/visual_example_search/raw_results/best_model/postcard/ia-5-m-32/best_model.png,ia-5-m-32,-1975805.4803123956,analysis_outputs/visual_example_search/raw_results/best_model/postcard/ia-5-m-32/t_label.png
538.9285276978948,0.9610942036947606,25.97497580458642,0.930212139859453,analysis_outputs/visual_example_search/raw_results/baseline_model/postcard/be-5-m-11/baseline_model.png,2606.179970763613,-0.004960481797242622,-0.09118186831778985,-0.0022073018287297463,postcard,analysis_outputs/visual_example_search/raw_results/best_model/postcard/be-5-m-11/m_input.png,3145.1084984615077,0.956133721897518,25.88379393626863,0.9280048380307232,analysis_outputs/visual_example_search/raw_results/best_model/postcard/be-5-m-11/best_model.png,be-5-m-11,-2606181.163848679,analysis_outputs/visual_example_search/raw_results/best_model/postcard/be-5-m-11/t_label.png
112.57052280887879,0.9642688008176997,18.501439432075568,0.8502335503006685,analysis_outputs/visual_example_search/raw_results/baseline_model/postcard/ia-5-m-11/baseline_model.png,2872.2479023273986,0.003407669192734053,5.967830006817209,0.06696166974399309,postcard,analysis_outputs/visual_example_search/raw_results/best_model/postcard/ia-5-m-11/m_input.png,2984.8184251362773,0.9676764700104338,24.469269438892777,0.9171952200446616,analysis_outputs/visual_example_search/raw_results/best_model/postcard/ia-5-m-11/best_model.png,ia-5-m-11,-2872244.1538172564,analysis_outputs/visual_example_search/raw_results/best_model/postcard/ia-5-m-11/t_label.png
610.891793573494,0.9491848128432858,25.016805278480778,0.940339915968449,analysis_outputs/visual_example_search/raw_results/baseline_model/wild/28-m/baseline_model.png,3158.4408290055326,0.014458080265745465,-0.06809644658442338,0.008766629540608473,wild,analysis_outputs/visual_example_search/raw_results/best_model/wild/28-m/m_input.png,3769.3326225790265,0.9636428931090313,24.948708831896354,0.9491065455090575,analysis_outputs/visual_example_search/raw_results/best_model/wild/28-m/best_model.png,28-m,-3158440.9520510687,analysis_outputs/visual_example_search/raw_results/best_model/wild/28-m/t_label.png
4824.661387166339,0.994499029483224,31.44325829249283,0.9753119289112021,analysis_outputs/visual_example_search/raw_results/baseline_model/wild/60s-m/baseline_model.png,3170.28074446921,-7.423034355147351e-05,-1.3135463590560086,-0.0008092565147020947,wild,analysis_outputs/visual_example_search/raw_results/best_model/wild/60s-m/m_input.png,7994.942131635549,0.9944247991396725,30.12971193343682,0.9745026723965,analysis_outputs/visual_example_search/raw_results/best_model/wild/60s-m/best_model.png,60s-m,-3170294.348703627,analysis_outputs/visual_example_search/raw_results/best_model/wild/60s-m/t_label.png
71.48202444693653,0.9604478386003631,19.998305674818635,0.8348029014296312,analysis_outputs/visual_example_search/raw_results/baseline_model/postcard/ia-5-m-22/baseline_model.png,3180.118948579104,0.002835800522479448,4.682116664696984,0.060423007454725064,postcard,analysis_outputs/visual_example_search/raw_results/best_model/postcard/ia-5-m-22/m_input.png,3251.6009730260407,0.9632836391228425,24.68042233951562,0.8952259088843563,analysis_outputs/visual_example_search/raw_results/best_model/postcard/ia-5-m-22/best_model.png,ia-5-m-22,-3180115.8064033496,analysis_outputs/visual_example_search/raw_results/best_model/postcard/ia-5-m-22/t_label.png
73.46124957091239,0.9578455680043186,19.437238175342642,0.8270011391039839,analysis_outputs/visual_example_search/raw_results/baseline_model/postcard/ia-3-m-32/baseline_model.png,3191.5135941771628,0.004590637081472004,5.225372546514649,0.06365847725482299,postcard,analysis_outputs/visual_example_search/raw_results/best_model/postcard/ia-3-m-32/m_input.png,3264.9748437480753,0.9624362050857906,24.66261072185729,0.8906596163588069,analysis_outputs/visual_example_search/raw_results/best_model/postcard/ia-3-m-32/best_model.png,ia-3-m-32,-3191510.1461584554,analysis_outputs/visual_example_search/raw_results/best_model/postcard/ia-3-m-32/t_label.png
1437.5400886282719,0.9744104107636805,24.766537488026444,0.9577805211291794,analysis_outputs/visual_example_search/raw_results/baseline_model/wild/44s-m/baseline_model.png,3936.8946654153046,0.011690468269481169,1.8540801391703177,0.01228620192851837,wild,analysis_outputs/visual_example_search/raw_results/best_model/wild/44s-m/m_input.png,5374.4347540435765,0.9861008790331617,26.62061762719676,0.9700667230576978,analysis_outputs/visual_example_search/raw_results/best_model/wild/44s-m/best_model.png,44s-m,-3936893.4479718367,analysis_outputs/visual_example_search/raw_results/best_model/wild/44s-m/t_label.png
57.89020926589645,0.9615399406236993,20.752976311379673,0.8300176959905982,analysis_outputs/visual_example_search/raw_results/baseline_model/postcard/ia-5-m-27/baseline_model.png,4197.149893322844,0.002198910930036324,4.15351176718638,0.06321480844640592,postcard,analysis_outputs/visual_example_search/raw_results/best_model/postcard/ia-5-m-27/m_input.png,4255.04010258874,0.9637388515537356,24.906488078566053,0.8932325044370041,analysis_outputs/visual_example_search/raw_results/best_model/postcard/ia-5-m-27/best_model.png,ia-5-m-27,-4197146.873475937,analysis_outputs/visual_example_search/raw_results/best_model/postcard/ia-5-m-27/t_label.png
6288.55909806192,0.9674725867027335,25.51027221679991,0.9608173196788607,analysis_outputs/visual_example_search/raw_results/baseline_model/wild/49-m/baseline_model.png,4282.270203777296,0.01223803779606536,-0.5290597835677531,0.002905840785507152,wild,analysis_outputs/visual_example_search/raw_results/best_model/wild/49-m/m_input.png,10570.829301839216,0.9797106244987989,24.981212433232155,0.9637231604643679,analysis_outputs/visual_example_search/raw_results/best_model/wild/49-m/best_model.png,49-m,-4282275.292131429,analysis_outputs/visual_example_search/raw_results/best_model/wild/49-m/t_label.png
18.573530152879876,0.9557452592241923,19.14075373646254,0.8521826550489857,analysis_outputs/visual_example_search/raw_results/baseline_model/postcard/ha-5-m-32/baseline_model.png,4445.776435456796,0.0058198341217094995,4.603193718438469,0.035916580549331556,postcard,analysis_outputs/visual_example_search/raw_results/best_model/postcard/ha-5-m-32/m_input.png,4464.3499656096765,0.9615650933459018,23.743947454901008,0.8880992355983173,analysis_outputs/visual_example_search/raw_results/best_model/postcard/ha-5-m-32/best_model.png,ha-5-m-32,-4445773.8576485235,analysis_outputs/visual_example_search/raw_results/best_model/postcard/ha-5-m-32/t_label.png
66.68092908774916,0.963869799593985,19.912238398030023,0.8459426460169785,analysis_outputs/visual_example_search/raw_results/baseline_model/postcard/ia-5-m-16/baseline_model.png,4461.871480881732,0.0024780591407321806,4.91251374793298,0.06088986750267045,postcard,analysis_outputs/visual_example_search/raw_results/best_model/postcard/ia-5-m-16/m_input.png,4528.552409969481,0.9663478587347172,24.824752145963004,0.906832513519649,analysis_outputs/visual_example_search/raw_results/best_model/postcard/ia-5-m-16/best_model.png,ia-5-m-16,-4461868.259178983,analysis_outputs/visual_example_search/raw_results/best_model/postcard/ia-5-m-16/t_label.png
16.206265769096685,0.97278472601372,26.1043697333029,0.8782100877018113,analysis_outputs/visual_example_search/raw_results/baseline_model/objects/1-Focus-13-m/baseline_model.png,4966.784046208926,-0.003127868224245156,-0.7231925840300271,-0.013029958673945963,objects,analysis_outputs/visual_example_search/raw_results/best_model/objects/1-Focus-13-m/m_input.png,4982.990311978023,0.9696568577894749,25.381177149272872,0.8651801290278653,analysis_outputs/visual_example_search/raw_results/best_model/objects/1-Focus-13-m/best_model.png,1-Focus-13-m,-4966792.084722903,analysis_outputs/visual_example_search/raw_results/best_model/objects/1-Focus-13-m/t_label.png
89.26868585305553,0.9659849920206856,20.183642479667807,0.8506597492835802,analysis_outputs/visual_example_search/raw_results/baseline_model/postcard/ia-5-m-13/baseline_model.png,5399.9021870296965,0.001633249369664691,4.760726671839244,0.06204680566552101,postcard,analysis_outputs/visual_example_search/raw_results/best_model/postcard/ia-5-m-13/m_input.png,5489.170872882752,0.9676182413903502,24.94436915150705,0.9127065549491012,analysis_outputs/visual_example_search/raw_results/best_model/postcard/ia-5-m-13/best_model.png,ia-5-m-13,-5399899.008119429,analysis_outputs/visual_example_search/raw_results/best_model/postcard/ia-5-m-13/t_label.png
1185.916814484355,0.9837783033619624,25.130789696889376,0.945286951250147,analysis_outputs/visual_example_search/raw_results/baseline_model/wild/109-m/baseline_model.png,5709.234310443881,0.0026737365660337575,0.49672628526131746,-0.001985364225135844,wild,analysis_outputs/visual_example_search/raw_results/best_model/wild/109-m/m_input.png,6895.151124928237,0.9864520399279961,25.627515982150694,0.9433015870250111,analysis_outputs/visual_example_search/raw_results/best_model/wild/109-m/best_model.png,109-m,-5709234.147512787,analysis_outputs/visual_example_search/raw_results/best_model/wild/109-m/t_label.png
2172.8196773987247,0.9878943567285315,28.679001329609928,0.9603517982944446,analysis_outputs/visual_example_search/raw_results/baseline_model/ceilnet_table2/2011_000145/baseline_model.png,6004.325677254626,0.0041717916950783085,1.4865020819680126,0.009557272201891509,ceilnet_table2,analysis_outputs/visual_example_search/raw_results/best_model/ceilnet_table2/2011_000145/m_input.png,8177.14535465335,0.9920661484236099,30.16550341157794,0.9699090704963361,analysis_outputs/visual_example_search/raw_results/best_model/ceilnet_table2/2011_000145/best_model.png,2011_000145,-6004324.838527334,analysis_outputs/visual_example_search/raw_results/best_model/ceilnet_table2/2011_000145/t_label.png
16.683675945993862,0.9743460255696919,26.506758684237628,0.8882059516210731,analysis_outputs/visual_example_search/raw_results/baseline_model/objects/1-Focus-11-m/baseline_model.png,7815.2004031572,-0.004128507350206423,-1.0357365959334786,-0.0207634349554362,objects,analysis_outputs/visual_example_search/raw_results/best_model/objects/1-Focus-11-m/m_input.png,7831.8840791031935,0.9702175182194854,25.47102208830415,0.8674425166656369,analysis_outputs/visual_example_search/raw_results/best_model/objects/1-Focus-11-m/best_model.png,1-Focus-11-m,-7815211.976986672,analysis_outputs/visual_example_search/raw_results/best_model/objects/1-Focus-11-m/t_label.png
64.48852681476077,0.9869647780257157,24.063598628100934,0.9563981751040496,analysis_outputs/visual_example_search/raw_results/baseline_model/ceilnet_table2/2010_005101/baseline_model.png,13476.384325998479,-0.0044204241196278415,4.49620585788367,0.014217079799003218,ceilnet_table2,analysis_outputs/visual_example_search/raw_results/best_model/ceilnet_table2/2010_005101/m_input.png,13540.87285281324,0.9825443539060879,28.559804485984603,0.9706152549030528,analysis_outputs/visual_example_search/raw_results/best_model/ceilnet_table2/2010_005101/best_model.png,2010_005101,-13476382.626551041,analysis_outputs/visual_example_search/raw_results/best_model/ceilnet_table2/2010_005101/t_label.png
